solid 
 facet normal -4.705775980295e-01 -3.355386393118e-01 8.160701843356e-01
   outer loop
     vertex 4.600000102073e-03 -1.178759956360e+01 2.069999933243e+00
     vertex -1.784199953079e+00 -1.180270004272e+01 1.032299995422e+00
     vertex 0.000000000000e+00 -1.251200008392e+01 1.769500017166e+00
   endloop
 endfacet
 facet normal -4.703586730425e-01 -3.367193873999e-01 -8.157099808404e-01
   outer loop
     vertex -1.784199953079e+00 -1.180270004272e+01 -1.032299995422e+00
     vertex 4.600000102073e-03 -1.178759956360e+01 -2.069999933243e+00
     vertex -1.532400012016e+00 -1.251200008392e+01 -8.847000002861e-01
   endloop
 endfacet
 facet normal 9.399226517356e-01 -3.413874759776e-01 0.000000000000e+00
   outer loop
     vertex 1.802299976349e+00 -1.176889991760e+01 1.037299990654e+00
     vertex 1.532400012016e+00 -1.251200008392e+01 -8.847000002861e-01
     vertex 1.802299976349e+00 -1.176889991760e+01 -1.037299990654e+00
   endloop
 endfacet
 facet normal 4.140213552204e-01 -5.606970042397e-01 7.170810183362e-01
   outer loop
     vertex -3.424000144005e-01 -1.051439952850e+01 3.256500005722e+00
     vertex 1.802299976349e+00 -1.176889991760e+01 1.037299990654e+00
     vertex 2.477799892426e+00 -1.051439952850e+01 1.628200054169e+00
   endloop
 endfacet
 facet normal 4.185264197509e-01 -5.555090639640e-01 -7.185021334863e-01
   outer loop
     vertex 4.600000102073e-03 -1.178759956360e+01 -2.069999933243e+00
     vertex -3.424000144005e-01 -1.051439952850e+01 -3.256500005722e+00
     vertex 1.802299976349e+00 -1.176889991760e+01 -1.037299990654e+00
   endloop
 endfacet
 facet normal -6.828261972707e-01 -7.305808540612e-01 0.000000000000e+00
   outer loop
     vertex -1.784199953079e+00 -1.180270004272e+01 -1.032299995422e+00
     vertex -1.784199953079e+00 -1.180270004272e+01 1.032299995422e+00
     vertex -3.162600040436e+00 -1.051439952850e+01 1.628200054169e+00
   endloop
 endfacet
 facet normal 5.000290153476e-01 0.000000000000e+00 8.660086511176e-01
   outer loop
     vertex 1.532400012016e+00 -1.251200008392e+01 8.847000002861e-01
     vertex 0.000000000000e+00 -1.251200008392e+01 1.769500017166e+00
     vertex 1.532400012016e+00 -1.585529994965e+01 8.847000002861e-01
   endloop
 endfacet
 facet normal 5.000290153476e-01 0.000000000000e+00 -8.660086511176e-01
   outer loop
     vertex 0.000000000000e+00 -1.251200008392e+01 -1.769500017166e+00
     vertex 1.532400012016e+00 -1.251200008392e+01 -8.847000002861e-01
     vertex 0.000000000000e+00 -1.585529994965e+01 -1.769500017166e+00
   endloop
 endfacet
 facet normal -1.000000000000e+00 0.000000000000e+00 0.000000000000e+00
   outer loop
     vertex -1.532400012016e+00 -1.585529994965e+01 8.847000002861e-01
     vertex -1.532400012016e+00 -1.251200008392e+01 8.847000002861e-01
     vertex -1.532400012016e+00 -1.251200008392e+01 -8.847000002861e-01
   endloop
 endfacet
 facet normal 4.902890130232e-01 -1.964136502620e-01 8.491397774804e-01
   outer loop
     vertex 1.532400012016e+00 -1.585529994965e+01 8.847000002861e-01
     vertex 0.000000000000e+00 -1.585529994965e+01 1.769500017166e+00
     vertex 1.419899940491e+00 -1.641670036316e+01 8.198000192642e-01
   endloop
 endfacet
 facet normal 4.902827451872e-01 -1.964762158839e-01 -8.491289221100e-01
   outer loop
     vertex 0.000000000000e+00 -1.585529994965e+01 -1.769500017166e+00
     vertex 1.532400012016e+00 -1.585529994965e+01 -8.847000002861e-01
     vertex 0.000000000000e+00 -1.641670036316e+01 -1.639600038528e+00
   endloop
 endfacet
 facet normal -9.805067178908e-01 -1.964855622456e-01 0.000000000000e+00
   outer loop
     vertex -1.419899940491e+00 -1.641670036316e+01 8.198000192642e-01
     vertex -1.532400012016e+00 -1.585529994965e+01 8.847000002861e-01
     vertex -1.532400012016e+00 -1.585529994965e+01 -8.847000002861e-01
   endloop
 endfacet
 facet normal -4.881427170583e-01 1.365940370616e-01 8.620085595991e-01
   outer loop
     vertex -1.358000040054e-01 -2.303009986877e+01 1.322800040245e+00
     vertex -1.242499947548e+00 -2.291340065002e+01 6.776000261307e-01
     vertex -4.361199855804e+00 -3.933250045776e+01 1.513299942017e+00
   endloop
 endfacet
 facet normal -4.958043130616e-01 4.999320863613e-02 -8.669940958506e-01
   outer loop
     vertex -1.245200037956e+00 -2.295610046387e+01 -6.079999804497e-01
     vertex -1.411000043154e-01 -2.311569976807e+01 -1.248600006104e+00
     vertex -3.275799989700e+00 -3.963639831543e+01 -4.086000025272e-01
   endloop
 endfacet
 facet normal 9.825148342140e-01 -1.861370403136e-01 4.195565837752e-03
   outer loop
     vertex 9.682999849319e-01 -2.318969917297e+01 6.822000145912e-01
     vertex -2.172199964523e+00 -3.974769973755e+01 1.523699998856e+00
     vertex 9.656999707222e-01 -2.323240089417e+01 -6.033999919891e-01
   endloop
 endfacet
 facet normal -4.944154728040e-01 9.074746751713e-02 8.644757008680e-01
   outer loop
     vertex -1.358000040054e-01 -2.303009986877e+01 1.322800040245e+00
     vertex -1.113999962807e+00 -2.188559913635e+01 6.431999802589e-01
     vertex -1.242499947548e+00 -2.291340065002e+01 6.776000261307e-01
   endloop
 endfacet
 facet normal -4.979703049710e-01 3.325190882951e-02 -8.665563374221e-01
   outer loop
     vertex -1.245200037956e+00 -2.295610046387e+01 -6.079999804497e-01
     vertex -1.260000001639e-02 -2.208779907227e+01 -1.282999992371e+00
     vertex -1.411000043154e-01 -2.311569976807e+01 -1.248600006104e+00
   endloop
 endfacet
 facet normal 9.922828580933e-01 -1.239769036353e-01 2.111136922982e-03
   outer loop
     vertex 1.096799969673e+00 -2.216180038452e+01 6.478000283241e-01
     vertex 9.682999849319e-01 -2.318969917297e+01 6.822000145912e-01
     vertex 9.656999707222e-01 -2.323240089417e+01 -6.033999919891e-01
   endloop
 endfacet
 facet normal -9.999977948105e-01 0.000000000000e+00 2.100089080362e-03
   outer loop
     vertex -1.116700053215e+00 -2.192830085754e+01 -6.424999833107e-01
     vertex -1.113999962807e+00 -2.188559913635e+01 6.431999802589e-01
     vertex -1.113999962807e+00 -2.104109954834e+01 6.431999802589e-01
   endloop
 endfacet
 facet normal 4.999797694209e-01 -1.245301654840e-02 -8.659475460723e-01
   outer loop
     vertex 0.000000000000e+00 -2.104109954834e+01 -1.286399960518e+00
     vertex 1.113999962807e+00 -2.104109954834e+01 -6.431999802589e-01
     vertex 1.094200015068e+00 -2.220459938049e+01 -6.378999948502e-01
   endloop
 endfacet
 facet normal 5.000174545655e-01 -2.085339440728e-03 8.660128154302e-01
   outer loop
     vertex 1.113999962807e+00 -2.104109954834e+01 6.431999802589e-01
     vertex 0.000000000000e+00 -2.104109954834e+01 1.286399960518e+00
     vertex -7.300000172108e-03 -2.200239944458e+01 1.288300037384e+00
   endloop
 endfacet
 facet normal -4.869896050379e-01 -2.267155000065e-01 8.434697425764e-01
   outer loop
     vertex 0.000000000000e+00 -1.972699928284e+01 1.639600038528e+00
     vertex -1.419899940491e+00 -1.972699928284e+01 8.198000192642e-01
     vertex -1.113999962807e+00 -2.104109954834e+01 6.431999802589e-01
   endloop
 endfacet
 facet normal -4.869907241261e-01 -2.267058848515e-01 -8.434716808458e-01
   outer loop
     vertex -1.419899940491e+00 -1.972699928284e+01 -8.198000192642e-01
     vertex 0.000000000000e+00 -1.972699928284e+01 -1.639600038528e+00
     vertex 0.000000000000e+00 -2.104109954834e+01 -1.286399960518e+00
   endloop
 endfacet
 facet normal 9.739597234133e-01 -2.267210999636e-01 0.000000000000e+00
   outer loop
     vertex 1.419899940491e+00 -1.972699928284e+01 8.198000192642e-01
     vertex 1.113999962807e+00 -2.104109954834e+01 6.431999802589e-01
     vertex 1.419899940491e+00 -1.972699928284e+01 -8.198000192642e-01
   endloop
 endfacet
 facet normal -5.000093346166e-01 0.000000000000e+00 8.660200143739e-01
   outer loop
     vertex 0.000000000000e+00 -1.641670036316e+01 1.639600038528e+00
     vertex -1.419899940491e+00 -1.641670036316e+01 8.198000192642e-01
     vertex -1.419899940491e+00 -1.972699928284e+01 8.198000192642e-01
   endloop
 endfacet
 facet normal -5.000093346166e-01 0.000000000000e+00 -8.660200143739e-01
   outer loop
     vertex -1.419899940491e+00 -1.641670036316e+01 -8.198000192642e-01
     vertex 0.000000000000e+00 -1.641670036316e+01 -1.639600038528e+00
     vertex 0.000000000000e+00 -1.972699928284e+01 -1.639600038528e+00
   endloop
 endfacet
 facet normal 1.000000000000e+00 -0.000000000000e+00 0.000000000000e+00
   outer loop
     vertex 1.419899940491e+00 -1.972699928284e+01 8.198000192642e-01
     vertex 1.419899940491e+00 -1.641670036316e+01 -8.198000192642e-01
     vertex 1.419899940491e+00 -1.641670036316e+01 8.198000192642e-01
   endloop
 endfacet
 facet normal 5.000093346166e-01 0.000000000000e+00 8.660200143739e-01
   outer loop
     vertex 0.000000000000e+00 -1.641670036316e+01 1.639600038528e+00
     vertex 0.000000000000e+00 -1.972699928284e+01 1.639600038528e+00
     vertex 1.419899940491e+00 -1.972699928284e+01 8.198000192642e-01
   endloop
 endfacet
 facet normal 5.000093346166e-01 0.000000000000e+00 -8.660200143739e-01
   outer loop
     vertex 0.000000000000e+00 -1.641670036316e+01 -1.639600038528e+00
     vertex 1.419899940491e+00 -1.641670036316e+01 -8.198000192642e-01
     vertex 1.419899940491e+00 -1.972699928284e+01 -8.198000192642e-01
   endloop
 endfacet
 facet normal -1.000000000000e+00 0.000000000000e+00 0.000000000000e+00
   outer loop
     vertex -1.419899940491e+00 -1.972699928284e+01 -8.198000192642e-01
     vertex -1.419899940491e+00 -1.641670036316e+01 8.198000192642e-01
     vertex -1.419899940491e+00 -1.641670036316e+01 -8.198000192642e-01
   endloop
 endfacet
 facet normal 4.869907241261e-01 -2.267058848515e-01 8.434716808458e-01
   outer loop
     vertex 1.419899940491e+00 -1.972699928284e+01 8.198000192642e-01
     vertex 0.000000000000e+00 -1.972699928284e+01 1.639600038528e+00
     vertex 0.000000000000e+00 -2.104109954834e+01 1.286399960518e+00
   endloop
 endfacet
 facet normal 4.869896050379e-01 -2.267155000065e-01 -8.434697425764e-01
   outer loop
     vertex 0.000000000000e+00 -1.972699928284e+01 -1.639600038528e+00
     vertex 1.419899940491e+00 -1.972699928284e+01 -8.198000192642e-01
     vertex 1.113999962807e+00 -2.104109954834e+01 -6.431999802589e-01
   endloop
 endfacet
 facet normal -9.739597234133e-01 -2.267210999636e-01 -0.000000000000e+00
   outer loop
     vertex -1.419899940491e+00 -1.972699928284e+01 8.198000192642e-01
     vertex -1.419899940491e+00 -1.972699928284e+01 -8.198000192642e-01
     vertex -1.113999962807e+00 -2.104109954834e+01 -6.431999802589e-01
   endloop
 endfacet
 facet normal -5.000185417671e-01 0.000000000000e+00 8.660146984255e-01
   outer loop
     vertex 0.000000000000e+00 -2.104109954834e+01 1.286399960518e+00
     vertex -1.113999962807e+00 -2.104109954834e+01 6.431999802589e-01
     vertex -1.113999962807e+00 -2.188559913635e+01 6.431999802589e-01
   endloop
 endfacet
 facet normal 9.998822474163e-01 -1.534572584822e-02 0.000000000000e+00
   outer loop
     vertex 1.113999962807e+00 -2.104109954834e+01 6.431999802589e-01
     vertex 1.096799969673e+00 -2.216180038452e+01 6.478000283241e-01
     vertex 1.113999962807e+00 -2.104109954834e+01 -6.431999802589e-01
   endloop
 endfacet
 facet normal -5.000159719409e-01 3.206071963318e-03 -8.660102475760e-01
   outer loop
     vertex -1.113999962807e+00 -2.104109954834e+01 -6.431999802589e-01
     vertex 0.000000000000e+00 -2.104109954834e+01 -1.286399960518e+00
     vertex -1.260000001639e-02 -2.208779907227e+01 -1.282999992371e+00
   endloop
 endfacet
 facet normal 4.979798975747e-01 -3.317534055346e-02 8.665537596656e-01
   outer loop
     vertex -7.300000172108e-03 -2.200239944458e+01 1.288300037384e+00
     vertex -1.358000040054e-01 -2.303009986877e+01 1.322800040245e+00
     vertex 9.682999849319e-01 -2.318969917297e+01 6.822000145912e-01
   endloop
 endfacet
 facet normal 4.943719419276e-01 -9.082668320907e-02 -8.644922768030e-01
   outer loop
     vertex -1.411000043154e-01 -2.311569976807e+01 -1.248600006104e+00
     vertex 1.094200015068e+00 -2.220459938049e+01 -6.378999948502e-01
     vertex 9.656999707222e-01 -2.323240089417e+01 -6.033999919891e-01
   endloop
 endfacet
 facet normal -9.922812519925e-01 1.239910442111e-01 -2.034182795374e-03
   outer loop
     vertex -1.242499947548e+00 -2.291340065002e+01 6.776000261307e-01
     vertex -1.116700053215e+00 -2.192830085754e+01 -6.424999833107e-01
     vertex -1.245200037956e+00 -2.295610046387e+01 -6.079999804497e-01
   endloop
 endfacet
 facet normal 4.958010442891e-01 -5.001777620810e-02 8.669945481634e-01
   outer loop
     vertex 9.682999849319e-01 -2.318969917297e+01 6.822000145912e-01
     vertex -1.358000040054e-01 -2.303009986877e+01 1.322800040245e+00
     vertex -3.263700008392e+00 -3.950799942017e+01 2.160900115967e+00
   endloop
 endfacet
 facet normal 4.881430247696e-01 -1.363676603517e-01 -8.620442265794e-01
   outer loop
     vertex -1.411000043154e-01 -2.311569976807e+01 -1.248600006104e+00
     vertex 9.656999707222e-01 -2.323240089417e+01 -6.033999919891e-01
     vertex -2.178299903870e+00 -3.981190109253e+01 2.389999926090e-01
   endloop
 endfacet
 facet normal -9.824748376670e-01 1.863373373146e-01 -4.646512001722e-03
   outer loop
     vertex -4.361199855804e+00 -3.933250045776e+01 1.513299942017e+00
     vertex -1.245200037956e+00 -2.295610046387e+01 -6.079999804497e-01
     vertex -4.367300033569e+00 -3.939670181274e+01 2.284999936819e-01
   endloop
 endfacet
 facet normal -4.902827451872e-01 -1.964762158839e-01 8.491289221100e-01
   outer loop
     vertex 0.000000000000e+00 -1.585529994965e+01 1.769500017166e+00
     vertex -1.532400012016e+00 -1.585529994965e+01 8.847000002861e-01
     vertex 0.000000000000e+00 -1.641670036316e+01 1.639600038528e+00
   endloop
 endfacet
 facet normal -4.902890130232e-01 -1.964136502620e-01 -8.491397774804e-01
   outer loop
     vertex -1.532400012016e+00 -1.585529994965e+01 -8.847000002861e-01
     vertex 0.000000000000e+00 -1.585529994965e+01 -1.769500017166e+00
     vertex -1.419899940491e+00 -1.641670036316e+01 -8.198000192642e-01
   endloop
 endfacet
 facet normal 9.805067178908e-01 -1.964855622456e-01 0.000000000000e+00
   outer loop
     vertex 1.532400012016e+00 -1.585529994965e+01 8.847000002861e-01
     vertex 1.419899940491e+00 -1.641670036316e+01 -8.198000192642e-01
     vertex 1.532400012016e+00 -1.585529994965e+01 -8.847000002861e-01
   endloop
 endfacet
 facet normal -5.000290153476e-01 0.000000000000e+00 8.660086511176e-01
   outer loop
     vertex 0.000000000000e+00 -1.251200008392e+01 1.769500017166e+00
     vertex -1.532400012016e+00 -1.251200008392e+01 8.847000002861e-01
     vertex 0.000000000000e+00 -1.585529994965e+01 1.769500017166e+00
   endloop
 endfacet
 facet normal -5.000290153476e-01 -0.000000000000e+00 -8.660086511176e-01
   outer loop
     vertex -1.532400012016e+00 -1.251200008392e+01 -8.847000002861e-01
     vertex 0.000000000000e+00 -1.251200008392e+01 -1.769500017166e+00
     vertex -1.532400012016e+00 -1.585529994965e+01 -8.847000002861e-01
   endloop
 endfacet
 facet normal 1.000000000000e+00 0.000000000000e+00 0.000000000000e+00
   outer loop
     vertex 1.532400012016e+00 -1.585529994965e+01 -8.847000002861e-01
     vertex 1.532400012016e+00 -1.251200008392e+01 -8.847000002861e-01
     vertex 1.532400012016e+00 -1.251200008392e+01 8.847000002861e-01
   endloop
 endfacet
 facet normal -3.604657491042e-01 -6.866151429018e-01 6.313668420663e-01
   outer loop
     vertex 4.600000102073e-03 -1.178759956360e+01 2.069999933243e+00
     vertex -3.424000144005e-01 -1.051439952850e+01 3.256500005722e+00
     vertex -1.784199953079e+00 -1.180270004272e+01 1.032299995422e+00
   endloop
 endfacet
 facet normal -3.627202350133e-01 -6.818906119662e-01 -6.351844019056e-01
   outer loop
     vertex 4.600000102073e-03 -1.178759956360e+01 -2.069999933243e+00
     vertex -1.784199953079e+00 -1.180270004272e+01 -1.032299995422e+00
     vertex -3.162600040436e+00 -1.051439952850e+01 -1.628200054169e+00
   endloop
 endfacet
 facet normal 8.804711858920e-01 -4.740996633768e-01 0.000000000000e+00
   outer loop
     vertex 1.802299976349e+00 -1.176889991760e+01 1.037299990654e+00
     vertex 1.802299976349e+00 -1.176889991760e+01 -1.037299990654e+00
     vertex 2.477799892426e+00 -1.051439952850e+01 -1.628200054169e+00
   endloop
 endfacet
 facet normal 4.710029498981e-01 -3.405529454459e-01 -8.137443778825e-01
   outer loop
     vertex 4.600000102073e-03 -1.178759956360e+01 -2.069999933243e+00
     vertex 1.802299976349e+00 -1.176889991760e+01 -1.037299990654e+00
     vertex 0.000000000000e+00 -1.251200008392e+01 -1.769500017166e+00
   endloop
 endfacet
 facet normal -9.423804920680e-01 -3.345429840389e-01 0.000000000000e+00
   outer loop
     vertex -1.532400012016e+00 -1.251200008392e+01 8.847000002861e-01
     vertex -1.784199953079e+00 -1.180270004272e+01 1.032299995422e+00
     vertex -1.784199953079e+00 -1.180270004272e+01 -1.032299995422e+00
   endloop
 endfacet
 facet normal 4.713649687262e-01 -3.384479884363e-01 8.144126873896e-01
   outer loop
     vertex 1.802299976349e+00 -1.176889991760e+01 1.037299990654e+00
     vertex 4.600000102073e-03 -1.178759956360e+01 2.069999933243e+00
     vertex 1.532400012016e+00 -1.251200008392e+01 8.847000002861e-01
   endloop
 endfacet
 facet normal -1.863575878267e-01 -9.812131501265e-01 4.991596416195e-02
   outer loop
     vertex -4.367300033569e+00 -3.939670181274e+01 2.284999936819e-01
     vertex -3.269799947739e+00 -3.957220077515e+01 8.761000037193e-01
     vertex -4.361199855804e+00 -3.933250045776e+01 1.513299942017e+00
   endloop
 endfacet
 facet normal -1.863532721009e-01 -9.812146565027e-01 4.990246328161e-02
   outer loop
     vertex -3.275799989700e+00 -3.963639831543e+01 -4.086000025272e-01
     vertex -2.178299903870e+00 -3.981190109253e+01 2.389999926090e-01
     vertex -3.269799947739e+00 -3.957220077515e+01 8.761000037193e-01
   endloop
 endfacet
 facet normal -1.863411466745e-01 -9.812162707026e-01 4.991600108770e-02
   outer loop
     vertex -3.269799947739e+00 -3.957220077515e+01 8.761000037193e-01
     vertex -2.172199964523e+00 -3.974769973755e+01 1.523699998856e+00
     vertex -3.263700008392e+00 -3.950799942017e+01 2.160900115967e+00
   endloop
 endfacet
 facet normal 0.000000000000e+00 1.000000000000e+00 0.000000000000e+00
   outer loop
     vertex 2.477799892426e+00 -1.051439952850e+01 1.628200054169e+00
     vertex 2.477799892426e+00 -1.051439952850e+01 -1.628200054169e+00
     vertex -3.424000144005e-01 -1.051439952850e+01 0.000000000000e+00
   endloop
 endfacet
 facet normal 0.000000000000e+00 1.000000000000e+00 0.000000000000e+00
   outer loop
     vertex -3.424000144005e-01 -1.051439952850e+01 0.000000000000e+00
     vertex -3.424000144005e-01 -1.051439952850e+01 -3.256500005722e+00
     vertex -3.162600040436e+00 -1.051439952850e+01 -1.628200054169e+00
   endloop
 endfacet
 facet normal 0.000000000000e+00 1.000000000000e+00 0.000000000000e+00
   outer loop
     vertex -3.424000144005e-01 -1.051439952850e+01 3.256500005722e+00
     vertex -3.424000144005e-01 -1.051439952850e+01 0.000000000000e+00
     vertex -3.162600040436e+00 -1.051439952850e+01 1.628200054169e+00
   endloop
 endfacet
 facet normal 0.000000000000e+00 1.000000000000e+00 0.000000000000e+00
   outer loop
     vertex -3.424000144005e-01 -1.051439952850e+01 0.000000000000e+00
     vertex -3.162600040436e+00 -1.051439952850e+01 -1.628200054169e+00
     vertex -3.162600040436e+00 -1.051439952850e+01 1.628200054169e+00
   endloop
 endfacet
 facet normal 0.000000000000e+00 1.000000000000e+00 0.000000000000e+00
   outer loop
     vertex 2.477799892426e+00 -1.051439952850e+01 -1.628200054169e+00
     vertex -3.424000144005e-01 -1.051439952850e+01 -3.256500005722e+00
     vertex -3.424000144005e-01 -1.051439952850e+01 0.000000000000e+00
   endloop
 endfacet
 facet normal 0.000000000000e+00 1.000000000000e+00 0.000000000000e+00
   outer loop
     vertex 2.477799892426e+00 -1.051439952850e+01 1.628200054169e+00
     vertex -3.424000144005e-01 -1.051439952850e+01 0.000000000000e+00
     vertex -3.424000144005e-01 -1.051439952850e+01 3.256500005722e+00
   endloop
 endfacet
 facet normal -1.863433318143e-01 -9.812156588767e-01 4.991987042716e-02
   outer loop
     vertex -3.269799947739e+00 -3.957220077515e+01 8.761000037193e-01
     vertex -2.178299903870e+00 -3.981190109253e+01 2.389999926090e-01
     vertex -2.172199964523e+00 -3.974769973755e+01 1.523699998856e+00
   endloop
 endfacet
 facet normal -1.863499717315e-01 -9.812152824994e-01 4.990247914920e-02
   outer loop
     vertex -4.367300033569e+00 -3.939670181274e+01 2.284999936819e-01
     vertex -3.275799989700e+00 -3.963639831543e+01 -4.086000025272e-01
     vertex -3.269799947739e+00 -3.957220077515e+01 8.761000037193e-01
   endloop
 endfacet
 facet normal -1.863576112208e-01 -9.812131477669e-01 4.991592320480e-02
   outer loop
     vertex -4.361199855804e+00 -3.933250045776e+01 1.513299942017e+00
     vertex -3.269799947739e+00 -3.957220077515e+01 8.761000037193e-01
     vertex -3.263700008392e+00 -3.950799942017e+01 2.160900115967e+00
   endloop
 endfacet
 facet normal 4.683507510294e-03 9.974030231589e-01 7.186984173343e-02
   outer loop
     vertex -2.506000041962e+00 -9.791500091553e+00 -2.472500085831e+00
     vertex -4.679100036621e+00 -9.414799690247e+00 -7.558700084686e+00
     vertex -7.262800216675e+00 -9.530900001526e+00 -5.779099941254e+00
   endloop
 endfacet
 facet normal 2.146433881019e-01 9.615219681738e-01 1.714751313262e-01
   outer loop
     vertex -1.096490001678e+01 -7.827300071716e+00 -1.069769954681e+01
     vertex -9.684499740601e+00 -9.344099998474e+00 -3.795200109482e+00
     vertex -7.262800216675e+00 -9.530900001526e+00 -5.779099941254e+00
   endloop
 endfacet
 facet normal 3.920372411002e-01 8.973769773446e-01 2.025373104453e-01
   outer loop
     vertex -1.366930007935e+01 -5.849899768829e+00 -1.422420024872e+01
     vertex -1.401449966431e+01 -7.339700222015e+00 -6.955200195312e+00
     vertex -1.096490001678e+01 -7.827300071716e+00 -1.069769954681e+01
   endloop
 endfacet
 facet normal 2.237288910824e-01 8.381318498716e-01 4.974740048746e-01
   outer loop
     vertex -1.366930007935e+01 -5.849899768829e+00 -1.422420024872e+01
     vertex -1.116020011902e+01 -4.135200023651e+00 -1.824150085449e+01
     vertex -1.541660022736e+01 -4.056300163269e+00 -1.646019935608e+01
   endloop
 endfacet
 facet normal 8.851676965845e-01 -1.176681023501e-02 4.651233074145e-01
   outer loop
     vertex -1.807929992676e+01 -2.709800004959e+00 -1.135879993439e+01
     vertex -1.541660022736e+01 -4.056300163269e+00 -1.646019935608e+01
     vertex -1.521840000153e+01 6.669999957085e-01 -1.671789932251e+01
   endloop
 endfacet
 facet normal 6.281452253766e-01 7.679636506862e-01 1.251615238851e-01
   outer loop
     vertex -1.366930007935e+01 -5.849899768829e+00 -1.422420024872e+01
     vertex -1.541660022736e+01 -4.056300163269e+00 -1.646019935608e+01
     vertex -1.807929992676e+01 -2.709800004959e+00 -1.135879993439e+01
   endloop
 endfacet
 facet normal 7.530080226700e-01 6.366641633917e-01 1.662457844501e-01
   outer loop
     vertex -1.657110023499e+01 -4.235899925232e+00 -7.261600017548e+00
     vertex -1.401449966431e+01 -7.339700222015e+00 -6.955200195312e+00
     vertex -1.366930007935e+01 -5.849899768829e+00 -1.422420024872e+01
   endloop
 endfacet
 facet normal 3.268026711283e-01 9.339629861048e-01 1.446138123749e-01
   outer loop
     vertex -1.096490001678e+01 -7.827300071716e+00 -1.069769954681e+01
     vertex -1.401449966431e+01 -7.339700222015e+00 -6.955200195312e+00
     vertex -9.684499740601e+00 -9.344099998474e+00 -3.795200109482e+00
   endloop
 endfacet
 facet normal 8.196712433463e-02 9.965727607341e-01 1.114105431199e-02
   outer loop
     vertex -7.262800216675e+00 -9.530900001526e+00 -5.779099941254e+00
     vertex -5.114200115204e+00 -9.771100044250e+00 -1.008000001311e-01
     vertex -3.600100040436e+00 -9.887399673462e+00 -8.373000025749e-01
   endloop
 endfacet
 facet normal 9.546873064561e-03 9.978455582151e-01 6.490839056026e-02
   outer loop
     vertex -3.600100040436e+00 -9.887399673462e+00 -8.373000025749e-01
     vertex -2.506000041962e+00 -9.791500091553e+00 -2.472500085831e+00
     vertex -7.262800216675e+00 -9.530900001526e+00 -5.779099941254e+00
   endloop
 endfacet
 facet normal 1.227655050468e-01 9.627183553844e-01 2.410435624044e-01
   outer loop
     vertex -4.679100036621e+00 -9.414799690247e+00 -7.558700084686e+00
     vertex -1.096490001678e+01 -7.827300071716e+00 -1.069769954681e+01
     vertex -7.262800216675e+00 -9.530900001526e+00 -5.779099941254e+00
   endloop
 endfacet
 facet normal -9.412631961060e-02 4.469432918989e-01 8.895964982975e-01
   outer loop
     vertex -1.366930007935e+01 -5.849899768829e+00 -1.422420024872e+01
     vertex -6.593500137329e+00 -7.477700233459e+00 -1.265769958496e+01
     vertex -7.578400135040e+00 -2.546700000763e+00 -1.523929977417e+01
   endloop
 endfacet
 facet normal -4.637231562814e-01 8.817261555116e-01 8.671690155411e-02
   outer loop
     vertex -7.578400135040e+00 -2.546700000763e+00 -1.523929977417e+01
     vertex -1.116020011902e+01 -4.135200023651e+00 -1.824150085449e+01
     vertex -1.366930007935e+01 -5.849899768829e+00 -1.422420024872e+01
   endloop
 endfacet
 facet normal 3.863688288275e-01 3.407521340260e-02 9.217147107115e-01
   outer loop
     vertex -1.521840000153e+01 6.669999957085e-01 -1.671789932251e+01
     vertex -1.541660022736e+01 -4.056300163269e+00 -1.646019935608e+01
     vertex -1.116020011902e+01 -4.135200023651e+00 -1.824150085449e+01
   endloop
 endfacet
 facet normal 1.150028521956e-01 9.014700031082e-01 4.172842885647e-01
   outer loop
     vertex -6.593500137329e+00 -7.477700233459e+00 -1.265769958496e+01
     vertex -1.366930007935e+01 -5.849899768829e+00 -1.422420024872e+01
     vertex -1.096490001678e+01 -7.827300071716e+00 -1.069769954681e+01
   endloop
 endfacet
 facet normal 6.085359544755e-01 7.903975023739e-01 7.039730358259e-02
   outer loop
     vertex -1.366930007935e+01 -5.849899768829e+00 -1.422420024872e+01
     vertex -1.807929992676e+01 -2.709800004959e+00 -1.135879993439e+01
     vertex -1.657110023499e+01 -4.235899925232e+00 -7.261600017548e+00
   endloop
 endfacet
 facet normal 7.278548658326e-02 9.411020508616e-01 3.301957037983e-01
   outer loop
     vertex -4.679100036621e+00 -9.414799690247e+00 -7.558700084686e+00
     vertex -6.593500137329e+00 -7.477700233459e+00 -1.265769958496e+01
     vertex -1.096490001678e+01 -7.827300071716e+00 -1.069769954681e+01
   endloop
 endfacet
 facet normal 8.502375169209e-02 9.963290008521e-01 9.974152060760e-03
   outer loop
     vertex -7.262800216675e+00 -9.530900001526e+00 -5.779099941254e+00
     vertex -9.684499740601e+00 -9.344099998474e+00 -3.795200109482e+00
     vertex -5.114200115204e+00 -9.771100044250e+00 -1.008000001311e-01
   endloop
 endfacet
 facet normal -2.070792087157e-01 -9.676181286803e-01 1.443376540161e-01
   outer loop
     vertex -9.684499740601e+00 -9.344099998474e+00 -3.795200109482e+00
     vertex -7.262800216675e+00 -1.015830039978e+01 -5.779099941254e+00
     vertex -5.114200115204e+00 -9.771100044250e+00 -1.008000001311e-01
   endloop
 endfacet
 facet normal 4.223721529841e-02 -9.286136689112e-01 -3.686362320162e-01
   outer loop
     vertex -6.593500137329e+00 -7.477700233459e+00 -1.265769958496e+01
     vertex -4.679100036621e+00 -9.414799690247e+00 -7.558700084686e+00
     vertex -1.096490001678e+01 -8.454600334167e+00 -1.069769954681e+01
   endloop
 endfacet
 facet normal -6.622030773882e-01 -7.485047809741e-01 -3.503822422012e-02
   outer loop
     vertex -1.807929992676e+01 -2.709800004959e+00 -1.135879993439e+01
     vertex -1.366930007935e+01 -6.477200031281e+00 -1.422420024872e+01
     vertex -1.657110023499e+01 -4.235899925232e+00 -7.261600017548e+00
   endloop
 endfacet
 facet normal -1.825238834502e-02 -8.779968843927e-01 -4.783182218109e-01
   outer loop
     vertex -6.593500137329e+00 -7.477700233459e+00 -1.265769958496e+01
     vertex -1.096490001678e+01 -8.454600334167e+00 -1.069769954681e+01
     vertex -1.366930007935e+01 -6.477200031281e+00 -1.422420024872e+01
   endloop
 endfacet
 facet normal -3.825532133174e-01 -3.030452329464e-02 -9.234363404417e-01
   outer loop
     vertex -1.521840000153e+01 6.669999957085e-01 -1.671789932251e+01
     vertex -1.116020011902e+01 -4.135200023651e+00 -1.824150085449e+01
     vertex -1.541660022736e+01 -4.683599948883e+00 -1.646019935608e+01
   endloop
 endfacet
 facet normal 5.144049631997e-01 -8.407578865730e-01 -1.688600307971e-01
   outer loop
     vertex -1.116020011902e+01 -4.135200023651e+00 -1.824150085449e+01
     vertex -7.578400135040e+00 -2.546700000763e+00 -1.523929977417e+01
     vertex -1.366930007935e+01 -6.477200031281e+00 -1.422420024872e+01
   endloop
 endfacet
 facet normal 1.347582545450e-01 -4.383335756056e-01 -8.886528508528e-01
   outer loop
     vertex -1.366930007935e+01 -6.477200031281e+00 -1.422420024872e+01
     vertex -7.578400135040e+00 -2.546700000763e+00 -1.523929977417e+01
     vertex -6.593500137329e+00 -7.477700233459e+00 -1.265769958496e+01
   endloop
 endfacet
 facet normal 3.035900634572e-02 -9.371973006317e-01 -3.474759710000e-01
   outer loop
     vertex -4.679100036621e+00 -9.414799690247e+00 -7.558700084686e+00
     vertex -7.262800216675e+00 -1.015830039978e+01 -5.779099941254e+00
     vertex -1.096490001678e+01 -8.454600334167e+00 -1.069769954681e+01
   endloop
 endfacet
 facet normal 8.019690101775e-02 -9.967674922095e-01 -4.798285275752e-03
   outer loop
     vertex -7.262800216675e+00 -1.015830039978e+01 -5.779099941254e+00
     vertex -2.506000041962e+00 -9.791500091553e+00 -2.472500085831e+00
     vertex -3.600100040436e+00 -9.887399673462e+00 -8.373000025749e-01
   endloop
 endfacet
 facet normal -3.670936284605e-02 -9.959720536223e-01 8.180520205215e-02
   outer loop
     vertex -7.262800216675e+00 -1.015830039978e+01 -5.779099941254e+00
     vertex -3.600100040436e+00 -9.887399673462e+00 -8.373000025749e-01
     vertex -5.114200115204e+00 -9.771100044250e+00 -1.008000001311e-01
   endloop
 endfacet
 facet normal -3.919906778117e-01 -9.188337387236e-01 -4.569320619004e-02
   outer loop
     vertex -1.096490001678e+01 -8.454600334167e+00 -1.069769954681e+01
     vertex -9.684499740601e+00 -9.344099998474e+00 -3.795200109482e+00
     vertex -1.401449966431e+01 -7.339700222015e+00 -6.955200195312e+00
   endloop
 endfacet
 facet normal -7.615673619580e-01 -6.383505430022e-01 -1.119095056247e-01
   outer loop
     vertex -1.401449966431e+01 -7.339700222015e+00 -6.955200195312e+00
     vertex -1.657110023499e+01 -4.235899925232e+00 -7.261600017548e+00
     vertex -1.366930007935e+01 -6.477200031281e+00 -1.422420024872e+01
   endloop
 endfacet
 facet normal -6.725010241977e-01 -7.371657111408e-01 -6.579579600042e-02
   outer loop
     vertex -1.541660022736e+01 -4.683599948883e+00 -1.646019935608e+01
     vertex -1.366930007935e+01 -6.477200031281e+00 -1.422420024872e+01
     vertex -1.807929992676e+01 -2.709800004959e+00 -1.135879993439e+01
   endloop
 endfacet
 facet normal -8.848123957269e-01 1.033995151617e-02 -4.658327057762e-01
   outer loop
     vertex -1.541660022736e+01 -4.683599948883e+00 -1.646019935608e+01
     vertex -1.807929992676e+01 -2.709800004959e+00 -1.135879993439e+01
     vertex -1.521840000153e+01 6.669999957085e-01 -1.671789932251e+01
   endloop
 endfacet
 facet normal -1.278233494394e-01 -8.200148006540e-01 -5.578861156603e-01
   outer loop
     vertex -1.116020011902e+01 -4.135200023651e+00 -1.824150085449e+01
     vertex -1.366930007935e+01 -6.477200031281e+00 -1.422420024872e+01
     vertex -1.541660022736e+01 -4.683599948883e+00 -1.646019935608e+01
   endloop
 endfacet
 facet normal -4.732820778179e-01 -8.718638647444e-01 -1.259264712813e-01
   outer loop
     vertex -1.366930007935e+01 -6.477200031281e+00 -1.422420024872e+01
     vertex -1.096490001678e+01 -8.454600334167e+00 -1.069769954681e+01
     vertex -1.401449966431e+01 -7.339700222015e+00 -6.955200195312e+00
   endloop
 endfacet
 facet normal -3.575540891188e-01 -9.323402289141e-01 -5.382165830698e-02
   outer loop
     vertex -1.096490001678e+01 -8.454600334167e+00 -1.069769954681e+01
     vertex -7.262800216675e+00 -1.015830039978e+01 -5.779099941254e+00
     vertex -9.684499740601e+00 -9.344099998474e+00 -3.795200109482e+00
   endloop
 endfacet
 facet normal 1.779523202565e-01 -9.728333259350e-01 -1.480820436971e-01
   outer loop
     vertex -7.262800216675e+00 -1.015830039978e+01 -5.779099941254e+00
     vertex -4.679100036621e+00 -9.414799690247e+00 -7.558700084686e+00
     vertex -2.506000041962e+00 -9.791500091553e+00 -2.472500085831e+00
   endloop
 endfacet
 facet normal 2.033732666773e-01 9.777296403045e-01 -5.180796146360e-02
   outer loop
     vertex -3.269000053406e+00 -1.046039962769e+01 4.120000079274e-02
     vertex -8.902999877930e+00 -9.300900459290e+00 -1.929000020027e-01
     vertex -3.581000089645e+00 -1.030840015411e+01 1.684999942780e+00
   endloop
 endfacet
 facet normal 6.785447610791e-01 6.825587900674e-01 2.714599515838e-01
   outer loop
     vertex -8.724699974060e+00 -8.675999641418e+00 -3.500000000000e+00
     vertex -1.110690021515e+01 -5.725999832153e+00 -4.962900161743e+00
     vertex -1.215690040588e+01 -6.528500080109e+00 -3.204999864101e-01
   endloop
 endfacet
 facet normal 8.938993692972e-01 3.963592908634e-01 -2.093877506359e-01
   outer loop
     vertex -1.440050029755e+01 -1.514999985695e+00 -4.083999991417e-01
     vertex -1.141950035095e+01 -5.700500011444e+00 4.394899845123e+00
     vertex -1.215690040588e+01 -6.528500080109e+00 -3.204999864101e-01
   endloop
 endfacet
 facet normal 9.309818439311e-01 -1.347926713451e-01 3.392694239424e-01
   outer loop
     vertex -1.440050029755e+01 -1.514999985695e+00 -4.083999991417e-01
     vertex -1.231389999390e+01 4.515399932861e+00 -3.738300085068e+00
     vertex -1.358110046387e+01 4.225200176239e+00 -3.763000071049e-01
   endloop
 endfacet
 facet normal 8.050764424450e-01 -5.690203525253e-01 -1.675343553787e-01
   outer loop
     vertex -1.053450012207e+01 8.528900146484e+00 -3.533000051975e-01
     vertex -1.265380001068e+01 4.431000232697e+00 3.380800008774e+00
     vertex -1.358110046387e+01 4.225200176239e+00 -3.763000071049e-01
   endloop
 endfacet
 facet normal 8.420743548973e-01 9.138090553266e-02 -5.315640233578e-01
   outer loop
     vertex -1.032310009003e+01 -6.075000166893e-01 6.206799983978e+00
     vertex -1.440050029755e+01 -1.514999985695e+00 -4.083999991417e-01
     vertex -1.265380001068e+01 4.431000232697e+00 3.380800008774e+00
   endloop
 endfacet
 facet normal 8.510591708164e-01 3.583424009981e-03 -5.250575652647e-01
   outer loop
     vertex -1.141950035095e+01 -5.700500011444e+00 4.394899845123e+00
     vertex -1.440050029755e+01 -1.514999985695e+00 -4.083999991417e-01
     vertex -1.032310009003e+01 -6.075000166893e-01 6.206799983978e+00
   endloop
 endfacet
 facet normal 7.043615659593e-01 6.721677731945e-01 -2.281781520613e-01
   outer loop
     vertex -1.141950035095e+01 -5.700500011444e+00 4.394899845123e+00
     vertex -8.985099792480e+00 -8.675999641418e+00 3.144399881363e+00
     vertex -1.215690040588e+01 -6.528500080109e+00 -3.204999864101e-01
   endloop
 endfacet
 facet normal 2.417439678721e-01 9.548224195118e-01 -1.728409708232e-01
   outer loop
     vertex -3.581000089645e+00 -1.030840015411e+01 1.684999942780e+00
     vertex -8.902999877930e+00 -9.300900459290e+00 -1.929000020027e-01
     vertex -8.985099792480e+00 -8.675999641418e+00 3.144399881363e+00
   endloop
 endfacet
 facet normal 2.406542067782e-01 9.512843482672e-01 1.927268572406e-01
   outer loop
     vertex -3.738300085068e+00 -1.027530002594e+01 -1.832399964333e+00
     vertex -8.724699974060e+00 -8.675999641418e+00 -3.500000000000e+00
     vertex -8.902999877930e+00 -9.300900459290e+00 -1.929000020027e-01
   endloop
 endfacet
 facet normal 6.343525910950e-01 7.526442505060e-01 1.764183163715e-01
   outer loop
     vertex -8.724699974060e+00 -8.675999641418e+00 -3.500000000000e+00
     vertex -1.215690040588e+01 -6.528500080109e+00 -3.204999864101e-01
     vertex -8.902999877930e+00 -9.300900459290e+00 -1.929000020027e-01
   endloop
 endfacet
 facet normal 8.778122576345e-01 3.975169596157e-01 2.672562574842e-01
   outer loop
     vertex -1.440050029755e+01 -1.514999985695e+00 -4.083999991417e-01
     vertex -1.215690040588e+01 -6.528500080109e+00 -3.204999864101e-01
     vertex -1.110690021515e+01 -5.725999832153e+00 -4.962900161743e+00
   endloop
 endfacet
 facet normal 8.689512227745e-01 -2.782581032333e-02 4.941148618677e-01
   outer loop
     vertex -1.440050029755e+01 -1.514999985695e+00 -4.083999991417e-01
     vertex -1.079529953003e+01 -5.842999815941e-01 -6.696100234985e+00
     vertex -1.231389999390e+01 4.515399932861e+00 -3.738300085068e+00
   endloop
 endfacet
 facet normal 7.897888878804e-01 -5.604259771820e-01 2.493115253657e-01
   outer loop
     vertex -1.053450012207e+01 8.528900146484e+00 -3.533000051975e-01
     vertex -1.358110046387e+01 4.225200176239e+00 -3.763000071049e-01
     vertex -1.231389999390e+01 4.515399932861e+00 -3.738300085068e+00
   endloop
 endfacet
 facet normal 8.536143378193e-01 1.192000262347e-01 5.070837366895e-01
   outer loop
     vertex -1.440050029755e+01 -1.514999985695e+00 -4.083999991417e-01
     vertex -1.110690021515e+01 -5.725999832153e+00 -4.962900161743e+00
     vertex -1.079529953003e+01 -5.842999815941e-01 -6.696100234985e+00
   endloop
 endfacet
 facet normal 9.635226231071e-01 -1.362524197098e-01 -2.303463324734e-01
   outer loop
     vertex -1.440050029755e+01 -1.514999985695e+00 -4.083999991417e-01
     vertex -1.358110046387e+01 4.225200176239e+00 -3.763000071049e-01
     vertex -1.265380001068e+01 4.431000232697e+00 3.380800008774e+00
   endloop
 endfacet
 facet normal 6.462877622512e-01 7.527768757882e-01 -1.250564018471e-01
   outer loop
     vertex -8.902999877930e+00 -9.300900459290e+00 -1.929000020027e-01
     vertex -1.215690040588e+01 -6.528500080109e+00 -3.204999864101e-01
     vertex -8.985099792480e+00 -8.675999641418e+00 3.144399881363e+00
   endloop
 endfacet
 facet normal 1.994959483049e-01 9.787838816255e-01 4.672771854055e-02
   outer loop
     vertex -3.738300085068e+00 -1.027530002594e+01 -1.832399964333e+00
     vertex -8.902999877930e+00 -9.300900459290e+00 -1.929000020027e-01
     vertex -3.269000053406e+00 -1.046039962769e+01 4.120000079274e-02
   endloop
 endfacet
 facet normal -1.498433649476e-01 -9.868896106239e-01 -5.996551028523e-02
   outer loop
     vertex -9.577699661255e+00 -9.488300323486e+00 -1.929000020027e-01
     vertex -3.738300085068e+00 -1.027530002594e+01 -1.832399964333e+00
     vertex -3.269000053406e+00 -1.046039962769e+01 4.120000079274e-02
   endloop
 endfacet
 facet normal -6.507688415915e-01 -7.030731674190e-01 2.866845584769e-01
   outer loop
     vertex -1.283160018921e+01 -6.528500080109e+00 -3.204999864101e-01
     vertex -9.577699661255e+00 -9.488300323486e+00 -1.929000020027e-01
     vertex -8.985099792480e+00 -8.675999641418e+00 3.144399881363e+00
   endloop
 endfacet
 facet normal -9.147690961220e-01 1.284392234058e-01 3.830154914244e-01
   outer loop
     vertex -1.507520008087e+01 -1.514999985695e+00 -4.083999991417e-01
     vertex -1.265380001068e+01 4.431000232697e+00 3.380800008774e+00
     vertex -1.425580024719e+01 4.225200176239e+00 -3.763000071049e-01
   endloop
 endfacet
 facet normal -8.080807256154e-01 -1.436057279702e-01 -5.712993399112e-01
   outer loop
     vertex -1.110690021515e+01 -5.725999832153e+00 -4.962900161743e+00
     vertex -1.507520008087e+01 -1.514999985695e+00 -4.083999991417e-01
     vertex -1.079529953003e+01 -5.842999815941e-01 -6.696100234985e+00
   endloop
 endfacet
 facet normal -7.062144568165e-01 6.125431238331e-01 -3.550381140501e-01
   outer loop
     vertex -1.425580024719e+01 4.225200176239e+00 -3.763000071049e-01
     vertex -1.053450012207e+01 8.528900146484e+00 -3.533000051975e-01
     vertex -1.231389999390e+01 4.515399932861e+00 -3.738300085068e+00
   endloop
 endfacet
 facet normal -8.294609677197e-01 7.410230873694e-02 -5.536274477203e-01
   outer loop
     vertex -1.079529953003e+01 -5.842999815941e-01 -6.696100234985e+00
     vertex -1.507520008087e+01 -1.514999985695e+00 -4.083999991417e-01
     vertex -1.231389999390e+01 4.515399932861e+00 -3.738300085068e+00
   endloop
 endfacet
 facet normal -8.421208228747e-01 -3.835064349211e-01 -3.791508064808e-01
   outer loop
     vertex -1.283160018921e+01 -6.528500080109e+00 -3.204999864101e-01
     vertex -1.507520008087e+01 -1.514999985695e+00 -4.083999991417e-01
     vertex -1.110690021515e+01 -5.725999832153e+00 -4.962900161743e+00
   endloop
 endfacet
 facet normal -6.269065816565e-01 -7.036207451866e-01 -3.345235190818e-01
   outer loop
     vertex -1.283160018921e+01 -6.528500080109e+00 -3.204999864101e-01
     vertex -8.724699974060e+00 -8.675999641418e+00 -3.500000000000e+00
     vertex -9.577699661255e+00 -9.488300323486e+00 -1.929000020027e-01
   endloop
 endfacet
 facet normal -2.057489793119e-01 -9.367446620510e-01 -2.831550734687e-01
   outer loop
     vertex -3.738300085068e+00 -1.027530002594e+01 -1.832399964333e+00
     vertex -9.577699661255e+00 -9.488300323486e+00 -1.929000020027e-01
     vertex -8.724699974060e+00 -8.675999641418e+00 -3.500000000000e+00
   endloop
 endfacet
 facet normal -2.120398486714e-01 -9.402211399260e-01 2.665019898833e-01
   outer loop
     vertex -3.581000089645e+00 -1.030840015411e+01 1.684999942780e+00
     vertex -8.985099792480e+00 -8.675999641418e+00 3.144399881363e+00
     vertex -9.577699661255e+00 -9.488300323486e+00 -1.929000020027e-01
   endloop
 endfacet
 facet normal -6.640589360942e-01 -6.768210018453e-01 3.177090821090e-01
   outer loop
     vertex -1.283160018921e+01 -6.528500080109e+00 -3.204999864101e-01
     vertex -8.985099792480e+00 -8.675999641418e+00 3.144399881363e+00
     vertex -1.141950035095e+01 -5.700500011444e+00 4.394899845123e+00
   endloop
 endfacet
 facet normal -8.094530074701e-01 -3.428631683393e-02 5.861828018422e-01
   outer loop
     vertex -1.507520008087e+01 -1.514999985695e+00 -4.083999991417e-01
     vertex -1.141950035095e+01 -5.700500011444e+00 4.394899845123e+00
     vertex -1.032310009003e+01 -6.075000166893e-01 6.206799983978e+00
   endloop
 endfacet
 facet normal -8.084287631244e-01 -4.478724661742e-02 5.868875850566e-01
   outer loop
     vertex -1.507520008087e+01 -1.514999985695e+00 -4.083999991417e-01
     vertex -1.032310009003e+01 -6.075000166893e-01 6.206799983978e+00
     vertex -1.265380001068e+01 4.431000232697e+00 3.380800008774e+00
   endloop
 endfacet
 facet normal -7.277955892136e-01 6.278317021648e-01 2.759364674667e-01
   outer loop
     vertex -1.265380001068e+01 4.431000232697e+00 3.380800008774e+00
     vertex -1.053450012207e+01 8.528900146484e+00 -3.533000051975e-01
     vertex -1.425580024719e+01 4.225200176239e+00 -3.763000071049e-01
   endloop
 endfacet
 facet normal -8.636997898394e-01 1.260200274835e-01 -4.879975673140e-01
   outer loop
     vertex -1.507520008087e+01 -1.514999985695e+00 -4.083999991417e-01
     vertex -1.425580024719e+01 4.225200176239e+00 -3.763000071049e-01
     vertex -1.231389999390e+01 4.515399932861e+00 -3.738300085068e+00
   endloop
 endfacet
 facet normal -8.650184714749e-01 -3.813899937377e-01 3.260133688731e-01
   outer loop
     vertex -1.141950035095e+01 -5.700500011444e+00 4.394899845123e+00
     vertex -1.507520008087e+01 -1.514999985695e+00 -4.083999991417e-01
     vertex -1.283160018921e+01 -6.528500080109e+00 -3.204999864101e-01
   endloop
 endfacet
 facet normal -6.338291235335e-01 -6.875423661230e-01 -3.543249030858e-01
   outer loop
     vertex -1.110690021515e+01 -5.725999832153e+00 -4.962900161743e+00
     vertex -8.724699974060e+00 -8.675999641418e+00 -3.500000000000e+00
     vertex -1.283160018921e+01 -6.528500080109e+00 -3.204999864101e-01
   endloop
 endfacet
 facet normal -1.542427694611e-01 -9.860916646875e-01 6.190635591669e-02
   outer loop
     vertex -9.577699661255e+00 -9.488300323486e+00 -1.929000020027e-01
     vertex -3.269000053406e+00 -1.046039962769e+01 4.120000079274e-02
     vertex -3.581000089645e+00 -1.030840015411e+01 1.684999942780e+00
   endloop
 endfacet
 facet normal 1.611242023417e-02 9.948486111070e-01 -1.000831199183e-01
   outer loop
     vertex -5.665299892426e+00 -1.012240028381e+01 8.070300102234e+00
     vertex -2.651700019836e+00 -1.075199985504e+01 2.297100067139e+00
     vertex -8.315600395203e+00 -1.028079986572e+01 6.069099903107e+00
   endloop
 endfacet
 facet normal 4.083846485862e-01 9.041720663040e-01 -1.252791016677e-01
   outer loop
     vertex -1.071030044556e+01 -1.007100009918e+01 3.711800098419e+00
     vertex -1.513370037079e+01 -7.726399898529e+00 6.214000225067e+00
     vertex -1.230090045929e+01 -8.388999938965e+00 1.066619968414e+01
   endloop
 endfacet
 facet normal 7.240248060512e-02 7.241796359167e-01 -6.858000697914e-01
   outer loop
     vertex -7.045700073242e+00 -5.208099842072e+00 1.574160003662e+01
     vertex -7.538099765778e+00 -8.040599822998e+00 1.269859981537e+01
     vertex -1.459679985046e+01 -6.793099880219e+00 1.327070045471e+01
   endloop
 endfacet
 facet normal 6.588369981911e-01 7.318754510554e-01 -1.740463557704e-01
   outer loop
     vertex -1.459679985046e+01 -6.793099880219e+00 1.327070045471e+01
     vertex -1.914329910278e+01 -2.843199968338e+00 1.266989994049e+01
     vertex -1.735339927673e+01 -3.591300010681e+00 1.629960060120e+01
   endloop
 endfacet
 facet normal 3.582491882062e-01 5.463057095205e-01 -7.571047423540e-01
   outer loop
     vertex -1.735339927673e+01 -3.591300010681e+00 1.629960060120e+01
     vertex -1.816670036316e+01 -1.756500005722e+00 1.723870086670e+01
     vertex -1.334659957886e+01 -4.335299968719e+00 1.765870094299e+01
   endloop
 endfacet
 facet normal -2.569463962565e-02 8.752773592197e-01 -4.829382257928e-01
   outer loop
     vertex -7.045700073242e+00 -5.208099842072e+00 1.574160003662e+01
     vertex -1.459679985046e+01 -6.793099880219e+00 1.327070045471e+01
     vertex -1.334659957886e+01 -4.335299968719e+00 1.765870094299e+01
   endloop
 endfacet
 facet normal 1.218691305265e-01 8.905513674727e-01 -4.382535532283e-01
   outer loop
     vertex -7.538099765778e+00 -8.040599822998e+00 1.269859981537e+01
     vertex -1.230090045929e+01 -8.388999938965e+00 1.066619968414e+01
     vertex -1.459679985046e+01 -6.793099880219e+00 1.327070045471e+01
   endloop
 endfacet
 facet normal 9.335595261590e-02 9.215960114813e-01 -3.767564966035e-01
   outer loop
     vertex -7.538099765778e+00 -8.040599822998e+00 1.269859981537e+01
     vertex -5.665299892426e+00 -1.012240028381e+01 8.070300102234e+00
     vertex -1.230090045929e+01 -8.388999938965e+00 1.066619968414e+01
   endloop
 endfacet
 facet normal 3.515483643048e-02 9.968040794686e-01 -7.173398518312e-02
   outer loop
     vertex -2.651700019836e+00 -1.075199985504e+01 2.297100067139e+00
     vertex -3.648299932480e+00 -1.083950042725e+01 5.928000211716e-01
     vertex -8.315600395203e+00 -1.028079986572e+01 6.069099903107e+00
   endloop
 endfacet
 facet normal 1.153988822199e-01 9.928998455803e-01 -2.886164633220e-02
   outer loop
     vertex -5.838600158691e+00 -1.074419975281e+01 3.109999932349e-02
     vertex -1.071030044556e+01 -1.007100009918e+01 3.711800098419e+00
     vertex -8.315600395203e+00 -1.028079986572e+01 6.069099903107e+00
   endloop
 endfacet
 facet normal 2.530723490995e-01 9.519693548249e-01 -1.723622162645e-01
   outer loop
     vertex -1.071030044556e+01 -1.007100009918e+01 3.711800098419e+00
     vertex -1.230090045929e+01 -8.388999938965e+00 1.066619968414e+01
     vertex -8.315600395203e+00 -1.028079986572e+01 6.069099903107e+00
   endloop
 endfacet
 facet normal 7.837922256109e-01 6.051144713047e-01 -1.396646830434e-01
   outer loop
     vertex -1.459679985046e+01 -6.793099880219e+00 1.327070045471e+01
     vertex -1.513370037079e+01 -7.726399898529e+00 6.214000225067e+00
     vertex -1.723170089722e+01 -4.987599849701e+00 6.306300163269e+00
   endloop
 endfacet
 facet normal 6.589733021396e-01 7.501647065593e-01 -5.483703219543e-02
   outer loop
     vertex -1.723170089722e+01 -4.987599849701e+00 6.306300163269e+00
     vertex -1.914329910278e+01 -2.843199968338e+00 1.266989994049e+01
     vertex -1.459679985046e+01 -6.793099880219e+00 1.327070045471e+01
   endloop
 endfacet
 facet normal 8.089625098764e-01 5.090613839274e-01 -2.940002806264e-01
   outer loop
     vertex -1.816670036316e+01 -1.756500005722e+00 1.723870086670e+01
     vertex -1.735339927673e+01 -3.591300010681e+00 1.629960060120e+01
     vertex -1.914329910278e+01 -2.843199968338e+00 1.266989994049e+01
   endloop
 endfacet
 facet normal 4.433616791607e-01 8.836014136105e-01 -1.505953628682e-01
   outer loop
     vertex -1.513370037079e+01 -7.726399898529e+00 6.214000225067e+00
     vertex -1.459679985046e+01 -6.793099880219e+00 1.327070045471e+01
     vertex -1.230090045929e+01 -8.388999938965e+00 1.066619968414e+01
   endloop
 endfacet
 facet normal 3.253872940964e-01 7.824333215865e-01 -5.309625279733e-01
   outer loop
     vertex -1.334659957886e+01 -4.335299968719e+00 1.765870094299e+01
     vertex -1.459679985046e+01 -6.793099880219e+00 1.327070045471e+01
     vertex -1.735339927673e+01 -3.591300010681e+00 1.629960060120e+01
   endloop
 endfacet
 facet normal 1.445260506986e-01 9.528469098863e-01 -2.668238875917e-01
   outer loop
     vertex -5.665299892426e+00 -1.012240028381e+01 8.070300102234e+00
     vertex -8.315600395203e+00 -1.028079986572e+01 6.069099903107e+00
     vertex -1.230090045929e+01 -8.388999938965e+00 1.066619968414e+01
   endloop
 endfacet
 facet normal 5.700296501662e-02 9.969593488551e-01 -5.312926415563e-02
   outer loop
     vertex -3.648299932480e+00 -1.083950042725e+01 5.928000211716e-01
     vertex -5.838600158691e+00 -1.074419975281e+01 3.109999932349e-02
     vertex -8.315600395203e+00 -1.028079986572e+01 6.069099903107e+00
   endloop
 endfacet
 facet normal -3.234241470452e-02 -9.985384572349e-01 -4.330031909857e-02
   outer loop
     vertex -3.648299932480e+00 -1.083950042725e+01 5.928000211716e-01
     vertex -8.315600395203e+00 -1.092580032349e+01 6.069099903107e+00
     vertex -5.838600158691e+00 -1.074419975281e+01 3.109999932349e-02
   endloop
 endfacet
 facet normal -4.261095641044e-03 -9.260368240889e-01 3.774091195178e-01
   outer loop
     vertex -5.665299892426e+00 -1.012240028381e+01 8.070300102234e+00
     vertex -1.230090045929e+01 -9.033900260925e+00 1.066619968414e+01
     vertex -8.315600395203e+00 -1.092580032349e+01 6.069099903107e+00
   endloop
 endfacet
 facet normal -2.239241532498e-01 -7.645578041226e-01 6.044082542013e-01
   outer loop
     vertex -1.459679985046e+01 -7.438000202179e+00 1.327070045471e+01
     vertex -1.334659957886e+01 -4.335299968719e+00 1.765870094299e+01
     vertex -1.735339927673e+01 -4.236199855804e+00 1.629960060120e+01
   endloop
 endfacet
 facet normal -5.113263802517e-01 -8.562036839154e-01 7.389576786574e-02
   outer loop
     vertex -1.513370037079e+01 -7.726399898529e+00 6.214000225067e+00
     vertex -1.230090045929e+01 -9.033900260925e+00 1.066619968414e+01
     vertex -1.459679985046e+01 -7.438000202179e+00 1.327070045471e+01
   endloop
 endfacet
 facet normal -8.754457557755e-01 -3.934414152205e-01 2.807108503140e-01
   outer loop
     vertex -1.735339927673e+01 -4.236199855804e+00 1.629960060120e+01
     vertex -1.816670036316e+01 -1.756500005722e+00 1.723870086670e+01
     vertex -1.914329910278e+01 -2.843199968338e+00 1.266989994049e+01
   endloop
 endfacet
 facet normal -7.121242919885e-01 -7.016916051758e-01 2.253628153995e-02
   outer loop
     vertex -1.459679985046e+01 -7.438000202179e+00 1.327070045471e+01
     vertex -1.914329910278e+01 -2.843199968338e+00 1.266989994049e+01
     vertex -1.723170089722e+01 -4.987599849701e+00 6.306300163269e+00
   endloop
 endfacet
 facet normal -7.896001134645e-01 -6.077182883315e-01 8.491255999108e-02
   outer loop
     vertex -1.459679985046e+01 -7.438000202179e+00 1.327070045471e+01
     vertex -1.723170089722e+01 -4.987599849701e+00 6.306300163269e+00
     vertex -1.513370037079e+01 -7.726399898529e+00 6.214000225067e+00
   endloop
 endfacet
 facet normal -3.797940766058e-01 -9.236707784250e-01 5.087978438407e-02
   outer loop
     vertex -1.071030044556e+01 -1.007100009918e+01 3.711800098419e+00
     vertex -8.315600395203e+00 -1.092580032349e+01 6.069099903107e+00
     vertex -1.230090045929e+01 -9.033900260925e+00 1.066619968414e+01
   endloop
 endfacet
 facet normal -2.254068922309e-01 -9.666534987210e-01 -1.215431871610e-01
   outer loop
     vertex -1.071030044556e+01 -1.007100009918e+01 3.711800098419e+00
     vertex -5.838600158691e+00 -1.074419975281e+01 3.109999932349e-02
     vertex -8.315600395203e+00 -1.092580032349e+01 6.069099903107e+00
   endloop
 endfacet
 facet normal 4.662921018710e-02 -9.986238228921e-01 2.400368950168e-02
   outer loop
     vertex -3.648299932480e+00 -1.083950042725e+01 5.928000211716e-01
     vertex -2.651700019836e+00 -1.075199985504e+01 2.297100067139e+00
     vertex -8.315600395203e+00 -1.092580032349e+01 6.069099903107e+00
   endloop
 endfacet
 facet normal 1.289215805063e-02 -9.099526665253e-01 4.145116849310e-01
   outer loop
     vertex -5.665299892426e+00 -1.012240028381e+01 8.070300102234e+00
     vertex -7.538099765778e+00 -8.040599822998e+00 1.269859981537e+01
     vertex -1.230090045929e+01 -9.033900260925e+00 1.066619968414e+01
   endloop
 endfacet
 facet normal -3.326267575330e-02 -8.649843792285e-01 5.006951348799e-01
   outer loop
     vertex -7.538099765778e+00 -8.040599822998e+00 1.269859981537e+01
     vertex -1.459679985046e+01 -7.438000202179e+00 1.327070045471e+01
     vertex -1.230090045929e+01 -9.033900260925e+00 1.066619968414e+01
   endloop
 endfacet
 facet normal 5.801511764394e-02 -8.228461918966e-01 5.652949589426e-01
   outer loop
     vertex -7.045700073242e+00 -5.208099842072e+00 1.574160003662e+01
     vertex -1.334659957886e+01 -4.335299968719e+00 1.765870094299e+01
     vertex -1.459679985046e+01 -7.438000202179e+00 1.327070045471e+01
   endloop
 endfacet
 facet normal -3.005088193172e-01 -4.224155166563e-01 8.551371707513e-01
   outer loop
     vertex -1.816670036316e+01 -1.756500005722e+00 1.723870086670e+01
     vertex -1.735339927673e+01 -4.236199855804e+00 1.629960060120e+01
     vertex -1.334659957886e+01 -4.335299968719e+00 1.765870094299e+01
   endloop
 endfacet
 facet normal -7.137959827612e-01 -6.951510370137e-01 8.520757438628e-02
   outer loop
     vertex -1.459679985046e+01 -7.438000202179e+00 1.327070045471e+01
     vertex -1.735339927673e+01 -4.236199855804e+00 1.629960060120e+01
     vertex -1.914329910278e+01 -2.843199968338e+00 1.266989994049e+01
   endloop
 endfacet
 facet normal -7.166606778466e-03 -7.313731233480e-01 6.819398757893e-01
   outer loop
     vertex -7.538099765778e+00 -8.040599822998e+00 1.269859981537e+01
     vertex -7.045700073242e+00 -5.208099842072e+00 1.574160003662e+01
     vertex -1.459679985046e+01 -7.438000202179e+00 1.327070045471e+01
   endloop
 endfacet
 facet normal -4.554957437799e-01 -8.897812769418e-01 2.851151701086e-02
   outer loop
     vertex -1.513370037079e+01 -7.726399898529e+00 6.214000225067e+00
     vertex -1.071030044556e+01 -1.007100009918e+01 3.711800098419e+00
     vertex -1.230090045929e+01 -9.033900260925e+00 1.066619968414e+01
   endloop
 endfacet
 facet normal 1.536874960898e-01 -9.704447184462e-01 1.860569858552e-01
   outer loop
     vertex -2.651700019836e+00 -1.075199985504e+01 2.297100067139e+00
     vertex -5.665299892426e+00 -1.012240028381e+01 8.070300102234e+00
     vertex -8.315600395203e+00 -1.092580032349e+01 6.069099903107e+00
   endloop
 endfacet
 facet normal -9.550984640509e-01 -2.461948761403e-01 -1.648484362372e-01
   outer loop
     vertex 1.379419994354e+01 -2.549000084400e-01 -4.192999899387e-01
     vertex 1.189389991760e+01 4.401899814606e+00 3.635900020599e+00
     vertex 1.258860015869e+01 4.425300121307e+00 -4.239999949932e-01
   endloop
 endfacet
 facet normal -3.807222892396e-01 9.243067139065e-01 -2.660144927375e-02
   outer loop
     vertex 9.868200302124e+00 -8.334099769592e+00 -4.293999969959e-01
     vertex 5.868800163269e+00 -9.981399536133e+00 -4.275000095367e-01
     vertex 6.214200019836e+00 -9.746800422668e+00 2.780600070953e+00
   endloop
 endfacet
 facet normal -7.372054597664e-01 6.655192827851e-01 1.166713089487e-01
   outer loop
     vertex 9.647399902344e+00 -7.723499774933e+00 -3.788700103760e+00
     vertex 1.258889961243e+01 -5.054299831390e+00 -4.280999898911e-01
     vertex 1.080029964447e+01 -6.250000000000e+00 -4.909100055695e+00
   endloop
 endfacet
 facet normal -8.407783253753e-01 7.132042962114e-02 5.366611630235e-01
   outer loop
     vertex 9.670900344849e+00 -3.521399974823e+00 -6.445099830627e+00
     vertex 1.379419994354e+01 -2.549000084400e-01 -4.192999899387e-01
     vertex 1.205500030518e+01 3.963599920273e+00 -3.704699993134e+00
   endloop
 endfacet
 facet normal -1.117552671395e-01 9.936565357342e-01 1.254787867844e-02
   outer loop
     vertex 5.868800163269e+00 -9.981399536133e+00 -4.275000095367e-01
     vertex 2.796600103378e+00 -1.032719993591e+01 -4.058000147343e-01
     vertex 3.110899925232e+00 -1.031739997864e+01 1.617400050163e+00
   endloop
 endfacet
 facet normal -6.288376713095e-01 -7.492749272121e-01 2.077264224727e-01
   outer loop
     vertex 1.205500030518e+01 3.963599920273e+00 -3.704699993134e+00
     vertex 1.258860015869e+01 4.425300121307e+00 -4.239999949932e-01
     vertex 1.008370018005e+01 6.675499916077e+00 1.096000000834e-01
   endloop
 endfacet
 facet normal -9.509575903433e-01 -2.447727393408e-01 1.891189240771e-01
   outer loop
     vertex 1.379419994354e+01 -2.549000084400e-01 -4.192999899387e-01
     vertex 1.258860015869e+01 4.425300121307e+00 -4.239999949932e-01
     vertex 1.205500030518e+01 3.963599920273e+00 -3.704699993134e+00
   endloop
 endfacet
 facet normal -8.205601682187e-01 -1.805390546266e-02 5.712749485409e-01
   outer loop
     vertex 1.080029964447e+01 -6.250000000000e+00 -4.909100055695e+00
     vertex 1.379419994354e+01 -2.549000084400e-01 -4.192999899387e-01
     vertex 9.670900344849e+00 -3.521399974823e+00 -6.445099830627e+00
   endloop
 endfacet
 facet normal -7.592224916167e-01 6.297342740913e-01 1.643653012592e-01
   outer loop
     vertex 9.868200302124e+00 -8.334099769592e+00 -4.293999969959e-01
     vertex 1.258889961243e+01 -5.054299831390e+00 -4.280999898911e-01
     vertex 9.647399902344e+00 -7.723499774933e+00 -3.788700103760e+00
   endloop
 endfacet
 facet normal -3.804038141822e-01 9.236185508690e-01 4.713502568443e-02
   outer loop
     vertex 9.868200302124e+00 -8.334099769592e+00 -4.293999969959e-01
     vertex 6.206399917603e+00 -9.723299980164e+00 -2.760400056839e+00
     vertex 5.868800163269e+00 -9.981399536133e+00 -4.275000095367e-01
   endloop
 endfacet
 facet normal -1.120021067050e-01 9.933201825942e-01 -2.775865531155e-02
   outer loop
     vertex 5.868800163269e+00 -9.981399536133e+00 -4.275000095367e-01
     vertex 3.055599927902e+00 -1.033290004730e+01 -1.654800057411e+00
     vertex 2.796600103378e+00 -1.032719993591e+01 -4.058000147343e-01
   endloop
 endfacet
 facet normal -1.606720153464e-01 9.854872237833e-01 -5.476710001769e-02
   outer loop
     vertex 5.868800163269e+00 -9.981399536133e+00 -4.275000095367e-01
     vertex 3.110899925232e+00 -1.031739997864e+01 1.617400050163e+00
     vertex 6.214200019836e+00 -9.746800422668e+00 2.780600070953e+00
   endloop
 endfacet
 facet normal -4.764410327027e-01 8.641459491979e-01 -1.620361714000e-01
   outer loop
     vertex 9.868200302124e+00 -8.334099769592e+00 -4.293999969959e-01
     vertex 6.214200019836e+00 -9.746800422668e+00 2.780600070953e+00
     vertex 9.647399902344e+00 -7.664899826050e+00 3.788700103760e+00
   endloop
 endfacet
 facet normal -8.363928683543e-01 4.593655162505e-01 -2.990489796773e-01
   outer loop
     vertex 9.647399902344e+00 -7.664899826050e+00 3.788700103760e+00
     vertex 1.092560005188e+01 -4.395800113678e+00 5.235400199890e+00
     vertex 1.258889961243e+01 -5.054299831390e+00 -4.280999898911e-01
   endloop
 endfacet
 facet normal -9.254232199084e-01 2.329547486155e-01 -2.988711246538e-01
   outer loop
     vertex 1.258889961243e+01 -5.054299831390e+00 -4.280999898911e-01
     vertex 1.092560005188e+01 -4.395800113678e+00 5.235400199890e+00
     vertex 1.379419994354e+01 -2.549000084400e-01 -4.192999899387e-01
   endloop
 endfacet
 facet normal -9.094541713971e-01 -9.120507917371e-03 -4.157041333253e-01
   outer loop
     vertex 1.379419994354e+01 -2.549000084400e-01 -4.192999899387e-01
     vertex 1.064290046692e+01 -2.486999928951e-01 6.474800109863e+00
     vertex 1.189389991760e+01 4.401899814606e+00 3.635900020599e+00
   endloop
 endfacet
 facet normal -6.774733005782e-01 -7.256750421217e-01 -1.201068701006e-01
   outer loop
     vertex 1.008370018005e+01 6.675499916077e+00 1.096000000834e-01
     vertex 1.258860015869e+01 4.425300121307e+00 -4.239999949932e-01
     vertex 1.189389991760e+01 4.401899814606e+00 3.635900020599e+00
   endloop
 endfacet
 facet normal -1.602161105693e-01 9.833625728110e-01 8.560869294927e-02
   outer loop
     vertex 6.206399917603e+00 -9.723299980164e+00 -2.760400056839e+00
     vertex 3.055599927902e+00 -1.033290004730e+01 -1.654800057411e+00
     vertex 5.868800163269e+00 -9.981399536133e+00 -4.275000095367e-01
   endloop
 endfacet
 facet normal -9.232433188243e-01 2.312967698077e-01 3.067956624903e-01
   outer loop
     vertex 1.080029964447e+01 -6.250000000000e+00 -4.909100055695e+00
     vertex 1.258889961243e+01 -5.054299831390e+00 -4.280999898911e-01
     vertex 1.379419994354e+01 -2.549000084400e-01 -4.192999899387e-01
   endloop
 endfacet
 facet normal -4.508391148409e-01 8.725332774705e-01 1.882279794187e-01
   outer loop
     vertex 9.647399902344e+00 -7.723499774933e+00 -3.788700103760e+00
     vertex 6.206399917603e+00 -9.723299980164e+00 -2.760400056839e+00
     vertex 9.868200302124e+00 -8.334099769592e+00 -4.293999969959e-01
   endloop
 endfacet
 facet normal -7.620307544315e-01 6.321845321764e-01 -1.401850440577e-01
   outer loop
     vertex 9.647399902344e+00 -7.664899826050e+00 3.788700103760e+00
     vertex 1.258889961243e+01 -5.054299831390e+00 -4.280999898911e-01
     vertex 9.868200302124e+00 -8.334099769592e+00 -4.293999969959e-01
   endloop
 endfacet
 facet normal -9.077100601466e-01 6.214119204383e-02 -4.149709856845e-01
   outer loop
     vertex 1.379419994354e+01 -2.549000084400e-01 -4.192999899387e-01
     vertex 1.092560005188e+01 -4.395800113678e+00 5.235400199890e+00
     vertex 1.064290046692e+01 -2.486999928951e-01 6.474800109863e+00
   endloop
 endfacet
 facet normal 8.707936053403e-01 -8.534296138467e-02 4.841849603617e-01
   outer loop
     vertex 1.092560005188e+01 -4.395800113678e+00 5.235400199890e+00
     vertex 1.447560024261e+01 -2.549000084400e-01 -4.192999899387e-01
     vertex 1.064290046692e+01 -2.486999928951e-01 6.474800109863e+00
   endloop
 endfacet
 facet normal 7.437681242855e-01 -6.170589029486e-01 2.569966684389e-01
   outer loop
     vertex 9.647399902344e+00 -7.664899826050e+00 3.788700103760e+00
     vertex 1.054969978333e+01 -8.334099769592e+00 -4.293999969959e-01
     vertex 1.327029991150e+01 -5.054299831390e+00 -4.280999898911e-01
   endloop
 endfacet
 facet normal 4.219936929725e-01 -8.652662671105e-01 -2.706207865115e-01
   outer loop
     vertex 6.206399917603e+00 -9.723299980164e+00 -2.760400056839e+00
     vertex 9.647399902344e+00 -7.723499774933e+00 -3.788700103760e+00
     vertex 1.054969978333e+01 -8.334099769592e+00 -4.293999969959e-01
   endloop
 endfacet
 facet normal 8.779679714750e-01 -2.197091883352e-01 -4.253235399377e-01
   outer loop
     vertex 1.327029991150e+01 -5.054299831390e+00 -4.280999898911e-01
     vertex 1.080029964447e+01 -6.250000000000e+00 -4.909100055695e+00
     vertex 1.447560024261e+01 -2.549000084400e-01 -4.192999899387e-01
   endloop
 endfacet
 facet normal 1.097247461978e-01 -9.689544634765e-01 -2.215575044560e-01
   outer loop
     vertex 6.206399917603e+00 -9.723299980164e+00 -2.760400056839e+00
     vertex 6.550199985504e+00 -1.021780014038e+01 -4.275000095367e-01
     vertex 3.055599927902e+00 -1.033290004730e+01 -1.654800057411e+00
   endloop
 endfacet
 facet normal 5.873010964537e-01 7.833469590684e-01 2.035803620751e-01
   outer loop
     vertex 1.327000045776e+01 4.425300121307e+00 -4.239999949932e-01
     vertex 1.008370018005e+01 6.675499916077e+00 1.096000000834e-01
     vertex 1.189389991760e+01 4.401899814606e+00 3.635900020599e+00
   endloop
 endfacet
 facet normal 8.723917075719e-01 6.135528160992e-02 4.849414789213e-01
   outer loop
     vertex 1.064290046692e+01 -2.486999928951e-01 6.474800109863e+00
     vertex 1.447560024261e+01 -2.549000084400e-01 -4.192999899387e-01
     vertex 1.189389991760e+01 4.401899814606e+00 3.635900020599e+00
   endloop
 endfacet
 facet normal 8.908745187223e-01 -2.244544524494e-01 3.949212461579e-01
   outer loop
     vertex 1.092560005188e+01 -4.395800113678e+00 5.235400199890e+00
     vertex 1.327029991150e+01 -5.054299831390e+00 -4.280999898911e-01
     vertex 1.447560024261e+01 -2.549000084400e-01 -4.192999899387e-01
   endloop
 endfacet
 facet normal 7.903016982591e-01 -4.784123290237e-01 3.828117934010e-01
   outer loop
     vertex 1.092560005188e+01 -4.395800113678e+00 5.235400199890e+00
     vertex 9.647399902344e+00 -7.664899826050e+00 3.788700103760e+00
     vertex 1.327029991150e+01 -5.054299831390e+00 -4.280999898911e-01
   endloop
 endfacet
 facet normal 4.531608803749e-01 -8.603239793157e-01 2.334263633615e-01
   outer loop
     vertex 6.214200019836e+00 -9.746800422668e+00 2.780600070953e+00
     vertex 1.054969978333e+01 -8.334099769592e+00 -4.293999969959e-01
     vertex 9.647399902344e+00 -7.664899826050e+00 3.788700103760e+00
   endloop
 endfacet
 facet normal 1.215110585916e-01 -9.801543516566e-01 1.566285720061e-01
   outer loop
     vertex 6.550199985504e+00 -1.021780014038e+01 -4.275000095367e-01
     vertex 6.214200019836e+00 -9.746800422668e+00 2.780600070953e+00
     vertex 3.110899925232e+00 -1.031739997864e+01 1.617400050163e+00
   endloop
 endfacet
 facet normal 2.919260289174e-02 -9.995174395369e-01 1.061508351810e-02
   outer loop
     vertex 3.055599927902e+00 -1.033290004730e+01 -1.654800057411e+00
     vertex 6.550199985504e+00 -1.021780014038e+01 -4.275000095367e-01
     vertex 2.796600103378e+00 -1.032719993591e+01 -4.058000147343e-01
   endloop
 endfacet
 facet normal 4.128262148080e-01 -8.767673917542e-01 -2.466849349349e-01
   outer loop
     vertex 6.206399917603e+00 -9.723299980164e+00 -2.760400056839e+00
     vertex 1.054969978333e+01 -8.334099769592e+00 -4.293999969959e-01
     vertex 6.550199985504e+00 -1.021780014038e+01 -4.275000095367e-01
   endloop
 endfacet
 facet normal 7.325182815375e-01 -6.075035180746e-01 -3.071749383338e-01
   outer loop
     vertex 1.327029991150e+01 -5.054299831390e+00 -4.280999898911e-01
     vertex 1.054969978333e+01 -8.334099769592e+00 -4.293999969959e-01
     vertex 9.647399902344e+00 -7.723499774933e+00 -3.788700103760e+00
   endloop
 endfacet
 facet normal 7.872406979732e-01 -2.107506771230e-02 -6.162855871879e-01
   outer loop
     vertex 1.080029964447e+01 -6.250000000000e+00 -4.909100055695e+00
     vertex 9.670900344849e+00 -3.521399974823e+00 -6.445099830627e+00
     vertex 1.447560024261e+01 -2.549000084400e-01 -4.192999899387e-01
   endloop
 endfacet
 facet normal 9.011488233220e-01 2.317642250526e-01 -3.663552131622e-01
   outer loop
     vertex 1.447560024261e+01 -2.549000084400e-01 -4.192999899387e-01
     vertex 1.205500030518e+01 3.963599920273e+00 -3.704699993134e+00
     vertex 1.327000045776e+01 4.425300121307e+00 -4.239999949932e-01
   endloop
 endfacet
 facet normal 5.151888250024e-01 8.015045766821e-01 -3.035965878435e-01
   outer loop
     vertex 1.205500030518e+01 3.963599920273e+00 -3.704699993134e+00
     vertex 1.008370018005e+01 6.675499916077e+00 1.096000000834e-01
     vertex 1.327000045776e+01 4.425300121307e+00 -4.239999949932e-01
   endloop
 endfacet
 facet normal 2.913475157009e-02 -9.995754431641e-01 3.157124297243e-04
   outer loop
     vertex 2.796600103378e+00 -1.032719993591e+01 -4.058000147343e-01
     vertex 6.550199985504e+00 -1.021780014038e+01 -4.275000095367e-01
     vertex 3.110899925232e+00 -1.031739997864e+01 1.617400050163e+00
   endloop
 endfacet
 facet normal 7.884728512894e-01 -2.615717618578e-02 -6.145131120762e-01
   outer loop
     vertex 1.447560024261e+01 -2.549000084400e-01 -4.192999899387e-01
     vertex 9.670900344849e+00 -3.521399974823e+00 -6.445099830627e+00
     vertex 1.205500030518e+01 3.963599920273e+00 -3.704699993134e+00
   endloop
 endfacet
 facet normal 6.935744494976e-01 -6.927987381808e-01 -1.974446539647e-01
   outer loop
     vertex 1.327029991150e+01 -5.054299831390e+00 -4.280999898911e-01
     vertex 9.647399902344e+00 -7.723499774933e+00 -3.788700103760e+00
     vertex 1.080029964447e+01 -6.250000000000e+00 -4.909100055695e+00
   endloop
 endfacet
 facet normal 4.196039526765e-01 -8.907329331932e-01 1.747208190895e-01
   outer loop
     vertex 6.550199985504e+00 -1.021780014038e+01 -4.275000095367e-01
     vertex 1.054969978333e+01 -8.334099769592e+00 -4.293999969959e-01
     vertex 6.214200019836e+00 -9.746800422668e+00 2.780600070953e+00
   endloop
 endfacet
 facet normal 9.196287662337e-01 2.372068853992e-01 3.130747927167e-01
   outer loop
     vertex 1.447560024261e+01 -2.549000084400e-01 -4.192999899387e-01
     vertex 1.327000045776e+01 4.425300121307e+00 -4.239999949932e-01
     vertex 1.189389991760e+01 4.401899814606e+00 3.635900020599e+00
   endloop
 endfacet
 facet normal -3.272390214983e-01 9.239155309607e-01 -1.982289445525e-01
   outer loop
     vertex 7.955900192261e+00 -8.647000312805e+00 4.518300056458e+00
     vertex 5.381599903107e+00 -9.021200180054e+00 7.023900032043e+00
     vertex 7.677800178528e+00 -7.564899921417e+00 1.002089977264e+01
   endloop
 endfacet
 facet normal -1.437328803290e-01 9.863741490099e-01 8.004309637559e-02
   outer loop
     vertex 1.270170021057e+01 -5.852200031281e+00 7.196199893951e+00
     vertex 1.032810020447e+01 -6.708000183105e+00 1.347999954224e+01
     vertex 1.325179958344e+01 -6.535999774933e+00 1.661050033569e+01
   endloop
 endfacet
 facet normal 1.915226704035e-01 9.632065633873e-01 -1.885528651843e-01
   outer loop
     vertex 1.325179958344e+01 -6.535999774933e+00 1.661050033569e+01
     vertex 1.135210037231e+01 -5.237100124359e+00 2.131620025635e+01
     vertex 1.578460025787e+01 -6.258299827576e+00 2.060180091858e+01
   endloop
 endfacet
 facet normal -2.668228926495e-01 9.631400821014e-01 -3.415737413490e-02
   outer loop
     vertex 7.677800178528e+00 -7.564899921417e+00 1.002089977264e+01
     vertex 3.084800004959e+00 -8.628999710083e+00 1.589490032196e+01
     vertex 1.032810020447e+01 -6.708000183105e+00 1.347999954224e+01
   endloop
 endfacet
 facet normal -6.511080460323e-02 9.460287850530e-01 -3.174745989447e-01
   outer loop
     vertex 5.381599903107e+00 -9.021200180054e+00 7.023900032043e+00
     vertex 1.660999953747e-01 -1.054300022125e+01 3.558799982071e+00
     vertex 2.297399997711e+00 -8.627099990845e+00 8.830800056458e+00
   endloop
 endfacet
 facet normal -6.539732540951e-01 7.538762113516e-01 -6.316360412812e-02
   outer loop
     vertex 1.748509979248e+01 -5.185200214386e+00 1.580319976807e+01
     vertex 1.578460025787e+01 -6.258299827576e+00 2.060180091858e+01
     vertex 1.672529983521e+01 -5.324299812317e+00 2.200970077515e+01
   endloop
 endfacet
 facet normal -2.824302534111e-01 9.526156279745e-01 1.129451959881e-01
   outer loop
     vertex 1.748509979248e+01 -5.185200214386e+00 1.580319976807e+01
     vertex 1.325179958344e+01 -6.535999774933e+00 1.661050033569e+01
     vertex 1.578460025787e+01 -6.258299827576e+00 2.060180091858e+01
   endloop
 endfacet
 facet normal -5.426678601052e-01 8.348553025937e-01 9.234834779255e-02
   outer loop
     vertex 1.451200008392e+01 -4.802400112152e+00 8.343600273132e+00
     vertex 1.270170021057e+01 -5.852200031281e+00 7.196199893951e+00
     vertex 1.325179958344e+01 -6.535999774933e+00 1.661050033569e+01
   endloop
 endfacet
 facet normal -3.181609982541e-01 9.479946492862e-01 8.928836139119e-03
   outer loop
     vertex 1.270170021057e+01 -5.852200031281e+00 7.196199893951e+00
     vertex 7.677800178528e+00 -7.564899921417e+00 1.002089977264e+01
     vertex 1.032810020447e+01 -6.708000183105e+00 1.347999954224e+01
   endloop
 endfacet
 facet normal -4.129531301364e-01 8.894593521105e-01 -1.957850179499e-01
   outer loop
     vertex 1.066349983215e+01 -7.011000156403e+00 6.239799976349e+00
     vertex 7.955900192261e+00 -8.647000312805e+00 4.518300056458e+00
     vertex 7.677800178528e+00 -7.564899921417e+00 1.002089977264e+01
   endloop
 endfacet
 facet normal -1.526344184941e-01 9.719013372603e-01 -1.791940984594e-01
   outer loop
     vertex 5.381599903107e+00 -9.021200180054e+00 7.023900032043e+00
     vertex 2.729399919510e+00 -1.057759952545e+01 8.414999842644e-01
     vertex 1.141100049019e+00 -1.070759963989e+01 1.489300012589e+00
   endloop
 endfacet
 facet normal -1.767186567346e-01 9.710882340014e-01 -1.604934831886e-01
   outer loop
     vertex 1.141100049019e+00 -1.070759963989e+01 1.489300012589e+00
     vertex 1.660999953747e-01 -1.054300022125e+01 3.558799982071e+00
     vertex 5.381599903107e+00 -9.021200180054e+00 7.023900032043e+00
   endloop
 endfacet
 facet normal -1.097608570907e-01 9.347116950187e-01 -3.380334324382e-01
   outer loop
     vertex 7.677800178528e+00 -7.564899921417e+00 1.002089977264e+01
     vertex 2.297399997711e+00 -8.627099990845e+00 8.830800056458e+00
     vertex 3.153800010681e+00 -7.382400035858e+00 1.199450016022e+01
   endloop
 endfacet
 facet normal 1.699008064100e-01 9.378081724849e-01 3.027367628843e-01
   outer loop
     vertex 3.084800004959e+00 -8.628999710083e+00 1.589490032196e+01
     vertex 7.677800178528e+00 -7.564899921417e+00 1.002089977264e+01
     vertex 3.153800010681e+00 -7.382400035858e+00 1.199450016022e+01
   endloop
 endfacet
 facet normal -1.217423644560e-01 7.946974930783e-01 -5.946719189534e-01
   outer loop
     vertex 1.325179958344e+01 -6.535999774933e+00 1.661050033569e+01
     vertex 3.084800004959e+00 -8.628999710083e+00 1.589490032196e+01
     vertex 7.726500034332e+00 -5.363900184631e+00 1.930800056458e+01
   endloop
 endfacet
 facet normal 9.335799997561e-02 9.687693783742e-01 -2.297175991624e-01
   outer loop
     vertex 1.135210037231e+01 -5.237100124359e+00 2.131620025635e+01
     vertex 1.325179958344e+01 -6.535999774933e+00 1.661050033569e+01
     vertex 7.726500034332e+00 -5.363900184631e+00 1.930800056458e+01
   endloop
 endfacet
 facet normal 8.933159418771e-02 8.014417582694e-01 -5.913636566292e-01
   outer loop
     vertex 1.672529983521e+01 -5.324299812317e+00 2.200970077515e+01
     vertex 1.578460025787e+01 -6.258299827576e+00 2.060180091858e+01
     vertex 1.135210037231e+01 -5.237100124359e+00 2.131620025635e+01
   endloop
 endfacet
 facet normal -2.633373696977e-01 9.562074661658e-01 -1.277525395815e-01
   outer loop
     vertex 7.955900192261e+00 -8.647000312805e+00 4.518300056458e+00
     vertex 2.729399919510e+00 -1.057759952545e+01 8.414999842644e-01
     vertex 5.381599903107e+00 -9.021200180054e+00 7.023900032043e+00
   endloop
 endfacet
 facet normal -9.994026226826e-02 9.228862836727e-01 -3.718774682427e-01
   outer loop
     vertex 7.677800178528e+00 -7.564899921417e+00 1.002089977264e+01
     vertex 5.381599903107e+00 -9.021200180054e+00 7.023900032043e+00
     vertex 2.297399997711e+00 -8.627099990845e+00 8.830800056458e+00
   endloop
 endfacet
 facet normal -2.091769350678e-01 9.674831502619e-01 1.422018417428e-01
   outer loop
     vertex 1.032810020447e+01 -6.708000183105e+00 1.347999954224e+01
     vertex 3.084800004959e+00 -8.628999710083e+00 1.589490032196e+01
     vertex 1.325179958344e+01 -6.535999774933e+00 1.661050033569e+01
   endloop
 endfacet
 facet normal -2.728215498333e-01 9.490948588514e-01 1.574399912613e-01
   outer loop
     vertex 1.451200008392e+01 -4.802400112152e+00 8.343600273132e+00
     vertex 1.325179958344e+01 -6.535999774933e+00 1.661050033569e+01
     vertex 1.748509979248e+01 -5.185200214386e+00 1.580319976807e+01
   endloop
 endfacet
 facet normal -4.134395106134e-01 8.891383529950e-01 -1.962161061104e-01
   outer loop
     vertex 1.270170021057e+01 -5.852200031281e+00 7.196199893951e+00
     vertex 1.066349983215e+01 -7.011000156403e+00 6.239799976349e+00
     vertex 7.677800178528e+00 -7.564899921417e+00 1.002089977264e+01
   endloop
 endfacet
 facet normal 4.504160636748e-01 -8.856196355721e-01 1.131513617811e-01
   outer loop
     vertex 1.066349983215e+01 -7.011000156403e+00 6.239799976349e+00
     vertex 1.270170021057e+01 -5.852200031281e+00 7.196199893951e+00
     vertex 7.677800178528e+00 -8.046400070190e+00 1.002089977264e+01
   endloop
 endfacet
 facet normal 3.592279619559e-01 -9.136913848421e-01 -1.900613706523e-01
   outer loop
     vertex 1.451200008392e+01 -4.802400112152e+00 8.343600273132e+00
     vertex 1.748509979248e+01 -5.185200214386e+00 1.580319976807e+01
     vertex 1.325179958344e+01 -7.017499923706e+00 1.661050033569e+01
   endloop
 endfacet
 facet normal 1.625110630807e-01 -9.818449402899e-01 -9.782978893749e-02
   outer loop
     vertex 3.084800004959e+00 -8.628999710083e+00 1.589490032196e+01
     vertex 1.032810020447e+01 -7.189499855042e+00 1.347999954224e+01
     vertex 1.325179958344e+01 -7.017499923706e+00 1.661050033569e+01
   endloop
 endfacet
 facet normal 4.766656961633e-04 -8.995673103522e-01 4.367818985896e-01
   outer loop
     vertex 5.381599903107e+00 -9.502799987793e+00 7.023900032043e+00
     vertex 7.677800178528e+00 -8.046400070190e+00 1.002089977264e+01
     vertex 2.297399997711e+00 -8.627099990845e+00 8.830800056458e+00
   endloop
 endfacet
 facet normal 3.335399181934e-01 -9.425072107280e-01 2.076729874756e-02
   outer loop
     vertex 2.729399919510e+00 -1.057759952545e+01 8.414999842644e-01
     vertex 7.955900192261e+00 -8.647000312805e+00 4.518300056458e+00
     vertex 5.381599903107e+00 -9.502799987793e+00 7.023900032043e+00
   endloop
 endfacet
 facet normal -1.062209664209e-01 -6.648366010456e-01 7.393979985114e-01
   outer loop
     vertex 1.135210037231e+01 -5.237100124359e+00 2.131620025635e+01
     vertex 1.578460025787e+01 -6.739799976349e+00 2.060180091858e+01
     vertex 1.672529983521e+01 -5.324299812317e+00 2.200970077515e+01
   endloop
 endfacet
 facet normal -1.346314731428e-01 -9.435482478480e-01 3.026401665713e-01
   outer loop
     vertex 1.325179958344e+01 -7.017499923706e+00 1.661050033569e+01
     vertex 1.135210037231e+01 -5.237100124359e+00 2.131620025635e+01
     vertex 7.726500034332e+00 -5.363900184631e+00 1.930800056458e+01
   endloop
 endfacet
 facet normal 7.774389772413e-02 -7.711072634644e-01 6.319410372805e-01
   outer loop
     vertex 1.325179958344e+01 -7.017499923706e+00 1.661050033569e+01
     vertex 7.726500034332e+00 -5.363900184631e+00 1.930800056458e+01
     vertex 3.084800004959e+00 -8.628999710083e+00 1.589490032196e+01
   endloop
 endfacet
 facet normal -2.645542244561e-01 -9.172274975107e-01 -2.978334771859e-01
   outer loop
     vertex 7.677800178528e+00 -8.046400070190e+00 1.002089977264e+01
     vertex 3.084800004959e+00 -8.628999710083e+00 1.589490032196e+01
     vertex 3.153800010681e+00 -7.382400035858e+00 1.199450016022e+01
   endloop
 endfacet
 facet normal 2.073025737228e-02 -9.322685912169e-01 3.611724383998e-01
   outer loop
     vertex 7.677800178528e+00 -8.046400070190e+00 1.002089977264e+01
     vertex 3.153800010681e+00 -7.382400035858e+00 1.199450016022e+01
     vertex 2.297399997711e+00 -8.627099990845e+00 8.830800056458e+00
   endloop
 endfacet
 facet normal 1.100188807268e-01 -9.853641771025e-01 1.302047785861e-01
   outer loop
     vertex 1.141100049019e+00 -1.070759963989e+01 1.489300012589e+00
     vertex 5.381599903107e+00 -9.502799987793e+00 7.023900032043e+00
     vertex 1.660999953747e-01 -1.054300022125e+01 3.558799982071e+00
   endloop
 endfacet
 facet normal 1.280471835429e-01 -9.849259132055e-01 1.162964500021e-01
   outer loop
     vertex 1.141100049019e+00 -1.070759963989e+01 1.489300012589e+00
     vertex 2.729399919510e+00 -1.057759952545e+01 8.414999842644e-01
     vertex 5.381599903107e+00 -9.502799987793e+00 7.023900032043e+00
   endloop
 endfacet
 facet normal 4.567925772037e-01 -8.815367070059e-01 1.193045498410e-01
   outer loop
     vertex 7.955900192261e+00 -8.647000312805e+00 4.518300056458e+00
     vertex 1.066349983215e+01 -7.011000156403e+00 6.239799976349e+00
     vertex 7.677800178528e+00 -8.046400070190e+00 1.002089977264e+01
   endloop
 endfacet
 facet normal 3.728776672290e-01 -9.261735085935e-01 -5.625724185844e-02
   outer loop
     vertex 7.677800178528e+00 -8.046400070190e+00 1.002089977264e+01
     vertex 1.270170021057e+01 -5.852200031281e+00 7.196199893951e+00
     vertex 1.032810020447e+01 -7.189499855042e+00 1.347999954224e+01
   endloop
 endfacet
 facet normal 5.592988846409e-01 -8.180735161905e-01 -1.339420760895e-01
   outer loop
     vertex 1.270170021057e+01 -5.852200031281e+00 7.196199893951e+00
     vertex 1.451200008392e+01 -4.802400112152e+00 8.343600273132e+00
     vertex 1.325179958344e+01 -7.017499923706e+00 1.661050033569e+01
   endloop
 endfacet
 facet normal 3.645122963160e-01 -9.159953489821e-01 -1.675807461424e-01
   outer loop
     vertex 1.325179958344e+01 -7.017499923706e+00 1.661050033569e+01
     vertex 1.748509979248e+01 -5.185200214386e+00 1.580319976807e+01
     vertex 1.578460025787e+01 -6.739799976349e+00 2.060180091858e+01
   endloop
 endfacet
 facet normal 7.899004237362e-01 -6.075809472451e-01 8.308256812431e-02
   outer loop
     vertex 1.672529983521e+01 -5.324299812317e+00 2.200970077515e+01
     vertex 1.578460025787e+01 -6.739799976349e+00 2.060180091858e+01
     vertex 1.748509979248e+01 -5.185200214386e+00 1.580319976807e+01
   endloop
 endfacet
 facet normal -5.348359268835e-02 -9.313811341596e-01 3.600953877028e-01
   outer loop
     vertex 5.381599903107e+00 -9.502799987793e+00 7.023900032043e+00
     vertex 2.297399997711e+00 -8.627099990845e+00 8.830800056458e+00
     vertex 1.660999953747e-01 -1.054300022125e+01 3.558799982071e+00
   endloop
 endfacet
 facet normal 2.180627591119e-01 -9.731259209900e-01 7.399037090006e-02
   outer loop
     vertex 7.677800178528e+00 -8.046400070190e+00 1.002089977264e+01
     vertex 1.032810020447e+01 -7.189499855042e+00 1.347999954224e+01
     vertex 3.084800004959e+00 -8.628999710083e+00 1.589490032196e+01
   endloop
 endfacet
 facet normal -2.766968508891e-01 -9.304215981517e-01 2.403216644436e-01
   outer loop
     vertex 1.325179958344e+01 -7.017499923706e+00 1.661050033569e+01
     vertex 1.578460025787e+01 -6.739799976349e+00 2.060180091858e+01
     vertex 1.135210037231e+01 -5.237100124359e+00 2.131620025635e+01
   endloop
 endfacet
 facet normal 1.982666216408e-01 -9.712453878082e-01 -1.318057032315e-01
   outer loop
     vertex 1.270170021057e+01 -5.852200031281e+00 7.196199893951e+00
     vertex 1.325179958344e+01 -7.017499923706e+00 1.661050033569e+01
     vertex 1.032810020447e+01 -7.189499855042e+00 1.347999954224e+01
   endloop
 endfacet
 facet normal 4.159345403869e-01 -9.015193627937e-01 1.194206708288e-01
   outer loop
     vertex 5.381599903107e+00 -9.502799987793e+00 7.023900032043e+00
     vertex 7.955900192261e+00 -8.647000312805e+00 4.518300056458e+00
     vertex 7.677800178528e+00 -8.046400070190e+00 1.002089977264e+01
   endloop
 endfacet
 facet normal -6.085737667252e-02 9.784899013567e-01 1.971139077981e-01
   outer loop
     vertex 5.563899993896e+00 -1.073910045624e+01 -4.557499885559e+00
     vertex 9.740699768066e+00 -9.468099594116e+00 -9.577300071716e+00
     vertex 3.249399900436e+00 -1.051949977875e+01 -6.362199783325e+00
   endloop
 endfacet
 facet normal -6.523769833592e-02 9.973822326425e-01 -3.118853515230e-02
   outer loop
     vertex 7.773300170898e+00 -1.053419971466e+01 -2.626399993896e+00
     vertex 5.563899993896e+00 -1.073910045624e+01 -4.557499885559e+00
     vertex 3.735699892044e+00 -1.071090030670e+01 1.684000045061e-01
   endloop
 endfacet
 facet normal -8.157413546926e-02 9.216054367020e-01 3.794589298774e-01
   outer loop
     vertex 9.740699768066e+00 -9.468099594116e+00 -9.577300071716e+00
     vertex 1.497579956055e+01 -6.414199829102e+00 -1.586900043488e+01
     vertex 5.825300216675e+00 -8.926300048828e+00 -1.173490047455e+01
   endloop
 endfacet
 facet normal -6.613051847519e-01 7.489660986190e-01 4.153595719126e-02
   outer loop
     vertex 1.818759918213e+01 -3.679500102997e+00 -1.404450035095e+01
     vertex 1.497579956055e+01 -6.414199829102e+00 -1.586900043488e+01
     vertex 1.628849983215e+01 -5.725800037384e+00 -7.382199764252e+00
   endloop
 endfacet
 facet normal -3.330112141791e-01 -3.989416715897e-01 8.543705717663e-01
   outer loop
     vertex 1.254940032959e+01 -3.543800115585e+00 -1.874500083923e+01
     vertex 1.632259941101e+01 -4.000800132751e+00 -1.748769950867e+01
     vertex 1.577400016785e+01 -2.130700111389e+00 -1.682830047607e+01
   endloop
 endfacet
 facet normal -1.810482887822e-01 6.155075001214e-01 7.670541274404e-01
   outer loop
     vertex 1.254940032959e+01 -3.543800115585e+00 -1.874500083923e+01
     vertex 1.497579956055e+01 -6.414199829102e+00 -1.586900043488e+01
     vertex 1.632259941101e+01 -4.000800132751e+00 -1.748769950867e+01
   endloop
 endfacet
 facet normal 9.366759739659e-02 7.452464532835e-01 6.601773285007e-01
   outer loop
     vertex 1.497579956055e+01 -6.414199829102e+00 -1.586900043488e+01
     vertex 6.457900047302e+00 -5.444600105286e+00 -1.575500011444e+01
     vertex 5.825300216675e+00 -8.926300048828e+00 -1.173490047455e+01
   endloop
 endfacet
 facet normal -1.902802380913e-02 9.610118043693e-01 2.758518554820e-01
   outer loop
     vertex 9.740699768066e+00 -9.468099594116e+00 -9.577300071716e+00
     vertex 5.825300216675e+00 -8.926300048828e+00 -1.173490047455e+01
     vertex 3.249399900436e+00 -1.051949977875e+01 -6.362199783325e+00
   endloop
 endfacet
 facet normal -1.779918393746e-01 9.789611348772e-01 9.976974248688e-02
   outer loop
     vertex 9.740699768066e+00 -9.468099594116e+00 -9.577300071716e+00
     vertex 5.563899993896e+00 -1.073910045624e+01 -4.557499885559e+00
     vertex 7.773300170898e+00 -1.053419971466e+01 -2.626399993896e+00
   endloop
 endfacet
 facet normal -6.345687607851e-02 9.975183947777e-01 -3.050044193927e-02
   outer loop
     vertex 5.563899993896e+00 -1.073910045624e+01 -4.557499885559e+00
     vertex 2.251300096512e+00 -1.082810020447e+01 -5.763000249863e-01
     vertex 3.735699892044e+00 -1.071090030670e+01 1.684000045061e-01
   endloop
 endfacet
 facet normal 2.933802827534e-02 9.960692088033e-01 8.357877344697e-02
   outer loop
     vertex 5.563899993896e+00 -1.073910045624e+01 -4.557499885559e+00
     vertex 3.249399900436e+00 -1.051949977875e+01 -6.362199783325e+00
     vertex 1.454499959946e+00 -1.081789970398e+01 -2.175899982452e+00
   endloop
 endfacet
 facet normal -3.493315631418e-01 9.236407459283e-01 1.576554199952e-01
   outer loop
     vertex 1.497579956055e+01 -6.414199829102e+00 -1.586900043488e+01
     vertex 9.740699768066e+00 -9.468099594116e+00 -9.577300071716e+00
     vertex 1.261100006104e+01 -8.965200424194e+00 -6.163599967957e+00
   endloop
 endfacet
 facet normal -7.135407842518e-01 6.186921327731e-01 3.287546106962e-01
   outer loop
     vertex 1.497579956055e+01 -6.414199829102e+00 -1.586900043488e+01
     vertex 1.818759918213e+01 -3.679500102997e+00 -1.404450035095e+01
     vertex 1.632259941101e+01 -4.000800132751e+00 -1.748769950867e+01
   endloop
 endfacet
 facet normal -7.913093680092e-01 -3.963007871774e-01 4.655912050108e-01
   outer loop
     vertex 1.632259941101e+01 -4.000800132751e+00 -1.748769950867e+01
     vertex 1.818759918213e+01 -3.679500102997e+00 -1.404450035095e+01
     vertex 1.577400016785e+01 -2.130700111389e+00 -1.682830047607e+01
   endloop
 endfacet
 facet normal -6.530426282582e-01 7.562817265222e-01 3.966454091855e-02
   outer loop
     vertex 1.497579956055e+01 -6.414199829102e+00 -1.586900043488e+01
     vertex 1.261100006104e+01 -8.965200424194e+00 -6.163599967957e+00
     vertex 1.628849983215e+01 -5.725800037384e+00 -7.382199764252e+00
   endloop
 endfacet
 facet normal 9.344711501831e-02 7.430100453777e-01 6.627244594570e-01
   outer loop
     vertex 1.497579956055e+01 -6.414199829102e+00 -1.586900043488e+01
     vertex 1.254940032959e+01 -3.543800115585e+00 -1.874500083923e+01
     vertex 6.457900047302e+00 -5.444600105286e+00 -1.575500011444e+01
   endloop
 endfacet
 facet normal -1.201015092284e-02 9.998515006993e-01 1.235851221696e-02
   outer loop
     vertex 2.251300096512e+00 -1.082810020447e+01 -5.763000249863e-01
     vertex 5.563899993896e+00 -1.073910045624e+01 -4.557499885559e+00
     vertex 1.454499959946e+00 -1.081789970398e+01 -2.175899982452e+00
   endloop
 endfacet
 facet normal -2.577391341262e-01 9.633149940366e-01 7.479813503137e-02
   outer loop
     vertex 9.740699768066e+00 -9.468099594116e+00 -9.577300071716e+00
     vertex 7.773300170898e+00 -1.053419971466e+01 -2.626399993896e+00
     vertex 1.261100006104e+01 -8.965200424194e+00 -6.163599967957e+00
   endloop
 endfacet
 facet normal 3.125326797501e-01 -9.498874405460e-01 6.097079726904e-03
   outer loop
     vertex 9.740699768066e+00 -9.931500434875e+00 -9.577300071716e+00
     vertex 1.261100006104e+01 -8.965200424194e+00 -6.163599967957e+00
     vertex 7.773300170898e+00 -1.053419971466e+01 -2.626399993896e+00
   endloop
 endfacet
 facet normal -7.524177079400e-02 -9.966794718683e-01 3.112404671700e-02
   outer loop
     vertex 1.454499959946e+00 -1.081789970398e+01 -2.175899982452e+00
     vertex 5.563899993896e+00 -1.120250034332e+01 -4.557499885559e+00
     vertex 2.251300096512e+00 -1.082810020447e+01 -5.763000249863e-01
   endloop
 endfacet
 facet normal -1.270628107213e-01 -6.993139144171e-01 -7.034309427615e-01
   outer loop
     vertex 6.457900047302e+00 -5.444600105286e+00 -1.575500011444e+01
     vertex 1.254940032959e+01 -3.543800115585e+00 -1.874500083923e+01
     vertex 1.497579956055e+01 -6.877600193024e+00 -1.586900043488e+01
   endloop
 endfacet
 facet normal 6.609249022519e-01 -7.504519499114e-01 -3.800756156212e-04
   outer loop
     vertex 1.497579956055e+01 -6.877600193024e+00 -1.586900043488e+01
     vertex 1.628849983215e+01 -5.725800037384e+00 -7.382199764252e+00
     vertex 1.261100006104e+01 -8.965200424194e+00 -6.163599967957e+00
   endloop
 endfacet
 facet normal 7.626424528801e-01 5.349528701950e-01 -3.635958136931e-01
   outer loop
     vertex 1.818759918213e+01 -3.679500102997e+00 -1.404450035095e+01
     vertex 1.675580024719e+01 -4.332399845123e+00 -1.800830078125e+01
     vertex 1.577400016785e+01 -2.130700111389e+00 -1.682830047607e+01
   endloop
 endfacet
 facet normal 7.406682216516e-01 -6.525264421413e-01 -1.600619497006e-01
   outer loop
     vertex 1.818759918213e+01 -3.679500102997e+00 -1.404450035095e+01
     vertex 1.497579956055e+01 -6.877600193024e+00 -1.586900043488e+01
     vertex 1.675580024719e+01 -4.332399845123e+00 -1.800830078125e+01
   endloop
 endfacet
 facet normal 4.156010939083e-01 -9.047446068551e-01 -9.334306138506e-02
   outer loop
     vertex 1.497579956055e+01 -6.877600193024e+00 -1.586900043488e+01
     vertex 1.261100006104e+01 -8.965200424194e+00 -6.163599967957e+00
     vertex 9.740699768066e+00 -9.931500434875e+00 -9.577300071716e+00
   endloop
 endfacet
 facet normal -1.748299125978e-01 -9.739548600374e-01 -1.443829362164e-01
   outer loop
     vertex 3.249399900436e+00 -1.051949977875e+01 -6.362199783325e+00
     vertex 5.563899993896e+00 -1.120250034332e+01 -4.557499885559e+00
     vertex 1.454499959946e+00 -1.081789970398e+01 -2.175899982452e+00
   endloop
 endfacet
 facet normal 2.227076505983e-02 -9.934633520174e-01 1.119579439879e-01
   outer loop
     vertex 5.563899993896e+00 -1.120250034332e+01 -4.557499885559e+00
     vertex 3.735699892044e+00 -1.071090030670e+01 1.684000045061e-01
     vertex 2.251300096512e+00 -1.082810020447e+01 -5.763000249863e-01
   endloop
 endfacet
 facet normal 2.901968769787e-01 -9.569665977140e-01 -8.387202071857e-04
   outer loop
     vertex 9.740699768066e+00 -9.931500434875e+00 -9.577300071716e+00
     vertex 7.773300170898e+00 -1.053419971466e+01 -2.626399993896e+00
     vertex 5.563899993896e+00 -1.120250034332e+01 -4.557499885559e+00
   endloop
 endfacet
 facet normal -6.988928111818e-02 -9.467618767686e-01 -3.142569602766e-01
   outer loop
     vertex 9.740699768066e+00 -9.931500434875e+00 -9.577300071716e+00
     vertex 3.249399900436e+00 -1.051949977875e+01 -6.362199783325e+00
     vertex 5.825300216675e+00 -8.926300048828e+00 -1.173490047455e+01
   endloop
 endfacet
 facet normal -1.331210140171e-01 -7.387211669323e-01 -6.607343135885e-01
   outer loop
     vertex 1.497579956055e+01 -6.877600193024e+00 -1.586900043488e+01
     vertex 5.825300216675e+00 -8.926300048828e+00 -1.173490047455e+01
     vertex 6.457900047302e+00 -5.444600105286e+00 -1.575500011444e+01
   endloop
 endfacet
 facet normal 1.181974341330e-02 -6.482131318565e-01 -7.613672105853e-01
   outer loop
     vertex 1.497579956055e+01 -6.877600193024e+00 -1.586900043488e+01
     vertex 1.254940032959e+01 -3.543800115585e+00 -1.874500083923e+01
     vertex 1.675580024719e+01 -4.332399845123e+00 -1.800830078125e+01
   endloop
 endfacet
 facet normal 2.424025015646e-01 5.400524224806e-01 -8.059679945308e-01
   outer loop
     vertex 1.254940032959e+01 -3.543800115585e+00 -1.874500083923e+01
     vertex 1.577400016785e+01 -2.130700111389e+00 -1.682830047607e+01
     vertex 1.675580024719e+01 -4.332399845123e+00 -1.800830078125e+01
   endloop
 endfacet
 facet normal 7.095436495922e-01 -7.045197230166e-01 -1.413397339823e-02
   outer loop
     vertex 1.628849983215e+01 -5.725800037384e+00 -7.382199764252e+00
     vertex 1.497579956055e+01 -6.877600193024e+00 -1.586900043488e+01
     vertex 1.818759918213e+01 -3.679500102997e+00 -1.404450035095e+01
   endloop
 endfacet
 facet normal 6.642851550005e-03 -9.017646957933e-01 -4.321762440766e-01
   outer loop
     vertex 1.497579956055e+01 -6.877600193024e+00 -1.586900043488e+01
     vertex 9.740699768066e+00 -9.931500434875e+00 -9.577300071716e+00
     vertex 5.825300216675e+00 -8.926300048828e+00 -1.173490047455e+01
   endloop
 endfacet
 facet normal 1.541255188731e-01 -9.748411004792e-01 1.610284237288e-01
   outer loop
     vertex 7.773300170898e+00 -1.053419971466e+01 -2.626399993896e+00
     vertex 3.735699892044e+00 -1.071090030670e+01 1.684000045061e-01
     vertex 5.563899993896e+00 -1.120250034332e+01 -4.557499885559e+00
   endloop
 endfacet
 facet normal -5.660875074256e-02 -9.556339455001e-01 -2.890661023837e-01
   outer loop
     vertex 9.740699768066e+00 -9.931500434875e+00 -9.577300071716e+00
     vertex 5.563899993896e+00 -1.120250034332e+01 -4.557499885559e+00
     vertex 3.249399900436e+00 -1.051949977875e+01 -6.362199783325e+00
   endloop
 endfacet
 facet normal -2.510946411748e-01 6.596499336644e-01 7.083879206973e-01
   outer loop
     vertex -9.684000015259e-01 -5.365600109100e+00 -1.204559993744e+01
     vertex 2.329400062561e+00 -9.158200263977e+00 -7.344999790192e+00
     vertex 3.909300088882e+00 -4.625000000000e+00 -1.100629997253e+01
   endloop
 endfacet
 facet normal 3.351310844785e-01 3.167197450655e-01 8.873419630007e-01
   outer loop
     vertex -1.020400047302e+00 4.799000024796e-01 -1.411240005493e+01
     vertex -5.820700168610e+00 -4.496200084686e+00 -1.052330017090e+01
     vertex -9.684000015259e-01 -5.365600109100e+00 -1.204559993744e+01
   endloop
 endfacet
 facet normal -4.851615737473e-01 1.611043802760e-01 8.594554241000e-01
   outer loop
     vertex 3.439399957657e+00 4.147299766541e+00 -1.228229999542e+01
     vertex -1.020400047302e+00 4.799000024796e-01 -1.411240005493e+01
     vertex 4.528399944305e+00 -1.073099970818e+00 -1.068900012970e+01
   endloop
 endfacet
 facet normal 2.068110103870e-01 9.518550403266e-01 2.262767955128e-01
   outer loop
     vertex -2.532000064850e+00 -1.048040008545e+01 -2.712500095367e+00
     vertex -8.205000162125e-01 -9.789999961853e+00 -7.181000232697e+00
     vertex -3.931200027466e+00 -9.129300117493e+00 -7.117199897766e+00
   endloop
 endfacet
 facet normal 2.982290117845e-01 -4.163637397126e-01 8.588950417732e-01
   outer loop
     vertex -5.530900001526e+00 4.919899940491e+00 -1.223540019989e+01
     vertex -9.965000152588e-01 4.870500087738e+00 -1.383380031586e+01
     vertex -8.044999837875e-01 9.231499671936e+00 -1.178639984131e+01
   endloop
 endfacet
 facet normal 3.312278024053e-01 -6.154728703468e-02 9.415413290836e-01
   outer loop
     vertex -9.965000152588e-01 4.870500087738e+00 -1.383380031586e+01
     vertex -5.530900001526e+00 4.919899940491e+00 -1.223540019989e+01
     vertex -1.020400047302e+00 4.799000024796e-01 -1.411240005493e+01
   endloop
 endfacet
 facet normal -2.437638413762e-01 3.213644133146e-01 9.150432249312e-01
   outer loop
     vertex -1.020400047302e+00 4.799000024796e-01 -1.411240005493e+01
     vertex -9.684000015259e-01 -5.365600109100e+00 -1.204559993744e+01
     vertex 3.909300088882e+00 -4.625000000000e+00 -1.100629997253e+01
   endloop
 endfacet
 facet normal 1.689543285456e-01 7.317021116052e-01 6.603532802509e-01
   outer loop
     vertex -8.205000162125e-01 -9.789999961853e+00 -7.181000232697e+00
     vertex -9.684000015259e-01 -5.365600109100e+00 -1.204559993744e+01
     vertex -3.931200027466e+00 -9.129300117493e+00 -7.117199897766e+00
   endloop
 endfacet
 facet normal 5.907434126227e-02 9.828859986215e-01 1.744859189685e-01
   outer loop
     vertex -6.509000062943e-01 -1.067860031128e+01 -2.232899904251e+00
     vertex -8.205000162125e-01 -9.789999961853e+00 -7.181000232697e+00
     vertex -2.532000064850e+00 -1.048040008545e+01 -2.712500095367e+00
   endloop
 endfacet
 facet normal -2.396442543418e-02 9.838287182387e-01 1.775014351558e-01
   outer loop
     vertex 1.353000044823e+00 -1.046420001984e+01 -3.150700092316e+00
     vertex -8.205000162125e-01 -9.789999961853e+00 -7.181000232697e+00
     vertex -6.509000062943e-01 -1.067860031128e+01 -2.232899904251e+00
   endloop
 endfacet
 facet normal -1.121991345025e-01 7.334143659495e-01 6.704585908434e-01
   outer loop
     vertex 2.329400062561e+00 -9.158200263977e+00 -7.344999790192e+00
     vertex -9.684000015259e-01 -5.365600109100e+00 -1.204559993744e+01
     vertex -8.205000162125e-01 -9.789999961853e+00 -7.181000232697e+00
   endloop
 endfacet
 facet normal 2.237547867213e-01 4.188917468809e-01 8.800360787004e-01
   outer loop
     vertex -7.323999881744e+00 6.182000041008e-01 -1.257549953461e+01
     vertex -5.820700168610e+00 -4.496200084686e+00 -1.052330017090e+01
     vertex -1.020400047302e+00 4.799000024796e-01 -1.411240005493e+01
   endloop
 endfacet
 facet normal -3.379756669484e-01 -5.776738411697e-02 9.393803158908e-01
   outer loop
     vertex 3.439399957657e+00 4.147299766541e+00 -1.228229999542e+01
     vertex -9.965000152588e-01 4.870500087738e+00 -1.383380031586e+01
     vertex -1.020400047302e+00 4.799000024796e-01 -1.411240005493e+01
   endloop
 endfacet
 facet normal -3.599907001992e-01 -3.834495687336e-01 8.505134472823e-01
   outer loop
     vertex -8.044999837875e-01 9.231499671936e+00 -1.178639984131e+01
     vertex -9.965000152588e-01 4.870500087738e+00 -1.383380031586e+01
     vertex 3.439399957657e+00 4.147299766541e+00 -1.228229999542e+01
   endloop
 endfacet
 facet normal -1.774100350928e-01 9.506080692027e-01 2.546958543344e-01
   outer loop
     vertex 1.353000044823e+00 -1.046420001984e+01 -3.150700092316e+00
     vertex 2.329400062561e+00 -9.158200263977e+00 -7.344999790192e+00
     vertex -8.205000162125e-01 -9.789999961853e+00 -7.181000232697e+00
   endloop
 endfacet
 facet normal -5.220092858345e-01 1.480305471108e-02 8.528113361546e-01
   outer loop
     vertex 4.528399944305e+00 -1.073099970818e+00 -1.068900012970e+01
     vertex -1.020400047302e+00 4.799000024796e-01 -1.411240005493e+01
     vertex 3.909300088882e+00 -4.625000000000e+00 -1.100629997253e+01
   endloop
 endfacet
 facet normal 2.298095420212e-01 -1.715337175786e-01 9.579998737629e-01
   outer loop
     vertex -1.020400047302e+00 4.799000024796e-01 -1.411240005493e+01
     vertex -5.530900001526e+00 4.919899940491e+00 -1.223540019989e+01
     vertex -7.323999881744e+00 6.182000041008e-01 -1.257549953461e+01
   endloop
 endfacet
 facet normal 3.317800819656e-01 6.428648072906e-01 6.903961303180e-01
   outer loop
     vertex -5.820700168610e+00 -4.496200084686e+00 -1.052330017090e+01
     vertex -3.931200027466e+00 -9.129300117493e+00 -7.117199897766e+00
     vertex -9.684000015259e-01 -5.365600109100e+00 -1.204559993744e+01
   endloop
 endfacet
 facet normal -4.023231863758e-01 -6.430993736004e-01 -6.515821125378e-01
   outer loop
     vertex -3.931200027466e+00 -9.129300117493e+00 -7.117199897766e+00
     vertex -5.820700168610e+00 -4.496200084686e+00 -1.052330017090e+01
     vertex -9.684000015259e-01 -5.365600109100e+00 -1.266129970551e+01
   endloop
 endfacet
 facet normal -3.123939138905e-01 2.035766884916e-01 -9.278828452272e-01
   outer loop
     vertex -5.530900001526e+00 4.919899940491e+00 -1.223540019989e+01
     vertex -1.020400047302e+00 4.799000024796e-01 -1.472809982300e+01
     vertex -7.323999881744e+00 6.182000041008e-01 -1.257549953461e+01
   endloop
 endfacet
 facet normal 5.829361999175e-01 -2.906865260388e-02 -8.119977834093e-01
   outer loop
     vertex -1.020400047302e+00 4.799000024796e-01 -1.472809982300e+01
     vertex 4.528399944305e+00 -1.073099970818e+00 -1.068900012970e+01
     vertex 3.909300088882e+00 -4.625000000000e+00 -1.100629997253e+01
   endloop
 endfacet
 facet normal 2.746898308486e-01 -9.343560878123e-01 -2.269894226532e-01
   outer loop
     vertex -8.205000162125e-01 -9.974499702454e+00 -7.796700000763e+00
     vertex 2.329400062561e+00 -9.158200263977e+00 -7.344999790192e+00
     vertex 1.353000044823e+00 -1.046420001984e+01 -3.150700092316e+00
   endloop
 endfacet
 facet normal 4.500883715157e-01 4.508807823446e-01 -7.707963271440e-01
   outer loop
     vertex -9.965000152588e-01 4.870500087738e+00 -1.444950008392e+01
     vertex -8.044999837875e-01 9.231499671936e+00 -1.178639984131e+01
     vertex 3.439399957657e+00 4.147299766541e+00 -1.228229999542e+01
   endloop
 endfacet
 facet normal 4.454543624794e-01 5.428105662308e-02 -8.936576401732e-01
   outer loop
     vertex -9.965000152588e-01 4.870500087738e+00 -1.444950008392e+01
     vertex 3.439399957657e+00 4.147299766541e+00 -1.228229999542e+01
     vertex -1.020400047302e+00 4.799000024796e-01 -1.472809982300e+01
   endloop
 endfacet
 facet normal -3.002082855684e-01 -4.299131214961e-01 -8.514984986725e-01
   outer loop
     vertex -5.820700168610e+00 -4.496200084686e+00 -1.052330017090e+01
     vertex -7.323999881744e+00 6.182000041008e-01 -1.257549953461e+01
     vertex -1.020400047302e+00 4.799000024796e-01 -1.472809982300e+01
   endloop
 endfacet
 facet normal 2.752221818463e-01 -6.937014472481e-01 -6.656057787502e-01
   outer loop
     vertex -9.684000015259e-01 -5.365600109100e+00 -1.266129970551e+01
     vertex 2.329400062561e+00 -9.158200263977e+00 -7.344999790192e+00
     vertex -8.205000162125e-01 -9.974499702454e+00 -7.796700000763e+00
   endloop
 endfacet
 facet normal 4.790893130186e-02 -9.907652747451e-01 -1.268420461076e-01
   outer loop
     vertex -8.205000162125e-01 -9.974499702454e+00 -7.796700000763e+00
     vertex 1.353000044823e+00 -1.046420001984e+01 -3.150700092316e+00
     vertex -6.509000062943e-01 -1.067860031128e+01 -2.232899904251e+00
   endloop
 endfacet
 facet normal -7.291437417922e-02 -9.897211128183e-01 -1.230268786882e-01
   outer loop
     vertex -8.205000162125e-01 -9.974499702454e+00 -7.796700000763e+00
     vertex -6.509000062943e-01 -1.067860031128e+01 -2.232899904251e+00
     vertex -2.532000064850e+00 -1.048040008545e+01 -2.712500095367e+00
   endloop
 endfacet
 facet normal -3.284001973346e-01 -6.906318334201e-01 -6.443453895679e-01
   outer loop
     vertex -9.684000015259e-01 -5.365600109100e+00 -1.266129970551e+01
     vertex -8.205000162125e-01 -9.974499702454e+00 -7.796700000763e+00
     vertex -3.931200027466e+00 -9.129300117493e+00 -7.117199897766e+00
   endloop
 endfacet
 facet normal 3.473478537943e-01 -3.098446605246e-01 -8.850682204265e-01
   outer loop
     vertex -1.020400047302e+00 4.799000024796e-01 -1.472809982300e+01
     vertex 3.909300088882e+00 -4.625000000000e+00 -1.100629997253e+01
     vertex -9.684000015259e-01 -5.365600109100e+00 -1.266129970551e+01
   endloop
 endfacet
 facet normal -4.374809048048e-01 5.931644140988e-02 -8.972692002457e-01
   outer loop
     vertex -5.530900001526e+00 4.919899940491e+00 -1.223540019989e+01
     vertex -9.965000152588e-01 4.870500087738e+00 -1.444950008392e+01
     vertex -1.020400047302e+00 4.799000024796e-01 -1.472809982300e+01
   endloop
 endfacet
 facet normal -3.769510083657e-01 4.947579274375e-01 -7.830214112844e-01
   outer loop
     vertex -5.530900001526e+00 4.919899940491e+00 -1.223540019989e+01
     vertex -8.044999837875e-01 9.231499671936e+00 -1.178639984131e+01
     vertex -9.965000152588e-01 4.870500087738e+00 -1.444950008392e+01
   endloop
 endfacet
 facet normal -2.962833412097e-01 -9.354343266034e-01 -1.928180549994e-01
   outer loop
     vertex -3.931200027466e+00 -9.129300117493e+00 -7.117199897766e+00
     vertex -8.205000162125e-01 -9.974499702454e+00 -7.796700000763e+00
     vertex -2.532000064850e+00 -1.048040008545e+01 -2.712500095367e+00
   endloop
 endfacet
 facet normal 5.585985306526e-01 -1.333314847002e-01 -8.186515722458e-01
   outer loop
     vertex -1.020400047302e+00 4.799000024796e-01 -1.472809982300e+01
     vertex 3.439399957657e+00 4.147299766541e+00 -1.228229999542e+01
     vertex 4.528399944305e+00 -1.073099970818e+00 -1.068900012970e+01
   endloop
 endfacet
 facet normal -4.292227224275e-01 -3.044712325048e-01 -8.503323603915e-01
   outer loop
     vertex -5.820700168610e+00 -4.496200084686e+00 -1.052330017090e+01
     vertex -1.020400047302e+00 4.799000024796e-01 -1.472809982300e+01
     vertex -9.684000015259e-01 -5.365600109100e+00 -1.266129970551e+01
   endloop
 endfacet
 facet normal 3.293066425210e-01 -6.600786012717e-01 -6.751691457219e-01
   outer loop
     vertex 2.329400062561e+00 -9.158200263977e+00 -7.344999790192e+00
     vertex -9.684000015259e-01 -5.365600109100e+00 -1.266129970551e+01
     vertex 3.909300088882e+00 -4.625000000000e+00 -1.100629997253e+01
   endloop
 endfacet
 facet normal -2.941508520006e-01 2.247887701300e-01 -9.289484835505e-01
   outer loop
     vertex -4.189000129700e-01 -5.228999853134e-01 1.263780021667e+01
     vertex 5.453599929810e+00 -5.074800014496e+00 9.676799774170e+00
     vertex -7.192000150681e-01 -5.300899982452e+00 1.157670021057e+01
   endloop
 endfacet
 facet normal 2.373983121746e-01 -3.218122359974e-01 -9.165581957186e-01
   outer loop
     vertex -4.189000129700e-01 -5.228999853134e-01 1.263780021667e+01
     vertex -4.301599979401e+00 3.077800035477e+00 1.036789989471e+01
     vertex -6.762999892235e-01 2.925400018692e+00 1.136040019989e+01
   endloop
 endfacet
 facet normal -1.322769106812e-01 6.900648330626e-01 -7.115569865239e-01
   outer loop
     vertex -1.196200013161e+00 -8.910499572754e+00 8.164799690247e+00
     vertex -7.192000150681e-01 -5.300899982452e+00 1.157670021057e+01
     vertex 2.744100093842e+00 -8.446800231934e+00 7.881999969482e+00
   endloop
 endfacet
 facet normal 2.017108069719e-01 9.262941085471e-01 -3.182640017685e-01
   outer loop
     vertex -1.196200013161e+00 -8.910499572754e+00 8.164799690247e+00
     vertex -3.549000024796e+00 -1.020230007172e+01 2.913899898529e+00
     vertex -4.794799804688e+00 -8.198399543762e+00 7.956600189209e+00
   endloop
 endfacet
 facet normal -8.556268057915e-02 -5.844823178983e-01 -8.068825489229e-01
   outer loop
     vertex -6.762999892235e-01 2.925400018692e+00 1.136040019989e+01
     vertex -1.095299959183e+00 4.954100131989e+00 9.935299873352e+00
     vertex 2.769399881363e+00 3.089699983597e+00 1.087600040436e+01
   endloop
 endfacet
 facet normal -4.362990387752e-01 -5.299950365816e-02 -8.982395011220e-01
   outer loop
     vertex -4.189000129700e-01 -5.228999853134e-01 1.263780021667e+01
     vertex 2.769399881363e+00 3.089699983597e+00 1.087600040436e+01
     vertex 7.264500141144e+00 -1.264099955559e+00 8.949500083923e+00
   endloop
 endfacet
 facet normal -4.300109623318e-01 3.214630876887e-02 -9.022511773930e-01
   outer loop
     vertex -4.189000129700e-01 -5.228999853134e-01 1.263780021667e+01
     vertex 7.264500141144e+00 -1.264099955559e+00 8.949500083923e+00
     vertex 5.453599929810e+00 -5.074800014496e+00 9.676799774170e+00
   endloop
 endfacet
 facet normal -2.542605002295e-01 6.056446158487e-01 -7.540200244798e-01
   outer loop
     vertex 2.744100093842e+00 -8.446800231934e+00 7.881999969482e+00
     vertex -7.192000150681e-01 -5.300899982452e+00 1.157670021057e+01
     vertex 5.453599929810e+00 -5.074800014496e+00 9.676799774170e+00
   endloop
 endfacet
 facet normal -5.812988450675e-03 9.741977182061e-01 -2.256213974945e-01
   outer loop
     vertex -1.196200013161e+00 -8.910499572754e+00 8.164799690247e+00
     vertex 6.100000143051e-01 -1.021039962769e+01 2.505500078201e+00
     vertex -1.427099943161e+00 -1.040950012207e+01 1.698300004005e+00
   endloop
 endfacet
 facet normal -3.354740130804e-02 9.738830592949e-01 -2.245581409876e-01
   outer loop
     vertex -1.196200013161e+00 -8.910499572754e+00 8.164799690247e+00
     vertex -1.427099943161e+00 -1.040950012207e+01 1.698300004005e+00
     vertex -3.549000024796e+00 -1.020230007172e+01 2.913899898529e+00
   endloop
 endfacet
 facet normal 1.735169100125e-01 6.642981545203e-01 -7.270487217791e-01
   outer loop
     vertex -4.794799804688e+00 -8.198399543762e+00 7.956600189209e+00
     vertex -7.192000150681e-01 -5.300899982452e+00 1.157670021057e+01
     vertex -1.196200013161e+00 -8.910499572754e+00 8.164799690247e+00
   endloop
 endfacet
 facet normal 5.612975112876e-01 -9.357389682659e-02 -8.223071382732e-01
   outer loop
     vertex -6.675300121307e+00 -4.907999932766e-01 8.363599777222e+00
     vertex -4.189000129700e-01 -5.228999853134e-01 1.263780021667e+01
     vertex -5.756800174713e+00 -4.742700099945e+00 9.474399566650e+00
   endloop
 endfacet
 facet normal 5.622251606346e-01 8.787385215232e-02 -8.223022892205e-01
   outer loop
     vertex -4.301599979401e+00 3.077800035477e+00 1.036789989471e+01
     vertex -4.189000129700e-01 -5.228999853134e-01 1.263780021667e+01
     vertex -6.675300121307e+00 -4.907999932766e-01 8.363599777222e+00
   endloop
 endfacet
 facet normal 2.021633738645e-01 -5.346483688233e-01 -8.205370753246e-01
   outer loop
     vertex -4.301599979401e+00 3.077800035477e+00 1.036789989471e+01
     vertex -1.095299959183e+00 4.954100131989e+00 9.935299873352e+00
     vertex -6.762999892235e-01 2.925400018692e+00 1.136040019989e+01
   endloop
 endfacet
 facet normal -1.313002594740e-01 9.562196539090e-01 -2.615419953665e-01
   outer loop
     vertex 2.744100093842e+00 -8.446800231934e+00 7.881999969482e+00
     vertex 6.100000143051e-01 -1.021039962769e+01 2.505500078201e+00
     vertex -1.196200013161e+00 -8.910499572754e+00 8.164799690247e+00
   endloop
 endfacet
 facet normal 3.850152291055e-01 4.588808243250e-01 -8.007444426430e-01
   outer loop
     vertex -4.794799804688e+00 -8.198399543762e+00 7.956600189209e+00
     vertex -5.756800174713e+00 -4.742700099945e+00 9.474399566650e+00
     vertex -7.192000150681e-01 -5.300899982452e+00 1.157670021057e+01
   endloop
 endfacet
 facet normal 3.956482470238e-01 1.753406903830e-01 -9.015087947009e-01
   outer loop
     vertex -5.756800174713e+00 -4.742700099945e+00 9.474399566650e+00
     vertex -4.189000129700e-01 -5.228999853134e-01 1.263780021667e+01
     vertex -7.192000150681e-01 -5.300899982452e+00 1.157670021057e+01
   endloop
 endfacet
 facet normal -1.137658027644e-01 -3.525755704024e-01 -9.288421874984e-01
   outer loop
     vertex -4.189000129700e-01 -5.228999853134e-01 1.263780021667e+01
     vertex -6.762999892235e-01 2.925400018692e+00 1.136040019989e+01
     vertex 2.769399881363e+00 3.089699983597e+00 1.087600040436e+01
   endloop
 endfacet
 facet normal 2.424566220499e-01 3.528725244896e-01 9.037122151905e-01
   outer loop
     vertex -6.762999892235e-01 2.925400018692e+00 1.186460018158e+01
     vertex -4.189000129700e-01 -5.228999853134e-01 1.314200019836e+01
     vertex 2.769399881363e+00 3.089699983597e+00 1.087600040436e+01
   endloop
 endfacet
 facet normal -4.675876479394e-01 -1.635304970158e-01 8.686884182722e-01
   outer loop
     vertex -4.189000129700e-01 -5.228999853134e-01 1.314200019836e+01
     vertex -5.756800174713e+00 -4.742700099945e+00 9.474399566650e+00
     vertex -7.192000150681e-01 -5.300899982452e+00 1.208090019226e+01
   endloop
 endfacet
 facet normal -4.475393141240e-01 -4.611184141559e-01 7.662103956746e-01
   outer loop
     vertex -5.756800174713e+00 -4.742700099945e+00 9.474399566650e+00
     vertex -4.794799804688e+00 -8.198399543762e+00 7.956600189209e+00
     vertex -7.192000150681e-01 -5.300899982452e+00 1.208090019226e+01
   endloop
 endfacet
 facet normal 1.810422056685e-01 -9.535125325572e-01 2.409098794633e-01
   outer loop
     vertex 6.100000143051e-01 -1.021039962769e+01 2.505500078201e+00
     vertex 2.744100093842e+00 -8.446800231934e+00 7.881999969482e+00
     vertex -1.196200013161e+00 -8.996100425720e+00 8.668999671936e+00
   endloop
 endfacet
 facet normal -2.725795327122e-01 6.328783127424e-01 7.246829924917e-01
   outer loop
     vertex -4.301599979401e+00 3.077800035477e+00 1.036789989471e+01
     vertex -6.762999892235e-01 2.925400018692e+00 1.186460018158e+01
     vertex -1.095299959183e+00 4.954100131989e+00 9.935299873352e+00
   endloop
 endfacet
 facet normal -6.065676007500e-01 -4.242628121958e-02 7.938990845078e-01
   outer loop
     vertex -4.189000129700e-01 -5.228999853134e-01 1.314200019836e+01
     vertex -4.301599979401e+00 3.077800035477e+00 1.036789989471e+01
     vertex -6.675300121307e+00 -4.907999932766e-01 8.363599777222e+00
   endloop
 endfacet
 facet normal -6.049560786488e-01 7.637845761871e-02 7.925872028475e-01
   outer loop
     vertex -4.189000129700e-01 -5.228999853134e-01 1.314200019836e+01
     vertex -6.675300121307e+00 -4.907999932766e-01 8.363599777222e+00
     vertex -5.756800174713e+00 -4.742700099945e+00 9.474399566650e+00
   endloop
 endfacet
 facet normal -2.828651570734e-01 -6.307115875522e-01 7.226272872243e-01
   outer loop
     vertex -7.192000150681e-01 -5.300899982452e+00 1.208090019226e+01
     vertex -4.794799804688e+00 -8.198399543762e+00 7.956600189209e+00
     vertex -1.196200013161e+00 -8.996100425720e+00 8.668999671936e+00
   endloop
 endfacet
 facet normal 1.780327307225e-02 -9.800158354564e-01 1.981211894840e-01
   outer loop
     vertex -1.427099943161e+00 -1.040950012207e+01 1.698300004005e+00
     vertex -1.196200013161e+00 -8.996100425720e+00 8.668999671936e+00
     vertex -3.549000024796e+00 -1.020230007172e+01 2.913899898529e+00
   endloop
 endfacet
 facet normal 1.727170426078e-02 -9.800215537158e-01 1.981399568092e-01
   outer loop
     vertex 6.100000143051e-01 -1.021039962769e+01 2.505500078201e+00
     vertex -1.196200013161e+00 -8.996100425720e+00 8.668999671936e+00
     vertex -1.427099943161e+00 -1.040950012207e+01 1.698300004005e+00
   endloop
 endfacet
 facet normal 3.028408362249e-01 -6.258885572971e-01 7.187147847089e-01
   outer loop
     vertex -7.192000150681e-01 -5.300899982452e+00 1.208090019226e+01
     vertex 2.744100093842e+00 -8.446800231934e+00 7.881999969482e+00
     vertex 5.453599929810e+00 -5.074800014496e+00 9.676799774170e+00
   endloop
 endfacet
 facet normal 4.739158242966e-01 -5.750729670582e-02 8.786903335686e-01
   outer loop
     vertex 7.264500141144e+00 -1.264099955559e+00 8.949500083923e+00
     vertex -4.189000129700e-01 -5.228999853134e-01 1.314200019836e+01
     vertex 5.453599929810e+00 -5.074800014496e+00 9.676799774170e+00
   endloop
 endfacet
 facet normal 4.843623301852e-01 1.164065332346e-01 8.670886068435e-01
   outer loop
     vertex 7.264500141144e+00 -1.264099955559e+00 8.949500083923e+00
     vertex 2.769399881363e+00 3.089699983597e+00 1.087600040436e+01
     vertex -4.189000129700e-01 -5.228999853134e-01 1.314200019836e+01
   endloop
 endfacet
 facet normal 1.667423787734e-01 6.973498031916e-01 6.970654424870e-01
   outer loop
     vertex 2.769399881363e+00 3.089699983597e+00 1.087600040436e+01
     vertex -1.095299959183e+00 4.954100131989e+00 9.935299873352e+00
     vertex -6.762999892235e-01 2.925400018692e+00 1.186460018158e+01
   endloop
 endfacet
 facet normal -2.626276906444e-01 -9.172049867408e-01 2.996025841087e-01
   outer loop
     vertex -3.549000024796e+00 -1.020230007172e+01 2.913899898529e+00
     vertex -1.196200013161e+00 -8.996100425720e+00 8.668999671936e+00
     vertex -4.794799804688e+00 -8.198399543762e+00 7.956600189209e+00
   endloop
 endfacet
 facet normal 2.338301825799e-01 -6.756970468080e-01 6.991115409215e-01
   outer loop
     vertex -7.192000150681e-01 -5.300899982452e+00 1.208090019226e+01
     vertex -1.196200013161e+00 -8.996100425720e+00 8.668999671936e+00
     vertex 2.744100093842e+00 -8.446800231934e+00 7.881999969482e+00
   endloop
 endfacet
 facet normal -3.529553593833e-01 3.017369785647e-01 8.856507833504e-01
   outer loop
     vertex -6.762999892235e-01 2.925400018692e+00 1.186460018158e+01
     vertex -4.301599979401e+00 3.077800035477e+00 1.036789989471e+01
     vertex -4.189000129700e-01 -5.228999853134e-01 1.314200019836e+01
   endloop
 endfacet
 facet normal 3.608182355046e-01 -2.237488874412e-01 9.053986063034e-01
   outer loop
     vertex 5.453599929810e+00 -5.074800014496e+00 9.676799774170e+00
     vertex -4.189000129700e-01 -5.228999853134e-01 1.314200019836e+01
     vertex -7.192000150681e-01 -5.300899982452e+00 1.208090019226e+01
   endloop
 endfacet
 facet normal -8.387712736897e-01 0.000000000000e+00 5.444839303716e-01
   outer loop
     vertex -3.247600078583e+00 -1.581190013885e+01 -6.443600177765e+00
     vertex -1.118600010872e+00 -1.778610038757e+01 -3.163899898529e+00
     vertex -3.247600078583e+00 -1.496140003204e+01 -6.443600177765e+00
   endloop
 endfacet
 facet normal 5.153462671708e-01 0.000000000000e+00 8.569820446854e-01
   outer loop
     vertex 5.029000043869e-01 -2.042550086975e+01 -8.422999978065e-01
     vertex -6.080999970436e-01 -2.054859924316e+01 -1.741999983788e-01
     vertex -6.080999970436e-01 -2.139909934998e+01 -1.741999983788e-01
   endloop
 endfacet
 facet normal 8.640977362976e-01 0.000000000000e+00 -5.033240527983e-01
   outer loop
     vertex -4.207000136375e-01 -1.863010025024e+01 -3.523099899292e+00
     vertex -2.372200012207e+00 -1.496049976349e+01 -6.873400211334e+00
     vertex -4.207000136375e-01 -1.777960014343e+01 -3.523099899292e+00
   endloop
 endfacet
 facet normal 9.997969960442e-01 -0.000000000000e+00 2.014861536400e-02
   outer loop
     vertex -2.372200012207e+00 -1.581099987030e+01 -6.873400211334e+00
     vertex -2.048599958420e+00 -1.518719959259e+01 -2.293079948425e+01
     vertex -2.372200012207e+00 -1.496049976349e+01 -6.873400211334e+00
   endloop
 endfacet
 facet normal 9.454613919834e-01 0.000000000000e+00 -3.257341803815e-01
   outer loop
     vertex 5.029000043869e-01 -2.127599906921e+01 -8.422999978065e-01
     vertex -4.207000136375e-01 -1.777960014343e+01 -3.523099899292e+00
     vertex 5.029000043869e-01 -2.042550086975e+01 -8.422999978065e-01
   endloop
 endfacet
 facet normal -9.857329549901e-01 0.000000000000e+00 1.683167889620e-01
   outer loop
     vertex -1.118600010872e+00 -1.863660049438e+01 -3.163899898529e+00
     vertex -6.080999970436e-01 -2.054859924316e+01 -1.741999983788e-01
     vertex -1.118600010872e+00 -1.778610038757e+01 -3.163899898529e+00
   endloop
 endfacet
 facet normal -4.926969229880e-01 0.000000000000e+00 8.702009779804e-01
   outer loop
     vertex -3.247600078583e+00 -1.496140003204e+01 -6.443600177765e+00
     vertex -1.828820037842e+01 -1.531869983673e+01 -1.495940017700e+01
     vertex -3.247600078583e+00 -1.581190013885e+01 -6.443600177765e+00
   endloop
 endfacet
 facet normal 2.308304109412e-01 -9.563836367740e-01 1.790186043283e-01
   outer loop
     vertex -3.907170104980e+01 -2.632469940186e+01 -5.852180099487e+01
     vertex -2.888610076904e+01 -2.479789924622e+01 -6.349860000610e+01
     vertex -3.438690185547e+01 -2.409469985962e+01 -5.264899826050e+01
   endloop
 endfacet
 facet normal 1.974060761444e-01 -9.478098990070e-01 2.503741928507e-01
   outer loop
     vertex -9.496800422668e+00 -1.702630043030e+01 -4.586729812622e+01
     vertex -2.301149940491e+01 -1.808869934082e+01 -3.923350143433e+01
     vertex -2.886210060120e+01 -2.113929939270e+01 -4.616889953613e+01
   endloop
 endfacet
 facet normal -1.653262059758e-01 -9.697292405577e-01 1.797009894940e-01
   outer loop
     vertex -4.099050140381e+01 -2.681550025940e+01 -6.114739990234e+01
     vertex -4.940579986572e+01 -2.395000076294e+01 -5.342630004883e+01
     vertex -4.927890014648e+01 -2.464850044250e+01 -5.707889938354e+01
   endloop
 endfacet
 facet normal -2.607035984401e-01 -9.571392258321e-01 1.261670960826e-01
   outer loop
     vertex -4.830080032349e+01 -1.963629913330e+01 -4.757709884644e+01
     vertex -3.438690185547e+01 -2.409469985962e+01 -5.264899826050e+01
     vertex -4.396509933472e+01 -1.965439987183e+01 -3.875540161133e+01
   endloop
 endfacet
 facet normal 4.562582121462e-02 -9.301570446760e-01 3.643160121077e-01
   outer loop
     vertex -1.643400001526e+01 -1.576949977875e+01 -3.037739944458e+01
     vertex -2.816530036926e+01 -1.408950042725e+01 -2.461890029907e+01
     vertex -3.872060012817e+01 -1.731119918823e+01 -3.152249908447e+01
   endloop
 endfacet
 facet normal -4.149107521668e-02 -9.974026746840e-01 5.887610050349e-02
   outer loop
     vertex -1.643400001526e+01 -1.576949977875e+01 -3.037739944458e+01
     vertex -1.349549961090e+01 -1.561250019073e+01 -2.564690017700e+01
     vertex -2.397380065918e+01 -1.487300014496e+01 -2.050349998474e+01
   endloop
 endfacet
 facet normal 1.018452574736e-01 -9.546593463965e-01 -2.797375124432e-01
   outer loop
     vertex -4.130700111389e+00 -1.326360034943e+01 -3.025349998474e+01
     vertex -2.048599958420e+00 -1.518719959259e+01 -2.293079948425e+01
     vertex -1.349549961090e+01 -1.561250019073e+01 -2.564690017700e+01
   endloop
 endfacet
 facet normal -2.589514992486e-01 -8.080726727811e-01 -5.291149936842e-01
   outer loop
     vertex -2.372200012207e+00 -1.581099987030e+01 -6.873400211334e+00
     vertex -4.207000136375e-01 -1.863010025024e+01 -3.523099899292e+00
     vertex -3.247600078583e+00 -1.581190013885e+01 -6.443600177765e+00
   endloop
 endfacet
 facet normal -1.707989024085e-01 -9.706928909348e-01 1.690652135265e-01
   outer loop
     vertex -4.512839889526e+01 -2.702840042114e+01 -6.655010223389e+01
     vertex -4.099050140381e+01 -2.681550025940e+01 -6.114739990234e+01
     vertex -4.927890014648e+01 -2.464850044250e+01 -5.707889938354e+01
   endloop
 endfacet
 facet normal -9.742569289061e-02 -9.630157518250e-01 2.512148405283e-01
   outer loop
     vertex -4.099050140381e+01 -2.681550025940e+01 -6.114739990234e+01
     vertex -3.907170104980e+01 -2.632469940186e+01 -5.852180099487e+01
     vertex -4.940579986572e+01 -2.395000076294e+01 -5.342630004883e+01
   endloop
 endfacet
 facet normal -3.865400406063e-02 -8.007048899334e-01 5.978106282150e-01
   outer loop
     vertex -3.438690185547e+01 -2.409469985962e+01 -5.264899826050e+01
     vertex -4.830080032349e+01 -1.963629913330e+01 -4.757709884644e+01
     vertex -4.940579986572e+01 -2.395000076294e+01 -5.342630004883e+01
   endloop
 endfacet
 facet normal 8.243917227327e-02 -9.314123644309e-01 3.545064036940e-01
   outer loop
     vertex -3.438690185547e+01 -2.409469985962e+01 -5.264899826050e+01
     vertex -2.886210060120e+01 -2.113929939270e+01 -4.616889953613e+01
     vertex -4.396509933472e+01 -1.965439987183e+01 -3.875540161133e+01
   endloop
 endfacet
 facet normal 1.107164259894e-01 -9.407850449959e-01 3.204143756579e-01
   outer loop
     vertex -2.886210060120e+01 -2.113929939270e+01 -4.616889953613e+01
     vertex -2.301149940491e+01 -1.808869934082e+01 -3.923350143433e+01
     vertex -3.872060012817e+01 -1.731119918823e+01 -3.152249908447e+01
   endloop
 endfacet
 facet normal 5.650163266780e-02 -9.753191142225e-01 2.134483331818e-01
   outer loop
     vertex -2.301149940491e+01 -1.808869934082e+01 -3.923350143433e+01
     vertex -1.643400001526e+01 -1.576949977875e+01 -3.037739944458e+01
     vertex -3.872060012817e+01 -1.731119918823e+01 -3.152249908447e+01
   endloop
 endfacet
 facet normal -1.557836495546e-01 -9.873562295293e-01 -2.931092869729e-02
   outer loop
     vertex -2.816530036926e+01 -1.408950042725e+01 -2.461890029907e+01
     vertex -1.643400001526e+01 -1.576949977875e+01 -3.037739944458e+01
     vertex -2.397380065918e+01 -1.487300014496e+01 -2.050349998474e+01
   endloop
 endfacet
 facet normal -6.615562737487e-02 -9.977715474109e-01 8.681713194359e-03
   outer loop
     vertex -2.397380065918e+01 -1.487300014496e+01 -2.050349998474e+01
     vertex -1.349549961090e+01 -1.561250019073e+01 -2.564690017700e+01
     vertex -1.011050033569e+01 -1.577849960327e+01 -1.893079948425e+01
   endloop
 endfacet
 facet normal -4.534802105076e-02 -9.987233952053e-01 2.225167086784e-02
   outer loop
     vertex -1.828820037842e+01 -1.531869983673e+01 -1.495940017700e+01
     vertex -1.011050033569e+01 -1.577849960327e+01 -1.893079948425e+01
     vertex -3.247600078583e+00 -1.581190013885e+01 -6.443600177765e+00
   endloop
 endfacet
 facet normal -2.631130646093e-01 -8.088609188642e-01 -5.258474390601e-01
   outer loop
     vertex -3.247600078583e+00 -1.581190013885e+01 -6.443600177765e+00
     vertex -4.207000136375e-01 -1.863010025024e+01 -3.523099899292e+00
     vertex -1.118600010872e+00 -1.863660049438e+01 -3.163899898529e+00
   endloop
 endfacet
 facet normal -2.915555977353e-01 -7.291184353626e-01 -6.191781978102e-01
   outer loop
     vertex -4.207000136375e-01 -1.863010025024e+01 -3.523099899292e+00
     vertex 5.029000043869e-01 -2.127599906921e+01 -8.422999978065e-01
     vertex -6.080999970436e-01 -2.139909934998e+01 -1.741999983788e-01
   endloop
 endfacet
 facet normal 5.449619021501e-02 -9.978033600863e-01 -3.766457025560e-02
   outer loop
     vertex -1.011050033569e+01 -1.577849960327e+01 -1.893079948425e+01
     vertex -2.048599958420e+00 -1.518719959259e+01 -2.293079948425e+01
     vertex -2.372200012207e+00 -1.581099987030e+01 -6.873400211334e+00
   endloop
 endfacet
 facet normal 4.874506862422e-02 -9.975975040366e-01 -4.922538191513e-02
   outer loop
     vertex -2.048599958420e+00 -1.518719959259e+01 -2.293079948425e+01
     vertex -1.011050033569e+01 -1.577849960327e+01 -1.893079948425e+01
     vertex -1.349549961090e+01 -1.561250019073e+01 -2.564690017700e+01
   endloop
 endfacet
 facet normal 3.295174780524e-01 -9.228731621383e-01 1.993071957125e-01
   outer loop
     vertex -6.601900100708e+00 -1.521500015259e+01 -3.520360183716e+01
     vertex -4.130700111389e+00 -1.326360034943e+01 -3.025349998474e+01
     vertex -1.349549961090e+01 -1.561250019073e+01 -2.564690017700e+01
   endloop
 endfacet
 facet normal 1.484851622520e-01 -9.780987730429e-01 1.458593389638e-01
   outer loop
     vertex -2.301149940491e+01 -1.808869934082e+01 -3.923350143433e+01
     vertex -9.496800422668e+00 -1.702630043030e+01 -4.586729812622e+01
     vertex -1.643400001526e+01 -1.576949977875e+01 -3.037739944458e+01
   endloop
 endfacet
 facet normal 2.045223171645e-01 -9.439592815513e-01 -2.590588669682e-01
   outer loop
     vertex -1.431050014496e+01 -1.602619934082e+01 -5.331179809570e+01
     vertex -9.496800422668e+00 -1.702630043030e+01 -4.586729812622e+01
     vertex -2.886210060120e+01 -2.113929939270e+01 -4.616889953613e+01
   endloop
 endfacet
 facet normal 4.591007713880e-01 -8.160452743897e-01 3.511361443331e-01
   outer loop
     vertex -2.103669929504e+01 -2.234049987793e+01 -5.919200134277e+01
     vertex -1.431050014496e+01 -1.602619934082e+01 -5.331179809570e+01
     vertex -2.886210060120e+01 -2.113929939270e+01 -4.616889953613e+01
   endloop
 endfacet
 facet normal 2.091382136086e-01 -9.632653931344e-01 1.684665842185e-01
   outer loop
     vertex -2.888610076904e+01 -2.479789924622e+01 -6.349860000610e+01
     vertex -2.103669929504e+01 -2.234049987793e+01 -5.919200134277e+01
     vertex -3.438690185547e+01 -2.409469985962e+01 -5.264899826050e+01
   endloop
 endfacet
 facet normal 1.747405890957e-01 -9.830176745726e-01 5.605334959073e-02
   outer loop
     vertex -4.099050140381e+01 -2.681550025940e+01 -6.114739990234e+01
     vertex -2.888610076904e+01 -2.479789924622e+01 -6.349860000610e+01
     vertex -3.907170104980e+01 -2.632469940186e+01 -5.852180099487e+01
   endloop
 endfacet
 facet normal 2.880155181910e-01 -9.398699339867e-01 -1.835526313322e-01
   outer loop
     vertex -4.512839889526e+01 -2.702840042114e+01 -6.655010223389e+01
     vertex -3.318960189819e+01 -2.368260002136e+01 -6.494869995117e+01
     vertex -4.099050140381e+01 -2.681550025940e+01 -6.114739990234e+01
   endloop
 endfacet
 facet normal -3.103147935384e-01 -7.240315726324e-01 -6.160219239140e-01
   outer loop
     vertex -4.207000136375e-01 -1.863010025024e+01 -3.523099899292e+00
     vertex -6.080999970436e-01 -2.139909934998e+01 -1.741999983788e-01
     vertex -1.118600010872e+00 -1.863660049438e+01 -3.163899898529e+00
   endloop
 endfacet
 facet normal -2.243148901276e-04 -9.999967197831e-01 -2.551490892663e-03
   outer loop
     vertex -1.011050033569e+01 -1.577849960327e+01 -1.893079948425e+01
     vertex -2.372200012207e+00 -1.581099987030e+01 -6.873400211334e+00
     vertex -3.247600078583e+00 -1.581190013885e+01 -6.443600177765e+00
   endloop
 endfacet
 facet normal 5.561697876050e-02 -9.984511811484e-01 -1.410863866222e-03
   outer loop
     vertex -1.643400001526e+01 -1.576949977875e+01 -3.037739944458e+01
     vertex -6.601900100708e+00 -1.521500015259e+01 -3.520360183716e+01
     vertex -1.349549961090e+01 -1.561250019073e+01 -2.564690017700e+01
   endloop
 endfacet
 facet normal -6.345946095099e-02 -9.978695491239e-01 -1.514132580306e-02
   outer loop
     vertex -2.397380065918e+01 -1.487300014496e+01 -2.050349998474e+01
     vertex -1.011050033569e+01 -1.577849960327e+01 -1.893079948425e+01
     vertex -1.828820037842e+01 -1.531869983673e+01 -1.495940017700e+01
   endloop
 endfacet
 facet normal 4.294087143458e-02 -9.591568800448e-01 2.795964252690e-01
   outer loop
     vertex -2.886210060120e+01 -2.113929939270e+01 -4.616889953613e+01
     vertex -3.872060012817e+01 -1.731119918823e+01 -3.152249908447e+01
     vertex -4.396509933472e+01 -1.965439987183e+01 -3.875540161133e+01
   endloop
 endfacet
 facet normal -2.831153522508e-02 -9.267933501354e-01 3.745030615602e-01
   outer loop
     vertex -3.907170104980e+01 -2.632469940186e+01 -5.852180099487e+01
     vertex -3.438690185547e+01 -2.409469985962e+01 -5.264899826050e+01
     vertex -4.940579986572e+01 -2.395000076294e+01 -5.342630004883e+01
   endloop
 endfacet
 facet normal 2.363711616478e-01 -9.442613082361e-01 2.291271605671e-01
   outer loop
     vertex -3.438690185547e+01 -2.409469985962e+01 -5.264899826050e+01
     vertex -2.103669929504e+01 -2.234049987793e+01 -5.919200134277e+01
     vertex -2.886210060120e+01 -2.113929939270e+01 -4.616889953613e+01
   endloop
 endfacet
 facet normal 1.213040211522e-01 -9.835119294051e-01 1.341253860016e-01
   outer loop
     vertex -9.496800422668e+00 -1.702630043030e+01 -4.586729812622e+01
     vertex -6.601900100708e+00 -1.521500015259e+01 -3.520360183716e+01
     vertex -1.643400001526e+01 -1.576949977875e+01 -3.037739944458e+01
   endloop
 endfacet
 facet normal 8.555512324493e-03 -7.802072732110e-01 -6.254625600606e-01
   outer loop
     vertex -2.888610076904e+01 -2.479789924622e+01 -6.349860000610e+01
     vertex -4.099050140381e+01 -2.681550025940e+01 -6.114739990234e+01
     vertex -3.318960189819e+01 -2.368260002136e+01 -6.494869995117e+01
   endloop
 endfacet
 facet normal -1.737789484065e-01 9.586454568702e-01 -2.253880323193e-01
   outer loop
     vertex -3.438690185547e+01 -2.324419975281e+01 -5.264899826050e+01
     vertex -2.888610076904e+01 -2.479789924622e+01 -6.349860000610e+01
     vertex -3.907170104980e+01 -2.547419929504e+01 -5.852180099487e+01
   endloop
 endfacet
 facet normal -1.548995240512e-01 9.458210015523e-01 -2.853572681243e-01
   outer loop
     vertex -9.496800422668e+00 -1.702630043030e+01 -4.586729812622e+01
     vertex -2.886210060120e+01 -2.028879928589e+01 -4.616889953613e+01
     vertex -2.301149940491e+01 -1.723819923401e+01 -3.923350143433e+01
   endloop
 endfacet
 facet normal 6.480781019783e-02 9.805497258049e-01 -1.852624704611e-01
   outer loop
     vertex -4.099050140381e+01 -2.596500015259e+01 -6.114739990234e+01
     vertex -4.927890014648e+01 -2.464850044250e+01 -5.707889938354e+01
     vertex -4.940579986572e+01 -2.395000076294e+01 -5.342630004883e+01
   endloop
 endfacet
 facet normal 2.142120760301e-01 9.713108228545e-01 -1.032882950225e-01
   outer loop
     vertex -3.438690185547e+01 -2.324419975281e+01 -5.264899826050e+01
     vertex -4.830080032349e+01 -1.963629913330e+01 -4.757709884644e+01
     vertex -4.396509933472e+01 -1.965439987183e+01 -3.875540161133e+01
   endloop
 endfacet
 facet normal -8.563666395257e-02 9.466041578216e-01 -3.108165539057e-01
   outer loop
     vertex -1.643400001526e+01 -1.491899967194e+01 -3.037739944458e+01
     vertex -3.872060012817e+01 -1.731119918823e+01 -3.152249908447e+01
     vertex -2.816530036926e+01 -1.408950042725e+01 -2.461890029907e+01
   endloop
 endfacet
 facet normal -2.059380728408e-02 9.995801390237e-01 -2.038236421295e-02
   outer loop
     vertex -1.643400001526e+01 -1.491899967194e+01 -3.037739944458e+01
     vertex -2.397380065918e+01 -1.487300014496e+01 -2.050349998474e+01
     vertex -1.349549961090e+01 -1.476200008392e+01 -2.564690017700e+01
   endloop
 endfacet
 facet normal -2.606235832870e-02 9.650114780819e-01 2.609091808437e-01
   outer loop
     vertex -2.048599958420e+00 -1.518719959259e+01 -2.293079948425e+01
     vertex -4.130700111389e+00 -1.326360034943e+01 -3.025349998474e+01
     vertex -1.349549961090e+01 -1.476200008392e+01 -2.564690017700e+01
   endloop
 endfacet
 facet normal 2.589514992486e-01 8.080726727811e-01 5.291149936842e-01
   outer loop
     vertex -4.207000136375e-01 -1.777960014343e+01 -3.523099899292e+00
     vertex -2.372200012207e+00 -1.496049976349e+01 -6.873400211334e+00
     vertex -3.247600078583e+00 -1.496140003204e+01 -6.443600177765e+00
   endloop
 endfacet
 facet normal 4.401244549637e-02 9.732992442779e-01 -2.252809040497e-01
   outer loop
     vertex -4.099050140381e+01 -2.596500015259e+01 -6.114739990234e+01
     vertex -4.512839889526e+01 -2.702840042114e+01 -6.655010223389e+01
     vertex -4.927890014648e+01 -2.464850044250e+01 -5.707889938354e+01
   endloop
 endfacet
 facet normal 3.971413358873e-02 9.765556519538e-01 -2.115699558782e-01
   outer loop
     vertex -3.907170104980e+01 -2.547419929504e+01 -5.852180099487e+01
     vertex -4.099050140381e+01 -2.596500015259e+01 -6.114739990234e+01
     vertex -4.940579986572e+01 -2.395000076294e+01 -5.342630004883e+01
   endloop
 endfacet
 facet normal -7.178708112524e-03 8.054350436261e-01 -5.926405796508e-01
   outer loop
     vertex -3.438690185547e+01 -2.324419975281e+01 -5.264899826050e+01
     vertex -4.940579986572e+01 -2.395000076294e+01 -5.342630004883e+01
     vertex -4.830080032349e+01 -1.963629913330e+01 -4.757709884644e+01
   endloop
 endfacet
 facet normal -1.202538508341e-01 9.379511682484e-01 -3.252485470236e-01
   outer loop
     vertex -2.886210060120e+01 -2.028879928589e+01 -4.616889953613e+01
     vertex -3.438690185547e+01 -2.324419975281e+01 -5.264899826050e+01
     vertex -4.396509933472e+01 -1.965439987183e+01 -3.875540161133e+01
   endloop
 endfacet
 facet normal -1.474212530151e-01 9.451786850082e-01 -2.913833000801e-01
   outer loop
     vertex -2.301149940491e+01 -1.723819923401e+01 -3.923350143433e+01
     vertex -2.886210060120e+01 -2.028879928589e+01 -4.616889953613e+01
     vertex -3.872060012817e+01 -1.731119918823e+01 -3.152249908447e+01
   endloop
 endfacet
 facet normal -9.546479031613e-02 9.780481907092e-01 -1.852247566075e-01
   outer loop
     vertex -1.643400001526e+01 -1.491899967194e+01 -3.037739944458e+01
     vertex -2.301149940491e+01 -1.723819923401e+01 -3.923350143433e+01
     vertex -3.872060012817e+01 -1.731119918823e+01 -3.152249908447e+01
   endloop
 endfacet
 facet normal 1.084616375215e-01 9.910196676953e-01 7.820544371821e-02
   outer loop
     vertex -1.643400001526e+01 -1.491899967194e+01 -3.037739944458e+01
     vertex -2.816530036926e+01 -1.408950042725e+01 -2.461890029907e+01
     vertex -2.397380065918e+01 -1.487300014496e+01 -2.050349998474e+01
   endloop
 endfacet
 facet normal 1.233568179704e-03 9.997090845059e-01 2.408785307713e-02
   outer loop
     vertex -1.011050033569e+01 -1.492800045013e+01 -1.893079948425e+01
     vertex -1.349549961090e+01 -1.476200008392e+01 -2.564690017700e+01
     vertex -2.397380065918e+01 -1.487300014496e+01 -2.050349998474e+01
   endloop
 endfacet
 facet normal -3.665149330945e-02 9.990676216539e-01 2.281568322299e-02
   outer loop
     vertex -1.011050033569e+01 -1.492800045013e+01 -1.893079948425e+01
     vertex -1.828820037842e+01 -1.531869983673e+01 -1.495940017700e+01
     vertex -3.247600078583e+00 -1.496140003204e+01 -6.443600177765e+00
   endloop
 endfacet
 facet normal 2.631130646093e-01 8.088609188642e-01 5.258474390601e-01
   outer loop
     vertex -4.207000136375e-01 -1.777960014343e+01 -3.523099899292e+00
     vertex -3.247600078583e+00 -1.496140003204e+01 -6.443600177765e+00
     vertex -1.118600010872e+00 -1.778610038757e+01 -3.163899898529e+00
   endloop
 endfacet
 facet normal 2.915567698690e-01 7.291181272795e-01 6.191780086663e-01
   outer loop
     vertex 5.029000043869e-01 -2.042550086975e+01 -8.422999978065e-01
     vertex -4.207000136375e-01 -1.777960014343e+01 -3.523099899292e+00
     vertex -6.080999970436e-01 -2.054859924316e+01 -1.741999983788e-01
   endloop
 endfacet
 facet normal 2.538971504434e-02 9.995851074691e-01 -1.360056234325e-02
   outer loop
     vertex -2.048599958420e+00 -1.518719959259e+01 -2.293079948425e+01
     vertex -1.011050033569e+01 -1.492800045013e+01 -1.893079948425e+01
     vertex -2.372200012207e+00 -1.496049976349e+01 -6.873400211334e+00
   endloop
 endfacet
 facet normal 3.550644241564e-02 9.993462790908e-01 6.804925737316e-03
   outer loop
     vertex -2.048599958420e+00 -1.518719959259e+01 -2.293079948425e+01
     vertex -1.349549961090e+01 -1.476200008392e+01 -2.564690017700e+01
     vertex -1.011050033569e+01 -1.492800045013e+01 -1.893079948425e+01
   endloop
 endfacet
 facet normal -2.656090215078e-01 9.347735642801e-01 -2.359030123095e-01
   outer loop
     vertex -6.601900100708e+00 -1.521500015259e+01 -3.520360183716e+01
     vertex -1.349549961090e+01 -1.476200008392e+01 -2.564690017700e+01
     vertex -4.130700111389e+00 -1.326360034943e+01 -3.025349998474e+01
   endloop
 endfacet
 facet normal -1.034008975890e-01 9.783264629596e-01 -1.794034176119e-01
   outer loop
     vertex -1.643400001526e+01 -1.491899967194e+01 -3.037739944458e+01
     vertex -9.496800422668e+00 -1.702630043030e+01 -4.586729812622e+01
     vertex -2.301149940491e+01 -1.723819923401e+01 -3.923350143433e+01
   endloop
 endfacet
 facet normal -1.650262102867e-01 9.577908797188e-01 2.353783776089e-01
   outer loop
     vertex -9.496800422668e+00 -1.702630043030e+01 -4.586729812622e+01
     vertex -1.431050014496e+01 -1.602619934082e+01 -5.331179809570e+01
     vertex -2.886210060120e+01 -2.028879928589e+01 -4.616889953613e+01
   endloop
 endfacet
 facet normal -4.288466242500e-01 8.165989563288e-01 -3.863375692217e-01
   outer loop
     vertex -1.431050014496e+01 -1.602619934082e+01 -5.331179809570e+01
     vertex -2.103669929504e+01 -2.234049987793e+01 -5.919200134277e+01
     vertex -2.886210060120e+01 -2.028879928589e+01 -4.616889953613e+01
   endloop
 endfacet
 facet normal -1.757711452007e-01 9.580637369989e-01 -2.263147815822e-01
   outer loop
     vertex -2.103669929504e+01 -2.234049987793e+01 -5.919200134277e+01
     vertex -2.888610076904e+01 -2.479789924622e+01 -6.349860000610e+01
     vertex -3.438690185547e+01 -2.324419975281e+01 -5.264899826050e+01
   endloop
 endfacet
 facet normal -1.148648387580e-01 9.882547670719e-01 -1.007898019482e-01
   outer loop
     vertex -2.888610076904e+01 -2.479789924622e+01 -6.349860000610e+01
     vertex -4.099050140381e+01 -2.596500015259e+01 -6.114739990234e+01
     vertex -3.907170104980e+01 -2.547419929504e+01 -5.852180099487e+01
   endloop
 endfacet
 facet normal -2.721746450869e-01 9.620583407815e-01 1.909742141226e-02
   outer loop
     vertex -3.318960189819e+01 -2.368260002136e+01 -6.494869995117e+01
     vertex -4.512839889526e+01 -2.702840042114e+01 -6.655010223389e+01
     vertex -4.099050140381e+01 -2.596500015259e+01 -6.114739990234e+01
   endloop
 endfacet
 facet normal 3.103147935384e-01 7.240315726324e-01 6.160219239140e-01
   outer loop
     vertex -6.080999970436e-01 -2.054859924316e+01 -1.741999983788e-01
     vertex -4.207000136375e-01 -1.777960014343e+01 -3.523099899292e+00
     vertex -1.118600010872e+00 -1.778610038757e+01 -3.163899898529e+00
   endloop
 endfacet
 facet normal 2.242853613977e-04 9.999967199432e-01 2.551430750024e-03
   outer loop
     vertex -2.372200012207e+00 -1.496049976349e+01 -6.873400211334e+00
     vertex -1.011050033569e+01 -1.492800045013e+01 -1.893079948425e+01
     vertex -3.247600078583e+00 -1.496140003204e+01 -6.443600177765e+00
   endloop
 endfacet
 facet normal 1.057749393962e-02 9.991544134089e-01 -3.973128222915e-02
   outer loop
     vertex -1.349549961090e+01 -1.476200008392e+01 -2.564690017700e+01
     vertex -6.601900100708e+00 -1.521500015259e+01 -3.520360183716e+01
     vertex -1.643400001526e+01 -1.491899967194e+01 -3.037739944458e+01
   endloop
 endfacet
 facet normal -5.809220456630e-03 9.962739129661e-01 8.604965601867e-02
   outer loop
     vertex -1.011050033569e+01 -1.492800045013e+01 -1.893079948425e+01
     vertex -2.397380065918e+01 -1.487300014496e+01 -2.050349998474e+01
     vertex -1.828820037842e+01 -1.531869983673e+01 -1.495940017700e+01
   endloop
 endfacet
 facet normal -8.320609233838e-02 9.641396632875e-01 -2.520147929658e-01
   outer loop
     vertex -3.872060012817e+01 -1.731119918823e+01 -3.152249908447e+01
     vertex -2.886210060120e+01 -2.028879928589e+01 -4.616889953613e+01
     vertex -4.396509933472e+01 -1.965439987183e+01 -3.875540161133e+01
   endloop
 endfacet
 facet normal -2.684977397771e-02 9.414550819663e-01 -3.360675799256e-01
   outer loop
     vertex -3.438690185547e+01 -2.324419975281e+01 -5.264899826050e+01
     vertex -3.907170104980e+01 -2.547419929504e+01 -5.852180099487e+01
     vertex -4.940579986572e+01 -2.395000076294e+01 -5.342630004883e+01
   endloop
 endfacet
 facet normal -1.939797959624e-01 9.444371572199e-01 -2.653493825521e-01
   outer loop
     vertex -2.886210060120e+01 -2.028879928589e+01 -4.616889953613e+01
     vertex -2.103669929504e+01 -2.234049987793e+01 -5.919200134277e+01
     vertex -3.438690185547e+01 -2.324419975281e+01 -5.264899826050e+01
   endloop
 endfacet
 facet normal -4.638723331992e-02 9.868208491689e-01 -1.550252761017e-01
   outer loop
     vertex -6.601900100708e+00 -1.521500015259e+01 -3.520360183716e+01
     vertex -9.496800422668e+00 -1.702630043030e+01 -4.586729812622e+01
     vertex -1.643400001526e+01 -1.491899967194e+01 -3.037739944458e+01
   endloop
 endfacet
 facet normal 2.791489069154e-02 8.306808958191e-01 5.560485664031e-01
   outer loop
     vertex -2.888610076904e+01 -2.479789924622e+01 -6.349860000610e+01
     vertex -3.318960189819e+01 -2.368260002136e+01 -6.494869995117e+01
     vertex -4.099050140381e+01 -2.596500015259e+01 -6.114739990234e+01
   endloop
 endfacet
 facet normal -3.021703025533e-01 0.000000000000e+00 -9.532539579015e-01
   outer loop
     vertex -3.295300006866e+00 -1.360289955139e+01 8.758999705315e-01
     vertex -1.284500002861e+00 -1.643420028687e+01 2.384999990463e-01
     vertex -1.284500002861e+00 -1.742460060120e+01 2.384999990463e-01
   endloop
 endfacet
 facet normal 3.087040213104e-03 0.000000000000e+00 -9.999952350800e-01
   outer loop
     vertex -2.547369956970e+01 -1.133119964600e+01 2.740999937057e+00
     vertex -7.236199855804e+00 -1.099450016022e+01 2.797300100327e+00
     vertex -7.236199855804e+00 -1.198490047455e+01 2.797300100327e+00
   endloop
 endfacet
 facet normal 4.544983916166e-01 0.000000000000e+00 8.907475579635e-01
   outer loop
     vertex -3.183500051498e+00 -1.379979991913e+01 1.726500034332e+00
     vertex -6.839399814606e+00 -1.119480037689e+01 3.591900110245e+00
     vertex -6.839399814606e+00 -1.218519973755e+01 3.591900110245e+00
   endloop
 endfacet
 facet normal 1.939582808337e-01 0.000000000000e+00 9.810097783896e-01
   outer loop
     vertex -3.183500051498e+00 -1.379979991913e+01 1.726500034332e+00
     vertex -3.183500051498e+00 -1.479020023346e+01 1.726500034332e+00
     vertex -7.961999773979e-01 -1.650709915161e+01 1.254500031471e+00
   endloop
 endfacet
 facet normal 8.581452771478e-01 0.000000000000e+00 5.134069373401e-01
   outer loop
     vertex -1.283250045776e+01 -1.160900020599e+01 1.360919952393e+01
     vertex -6.839399814606e+00 -1.218519973755e+01 3.591900110245e+00
     vertex -6.839399814606e+00 -1.119480037689e+01 3.591900110245e+00
   endloop
 endfacet
 facet normal -4.382412149585e-01 0.000000000000e+00 -8.988574066623e-01
   outer loop
     vertex -7.236199855804e+00 -1.099450016022e+01 2.797300100327e+00
     vertex -3.295300006866e+00 -1.360289955139e+01 8.758999705315e-01
     vertex -3.295300006866e+00 -1.459329986572e+01 8.758999705315e-01
   endloop
 endfacet
 facet normal 9.013083745525e-01 0.000000000000e+00 -4.331780395653e-01
   outer loop
     vertex -7.961999773979e-01 -1.749749946594e+01 1.254500031471e+00
     vertex -1.284500002861e+00 -1.643420028687e+01 2.384999990463e-01
     vertex -7.961999773979e-01 -1.650709915161e+01 1.254500031471e+00
   endloop
 endfacet
 facet normal 4.963647875485e-01 -8.680264333405e-01 1.233323574660e-02
   outer loop
     vertex -5.321390151978e+01 -1.977319908142e+01 3.336869812012e+01
     vertex -4.809529876709e+01 -1.670059967041e+01 4.361769866943e+01
     vertex -5.492910003662e+01 -2.051379966736e+01 5.027450180054e+01
   endloop
 endfacet
 facet normal -2.682241885249e-01 -9.553692077705e-01 -1.237960481365e-01
   outer loop
     vertex -5.601979827881e+01 -1.627969932556e+01 1.248779964447e+01
     vertex -5.321390151978e+01 -1.977319908142e+01 3.336869812012e+01
     vertex -6.051250076294e+01 -1.583040046692e+01 1.875460052490e+01
   endloop
 endfacet
 facet normal 7.682972907159e-01 -6.400794938872e-01 -4.185042855273e-03
   outer loop
     vertex -4.305849838257e+01 -1.062100028992e+01 3.844049835205e+01
     vertex -4.809529876709e+01 -1.670059967041e+01 4.361769866943e+01
     vertex -4.903049850464e+01 -1.771109962463e+01 2.648259925842e+01
   endloop
 endfacet
 facet normal 3.762166029417e-02 -9.756248777809e-01 2.161959956421e-01
   outer loop
     vertex -2.543799972534e+01 -1.374250030518e+01 2.457329940796e+01
     vertex -3.709540176392e+01 -1.203849983215e+01 3.429150009155e+01
     vertex -4.214979934692e+01 -1.537259960175e+01 2.012529945374e+01
   endloop
 endfacet
 facet normal 1.880380344087e-01 -9.627669510118e-01 -1.942202246293e-01
   outer loop
     vertex -2.863159942627e+01 -1.148330020905e+01 1.393360042572e+01
     vertex -4.214979934692e+01 -1.537259960175e+01 2.012529945374e+01
     vertex -4.993539810181e+01 -1.456449985504e+01 8.581700325012e+00
   endloop
 endfacet
 facet normal -9.364191634903e-02 -9.754878714713e-01 -1.991346381593e-01
   outer loop
     vertex -7.236199855804e+00 -1.198490047455e+01 2.797300100327e+00
     vertex -6.839399814606e+00 -1.218519973755e+01 3.591900110245e+00
     vertex -2.006800079346e+01 -1.215340042114e+01 9.656800270081e+00
   endloop
 endfacet
 facet normal -7.535383771960e-01 -6.552924383856e-01 -5.264726286823e-02
   outer loop
     vertex -7.961999773979e-01 -1.749749946594e+01 1.254500031471e+00
     vertex -3.183500051498e+00 -1.479020023346e+01 1.726500034332e+00
     vertex -3.295300006866e+00 -1.459329986572e+01 8.758999705315e-01
   endloop
 endfacet
 facet normal 1.918783063206e-01 -9.271572997120e-01 -3.218105920480e-01
   outer loop
     vertex -6.405609893799e+01 -2.080780029297e+01 3.199930000305e+01
     vertex -5.853020095825e+01 -2.352099990845e+01 4.311100006104e+01
     vertex -6.589920043945e+01 -2.776420021057e+01 5.094219970703e+01
   endloop
 endfacet
 facet normal 1.298002976403e-01 -9.390994852314e-01 -3.181886854849e-01
   outer loop
     vertex -6.051250076294e+01 -1.583040046692e+01 1.875460052490e+01
     vertex -5.321390151978e+01 -1.977319908142e+01 3.336869812012e+01
     vertex -6.405609893799e+01 -2.080780029297e+01 3.199930000305e+01
   endloop
 endfacet
 facet normal 1.723405836487e-01 -9.675037390695e-01 -1.850276685100e-01
   outer loop
     vertex -5.601979827881e+01 -1.627969932556e+01 1.248779964447e+01
     vertex -4.903049850464e+01 -1.771109962463e+01 2.648259925842e+01
     vertex -5.321390151978e+01 -1.977319908142e+01 3.336869812012e+01
   endloop
 endfacet
 facet normal 1.605896249996e-01 -9.711494493716e-01 -1.762944109372e-01
   outer loop
     vertex -4.993539810181e+01 -1.456449985504e+01 8.581700325012e+00
     vertex -4.214979934692e+01 -1.537259960175e+01 2.012529945374e+01
     vertex -5.601979827881e+01 -1.627969932556e+01 1.248779964447e+01
   endloop
 endfacet
 facet normal 3.841208318316e-01 -8.729580201327e-01 -3.006584135509e-01
   outer loop
     vertex -2.863159942627e+01 -1.148330020905e+01 1.393360042572e+01
     vertex -1.931570053101e+01 -9.304100036621e+00 1.950830078125e+01
     vertex -2.543799972534e+01 -1.374250030518e+01 2.457329940796e+01
   endloop
 endfacet
 facet normal 6.333610909246e-05 -9.314035807588e-01 3.639881395571e-01
   outer loop
     vertex -1.283250045776e+01 -1.160900020599e+01 1.360919952393e+01
     vertex -1.931570053101e+01 -9.304100036621e+00 1.950830078125e+01
     vertex -2.863159942627e+01 -1.148330020905e+01 1.393360042572e+01
   endloop
 endfacet
 facet normal 3.291027717515e-02 -9.964871873164e-01 7.700778642833e-02
   outer loop
     vertex -6.839399814606e+00 -1.218519973755e+01 3.591900110245e+00
     vertex -1.283250045776e+01 -1.160900020599e+01 1.360919952393e+01
     vertex -2.006800079346e+01 -1.215340042114e+01 9.656800270081e+00
   endloop
 endfacet
 facet normal -5.329579072200e-01 -8.444629238339e-01 5.327512929591e-02
   outer loop
     vertex -7.236199855804e+00 -1.198490047455e+01 2.797300100327e+00
     vertex -3.295300006866e+00 -1.459329986572e+01 8.758999705315e-01
     vertex -6.839399814606e+00 -1.218519973755e+01 3.591900110245e+00
   endloop
 endfacet
 facet normal -7.397397938171e-01 -5.957805660811e-01 3.127787629036e-01
   outer loop
     vertex -7.961999773979e-01 -1.749749946594e+01 1.254500031471e+00
     vertex -3.295300006866e+00 -1.459329986572e+01 8.758999705315e-01
     vertex -1.284500002861e+00 -1.742460060120e+01 2.384999990463e-01
   endloop
 endfacet
 facet normal -3.539375832151e-02 -9.952529747595e-01 -9.065758713058e-02
   outer loop
     vertex -7.236199855804e+00 -1.198490047455e+01 2.797300100327e+00
     vertex -2.006800079346e+01 -1.215340042114e+01 9.656800270081e+00
     vertex -2.547369956970e+01 -1.133119964600e+01 2.740999937057e+00
   endloop
 endfacet
 facet normal -5.694774106316e-01 -8.038965541511e-01 -1.715978117701e-01
   outer loop
     vertex -3.708010101318e+01 -3.695399999619e+00 5.486899852753e+00
     vertex -2.547369956970e+01 -1.133119964600e+01 2.740999937057e+00
     vertex -2.863159942627e+01 -1.148330020905e+01 1.393360042572e+01
   endloop
 endfacet
 facet normal 2.773838683147e-01 -5.519785873598e-01 -7.863700329330e-01
   outer loop
     vertex -4.993539810181e+01 -1.456449985504e+01 8.581700325012e+00
     vertex -3.708010101318e+01 -3.695399999619e+00 5.486899852753e+00
     vertex -2.863159942627e+01 -1.148330020905e+01 1.393360042572e+01
   endloop
 endfacet
 facet normal 1.598604973255e-01 -9.547700796738e-01 -2.507164062332e-01
   outer loop
     vertex -2.863159942627e+01 -1.148330020905e+01 1.393360042572e+01
     vertex -2.543799972534e+01 -1.374250030518e+01 2.457329940796e+01
     vertex -4.214979934692e+01 -1.537259960175e+01 2.012529945374e+01
   endloop
 endfacet
 facet normal 1.139811633901e-01 -8.784954489947e-01 4.639547828051e-01
   outer loop
     vertex -3.709540176392e+01 -1.203849983215e+01 3.429150009155e+01
     vertex -4.305849838257e+01 -1.062100028992e+01 3.844049835205e+01
     vertex -4.903049850464e+01 -1.771109962463e+01 2.648259925842e+01
   endloop
 endfacet
 facet normal 4.759158842067e-01 -8.791102753783e-01 2.586880136435e-02
   outer loop
     vertex -4.903049850464e+01 -1.771109962463e+01 2.648259925842e+01
     vertex -4.809529876709e+01 -1.670059967041e+01 4.361769866943e+01
     vertex -5.321390151978e+01 -1.977319908142e+01 3.336869812012e+01
   endloop
 endfacet
 facet normal 6.085526574299e-01 -7.930540189961e-01 2.699974239180e-02
   outer loop
     vertex -5.321390151978e+01 -1.977319908142e+01 3.336869812012e+01
     vertex -5.492910003662e+01 -2.051379966736e+01 5.027450180054e+01
     vertex -5.853020095825e+01 -2.352099990845e+01 4.311100006104e+01
   endloop
 endfacet
 facet normal 5.529899778258e-01 -8.301978420994e-01 7.052394910800e-02
   outer loop
     vertex -6.589920043945e+01 -2.776420021057e+01 5.094219970703e+01
     vertex -5.853020095825e+01 -2.352099990845e+01 4.311100006104e+01
     vertex -5.492910003662e+01 -2.051379966736e+01 5.027450180054e+01
   endloop
 endfacet
 facet normal -6.111067440874e-01 -7.850265692398e-01 -1.013993733636e-01
   outer loop
     vertex -6.839399814606e+00 -1.218519973755e+01 3.591900110245e+00
     vertex -3.295300006866e+00 -1.459329986572e+01 8.758999705315e-01
     vertex -3.183500051498e+00 -1.479020023346e+01 1.726500034332e+00
   endloop
 endfacet
 facet normal -9.841872163829e-02 -9.942885563531e-01 -4.127980058503e-02
   outer loop
     vertex -2.547369956970e+01 -1.133119964600e+01 2.740999937057e+00
     vertex -2.006800079346e+01 -1.215340042114e+01 9.656800270081e+00
     vertex -2.863159942627e+01 -1.148330020905e+01 1.393360042572e+01
   endloop
 endfacet
 facet normal -4.889741454938e-03 -9.893860334650e-01 1.452286721449e-01
   outer loop
     vertex -1.283250045776e+01 -1.160900020599e+01 1.360919952393e+01
     vertex -2.863159942627e+01 -1.148330020905e+01 1.393360042572e+01
     vertex -2.006800079346e+01 -1.215340042114e+01 9.656800270081e+00
   endloop
 endfacet
 facet normal 3.853570076584e-01 -9.193890202354e-01 7.889110291472e-02
   outer loop
     vertex -4.903049850464e+01 -1.771109962463e+01 2.648259925842e+01
     vertex -4.214979934692e+01 -1.537259960175e+01 2.012529945374e+01
     vertex -3.709540176392e+01 -1.203849983215e+01 3.429150009155e+01
   endloop
 endfacet
 facet normal 1.628540376948e-01 -9.699908903924e-01 -1.805442742437e-01
   outer loop
     vertex -4.214979934692e+01 -1.537259960175e+01 2.012529945374e+01
     vertex -4.903049850464e+01 -1.771109962463e+01 2.648259925842e+01
     vertex -5.601979827881e+01 -1.627969932556e+01 1.248779964447e+01
   endloop
 endfacet
 facet normal 1.275900968710e-01 -9.470356212310e-01 -2.946935684742e-01
   outer loop
     vertex -5.321390151978e+01 -1.977319908142e+01 3.336869812012e+01
     vertex -5.853020095825e+01 -2.352099990845e+01 4.311100006104e+01
     vertex -6.405609893799e+01 -2.080780029297e+01 3.199930000305e+01
   endloop
 endfacet
 facet normal -2.081958614823e-01 9.455604142702e-01 2.501399332909e-01
   outer loop
     vertex -5.853020095825e+01 -2.253059959412e+01 4.311100006104e+01
     vertex -5.321390151978e+01 -1.878280067444e+01 3.336869812012e+01
     vertex -6.405609893799e+01 -2.080780029297e+01 3.199930000305e+01
   endloop
 endfacet
 facet normal -2.061220846700e-01 9.693784115312e-01 1.334885068784e-01
   outer loop
     vertex -4.214979934692e+01 -1.438220024109e+01 2.012529945374e+01
     vertex -5.601979827881e+01 -1.627969932556e+01 1.248779964447e+01
     vertex -4.903049850464e+01 -1.672069931030e+01 2.648259925842e+01
   endloop
 endfacet
 facet normal -3.473057993352e-01 9.372346587313e-01 -3.114283578867e-02
   outer loop
     vertex -4.214979934692e+01 -1.438220024109e+01 2.012529945374e+01
     vertex -4.903049850464e+01 -1.672069931030e+01 2.648259925842e+01
     vertex -3.709540176392e+01 -1.203849983215e+01 3.429150009155e+01
   endloop
 endfacet
 facet normal 7.013514305515e-02 9.974116837258e-01 -1.584281780020e-02
   outer loop
     vertex -1.283250045776e+01 -1.160900020599e+01 1.360919952393e+01
     vertex -2.006800079346e+01 -1.116300010681e+01 9.656800270081e+00
     vertex -2.863159942627e+01 -1.049289989471e+01 1.393360042572e+01
   endloop
 endfacet
 facet normal 4.740101074411e-02 9.969932881500e-01 -6.129867506221e-02
   outer loop
     vertex -2.006800079346e+01 -1.116300010681e+01 9.656800270081e+00
     vertex -2.547369956970e+01 -1.133119964600e+01 2.740999937057e+00
     vertex -2.863159942627e+01 -1.049289989471e+01 1.393360042572e+01
   endloop
 endfacet
 facet normal 6.111066222829e-01 7.850266592982e-01 1.013994102202e-01
   outer loop
     vertex -3.295300006866e+00 -1.360289955139e+01 8.758999705315e-01
     vertex -6.839399814606e+00 -1.119480037689e+01 3.591900110245e+00
     vertex -3.183500051498e+00 -1.379979991913e+01 1.726500034332e+00
   endloop
 endfacet
 facet normal -5.491727501718e-01 8.346990717425e-01 4.107006331843e-02
   outer loop
     vertex -5.853020095825e+01 -2.253059959412e+01 4.311100006104e+01
     vertex -6.589920043945e+01 -2.776420021057e+01 5.094219970703e+01
     vertex -5.492910003662e+01 -2.051379966736e+01 5.027450180054e+01
   endloop
 endfacet
 facet normal -5.360692731606e-01 8.435677965336e-01 3.198604421475e-02
   outer loop
     vertex -5.321390151978e+01 -1.878280067444e+01 3.336869812012e+01
     vertex -5.853020095825e+01 -2.253059959412e+01 4.311100006104e+01
     vertex -5.492910003662e+01 -2.051379966736e+01 5.027450180054e+01
   endloop
 endfacet
 facet normal -4.133433456184e-01 9.103215848707e-01 2.149164375790e-02
   outer loop
     vertex -4.903049850464e+01 -1.672069931030e+01 2.648259925842e+01
     vertex -5.321390151978e+01 -1.878280067444e+01 3.336869812012e+01
     vertex -4.809529876709e+01 -1.670059967041e+01 4.361769866943e+01
   endloop
 endfacet
 facet normal -7.857582494546e-02 9.033840988401e-01 -4.215720693986e-01
   outer loop
     vertex -3.709540176392e+01 -1.203849983215e+01 3.429150009155e+01
     vertex -4.903049850464e+01 -1.672069931030e+01 2.648259925842e+01
     vertex -4.305849838257e+01 -1.062100028992e+01 3.844049835205e+01
   endloop
 endfacet
 facet normal -1.219503024699e-01 9.384323662088e-01 3.232225514706e-01
   outer loop
     vertex -2.543799972534e+01 -1.374250030518e+01 2.457329940796e+01
     vertex -2.863159942627e+01 -1.049289989471e+01 1.393360042572e+01
     vertex -4.214979934692e+01 -1.438220024109e+01 2.012529945374e+01
   endloop
 endfacet
 facet normal -3.010097972906e-01 5.730505519563e-01 7.622376052371e-01
   outer loop
     vertex -4.993539810181e+01 -1.456449985504e+01 8.581700325012e+00
     vertex -2.863159942627e+01 -1.049289989471e+01 1.393360042572e+01
     vertex -3.708010101318e+01 -3.695399999619e+00 5.486899852753e+00
   endloop
 endfacet
 facet normal 5.629806367685e-01 8.207141634700e-01 9.737075794809e-02
   outer loop
     vertex -2.547369956970e+01 -1.133119964600e+01 2.740999937057e+00
     vertex -3.708010101318e+01 -3.695399999619e+00 5.486899852753e+00
     vertex -2.863159942627e+01 -1.049289989471e+01 1.393360042572e+01
   endloop
 endfacet
 facet normal -1.842729114099e-02 9.997810683189e-01 -9.912132581245e-03
   outer loop
     vertex -7.236199855804e+00 -1.099450016022e+01 2.797300100327e+00
     vertex -2.547369956970e+01 -1.133119964600e+01 2.740999937057e+00
     vertex -2.006800079346e+01 -1.116300010681e+01 9.656800270081e+00
   endloop
 endfacet
 facet normal 7.397397938171e-01 5.957805660811e-01 -3.127787629036e-01
   outer loop
     vertex -3.295300006866e+00 -1.360289955139e+01 8.758999705315e-01
     vertex -7.961999773979e-01 -1.650709915161e+01 1.254500031471e+00
     vertex -1.284500002861e+00 -1.643420028687e+01 2.384999990463e-01
   endloop
 endfacet
 facet normal 5.329582148777e-01 8.444627816513e-01 -5.327430525258e-02
   outer loop
     vertex -3.295300006866e+00 -1.360289955139e+01 8.758999705315e-01
     vertex -7.236199855804e+00 -1.099450016022e+01 2.797300100327e+00
     vertex -6.839399814606e+00 -1.119480037689e+01 3.591900110245e+00
   endloop
 endfacet
 facet normal 2.937076748437e-02 9.978358076965e-01 5.883076487811e-02
   outer loop
     vertex -1.283250045776e+01 -1.160900020599e+01 1.360919952393e+01
     vertex -6.839399814606e+00 -1.119480037689e+01 3.591900110245e+00
     vertex -2.006800079346e+01 -1.116300010681e+01 9.656800270081e+00
   endloop
 endfacet
 facet normal 6.089962716424e-02 9.505705943180e-01 -3.044778820032e-01
   outer loop
     vertex -1.283250045776e+01 -1.160900020599e+01 1.360919952393e+01
     vertex -2.863159942627e+01 -1.049289989471e+01 1.393360042572e+01
     vertex -1.931570053101e+01 -9.304100036621e+00 1.950830078125e+01
   endloop
 endfacet
 facet normal -3.294599817550e-01 8.708236735317e-01 3.648592194788e-01
   outer loop
     vertex -1.931570053101e+01 -9.304100036621e+00 1.950830078125e+01
     vertex -2.863159942627e+01 -1.049289989471e+01 1.393360042572e+01
     vertex -2.543799972534e+01 -1.374250030518e+01 2.457329940796e+01
   endloop
 endfacet
 facet normal -1.982888534746e-01 9.729696172357e-01 1.183708347693e-01
   outer loop
     vertex -4.993539810181e+01 -1.456449985504e+01 8.581700325012e+00
     vertex -5.601979827881e+01 -1.627969932556e+01 1.248779964447e+01
     vertex -4.214979934692e+01 -1.438220024109e+01 2.012529945374e+01
   endloop
 endfacet
 facet normal -2.327280874535e-01 9.614404698932e-01 1.465259709463e-01
   outer loop
     vertex -5.601979827881e+01 -1.627969932556e+01 1.248779964447e+01
     vertex -5.321390151978e+01 -1.878280067444e+01 3.336869812012e+01
     vertex -4.903049850464e+01 -1.672069931030e+01 2.648259925842e+01
   endloop
 endfacet
 facet normal -2.112233876487e-01 9.322301197968e-01 2.938225387096e-01
   outer loop
     vertex -5.321390151978e+01 -1.878280067444e+01 3.336869812012e+01
     vertex -6.051250076294e+01 -1.583040046692e+01 1.875460052490e+01
     vertex -6.405609893799e+01 -2.080780029297e+01 3.199930000305e+01
   endloop
 endfacet
 facet normal -3.207352241177e-01 8.987853761380e-01 2.988540842127e-01
   outer loop
     vertex -6.405609893799e+01 -2.080780029297e+01 3.199930000305e+01
     vertex -6.589920043945e+01 -2.776420021057e+01 5.094219970703e+01
     vertex -5.853020095825e+01 -2.253059959412e+01 4.311100006104e+01
   endloop
 endfacet
 facet normal 7.535383771960e-01 6.552924383856e-01 5.264726286823e-02
   outer loop
     vertex -3.183500051498e+00 -1.379979991913e+01 1.726500034332e+00
     vertex -7.961999773979e-01 -1.650709915161e+01 1.254500031471e+00
     vertex -3.295300006866e+00 -1.360289955139e+01 8.758999705315e-01
   endloop
 endfacet
 facet normal 9.364238877649e-02 9.754876468388e-01 1.991355163930e-01
   outer loop
     vertex -6.839399814606e+00 -1.119480037689e+01 3.591900110245e+00
     vertex -7.236199855804e+00 -1.099450016022e+01 2.797300100327e+00
     vertex -2.006800079346e+01 -1.116300010681e+01 9.656800270081e+00
   endloop
 endfacet
 facet normal -2.179064697213e-01 9.670434588654e-01 1.316955546675e-01
   outer loop
     vertex -2.863159942627e+01 -1.049289989471e+01 1.393360042572e+01
     vertex -4.993539810181e+01 -1.456449985504e+01 8.581700325012e+00
     vertex -4.214979934692e+01 -1.438220024109e+01 2.012529945374e+01
   endloop
 endfacet
 facet normal 6.272106406196e-03 9.862067945278e-01 -1.653989694904e-01
   outer loop
     vertex -2.543799972534e+01 -1.374250030518e+01 2.457329940796e+01
     vertex -4.214979934692e+01 -1.438220024109e+01 2.012529945374e+01
     vertex -3.709540176392e+01 -1.203849983215e+01 3.429150009155e+01
   endloop
 endfacet
 facet normal -7.523087432926e-01 6.575776895630e-01 4.028817387997e-02
   outer loop
     vertex -4.809529876709e+01 -1.670059967041e+01 4.361769866943e+01
     vertex -4.305849838257e+01 -1.062100028992e+01 3.844049835205e+01
     vertex -4.903049850464e+01 -1.672069931030e+01 2.648259925842e+01
   endloop
 endfacet
 facet normal 2.187123410210e-01 9.718928440626e-01 8.711608086344e-02
   outer loop
     vertex -5.601979827881e+01 -1.627969932556e+01 1.248779964447e+01
     vertex -6.051250076294e+01 -1.583040046692e+01 1.875460052490e+01
     vertex -5.321390151978e+01 -1.878280067444e+01 3.336869812012e+01
   endloop
 endfacet
 facet normal -4.528057856292e-01 8.904609531056e-01 4.523506930438e-02
   outer loop
     vertex -5.321390151978e+01 -1.878280067444e+01 3.336869812012e+01
     vertex -5.492910003662e+01 -2.051379966736e+01 5.027450180054e+01
     vertex -4.809529876709e+01 -1.670059967041e+01 4.361769866943e+01
   endloop
 endfacet
 facet normal -9.804014884447e-01 0.000000000000e+00 -1.970099526812e-01
   outer loop
     vertex 1.409700036049e+00 -1.208570003510e+01 -7.487299919128e+00
     vertex 8.460000157356e-01 -1.236709976196e+01 -4.682099819183e+00
     vertex 1.409700036049e+00 -1.119480037689e+01 -7.487299919128e+00
   endloop
 endfacet
 facet normal -3.588849985416e-01 0.000000000000e+00 9.333817856707e-01
   outer loop
     vertex 9.175999760628e-01 -1.643420028687e+01 -5.112000107765e-01
     vertex 5.310000106692e-02 -1.650709915161e+01 -8.435999751091e-01
     vertex 5.310000106692e-02 -1.739800071716e+01 -8.435999751091e-01
   endloop
 endfacet
 facet normal 9.750464995614e-01 -0.000000000000e+00 2.220007290371e-01
   outer loop
     vertex 1.517899990082e+00 -1.299120044708e+01 -4.392399787903e+00
     vertex 2.195300102234e+00 -1.119390010834e+01 -7.367599964142e+00
     vertex 1.517899990082e+00 -1.210029983521e+01 -4.392399787903e+00
   endloop
 endfacet
 facet normal 7.193700427081e-01 -0.000000000000e+00 6.946270522044e-01
   outer loop
     vertex 2.195300102234e+00 -1.208479976654e+01 -7.367599964142e+00
     vertex 8.292900085449e+00 -1.099590015411e+01 -1.368239974976e+01
     vertex 2.195300102234e+00 -1.119390010834e+01 -7.367599964142e+00
   endloop
 endfacet
 facet normal 9.882492158593e-01 -0.000000000000e+00 1.528511934971e-01
   outer loop
     vertex 9.175999760628e-01 -1.732509994507e+01 -5.112000107765e-01
     vertex 1.517899990082e+00 -1.210029983521e+01 -4.392399787903e+00
     vertex 9.175999760628e-01 -1.643420028687e+01 -5.112000107765e-01
   endloop
 endfacet
 facet normal -9.793247761605e-01 0.000000000000e+00 -2.022942974928e-01
   outer loop
     vertex 8.460000157356e-01 -1.325800037384e+01 -4.682099819183e+00
     vertex 5.310000106692e-02 -1.650709915161e+01 -8.435999751091e-01
     vertex 8.460000157356e-01 -1.236709976196e+01 -4.682099819183e+00
   endloop
 endfacet
 facet normal -9.430387884124e-01 0.000000000000e+00 3.326827971953e-01
   outer loop
     vertex -2.201400041580e+00 -1.155920028687e+01 -1.772349929810e+01
     vertex 1.409700036049e+00 -1.208570003510e+01 -7.487299919128e+00
     vertex 1.409700036049e+00 -1.119480037689e+01 -7.487299919128e+00
   endloop
 endfacet
 facet normal -1.195816689762e-01 9.774344536755e-01 1.741324588149e-01
   outer loop
     vertex 1.493550014496e+01 -9.701399803162e+00 -6.834339904785e+01
     vertex 5.208799839020e+00 -1.063099956512e+01 -6.980500030518e+01
     vertex 8.353000283241e-01 -1.235859966278e+01 -6.311109924316e+01
   endloop
 endfacet
 facet normal -1.066171298348e-02 9.813638004309e-01 -1.918630216589e-01
   outer loop
     vertex 7.735499858856e+00 -1.170160007477e+01 -3.584389877319e+01
     vertex 1.134640026093e+01 -1.471109962463e+01 -5.143790054321e+01
     vertex -2.827199935913e+00 -1.213290023804e+01 -3.746300125122e+01
   endloop
 endfacet
 facet normal -2.369044036809e-01 8.654093859807e-01 4.415233834952e-01
   outer loop
     vertex 2.399060058594e+01 -1.605669975281e+01 -4.951100158691e+01
     vertex 2.492950057983e+01 -1.073900032043e+01 -5.943019866943e+01
     vertex 1.344659996033e+01 -1.298499965668e+01 -6.118920135498e+01
   endloop
 endfacet
 facet normal -1.770872842168e-03 9.999900211846e-01 4.101407147513e-03
   outer loop
     vertex 2.195300102234e+00 -1.119390010834e+01 -7.367599964142e+00
     vertex 3.292000055313e+00 -1.116300010681e+01 -1.442800045013e+01
     vertex 1.409700036049e+00 -1.119480037689e+01 -7.487299919128e+00
   endloop
 endfacet
 facet normal 5.489089118276e-01 6.937494347352e-01 -4.662732335454e-01
   outer loop
     vertex -2.727499961853e+00 -1.305900001526e+01 -3.186310005188e+01
     vertex -2.637000083923e+00 -9.254300117493e+00 -2.609569931030e+01
     vertex 4.448400020599e+00 -1.076439952850e+01 -2.000139999390e+01
   endloop
 endfacet
 facet normal -4.090575192073e-01 8.682683081771e-01 2.806814760460e-01
   outer loop
     vertex 1.134270000458e+01 -7.852399826050e+00 -1.896190071106e+01
     vertex 4.448400020599e+00 -1.076439952850e+01 -2.000139999390e+01
     vertex 8.292900085449e+00 -1.099590015411e+01 -1.368239974976e+01
   endloop
 endfacet
 facet normal -5.043107528125e-01 6.370690498330e-01 5.829354083795e-01
   outer loop
     vertex 5.310000106692e-02 -1.650709915161e+01 -8.435999751091e-01
     vertex 1.517899990082e+00 -1.210029983521e+01 -4.392399787903e+00
     vertex 8.460000157356e-01 -1.236709976196e+01 -4.682099819183e+00
   endloop
 endfacet
 facet normal -1.788578979297e-02 9.101043038232e-01 4.139930611568e-01
   outer loop
     vertex 1.344659996033e+01 -1.298499965668e+01 -6.118920135498e+01
     vertex 1.493550014496e+01 -9.701399803162e+00 -6.834339904785e+01
     vertex 8.353000283241e-01 -1.235859966278e+01 -6.311109924316e+01
   endloop
 endfacet
 facet normal 5.395298474118e-01 7.344428359535e-01 4.117053126549e-01
   outer loop
     vertex 1.134640026093e+01 -1.471109962463e+01 -5.143790054321e+01
     vertex -2.925899982452e+00 -3.999200105667e+00 -5.184339904785e+01
     vertex -2.827199935913e+00 -1.213290023804e+01 -3.746300125122e+01
   endloop
 endfacet
 facet normal -1.878426214881e-01 9.818171080182e-01 -2.739189579442e-02
   outer loop
     vertex 2.369980049133e+01 -1.118509960175e+01 -6.698709869385e+01
     vertex 1.344659996033e+01 -1.298499965668e+01 -6.118920135498e+01
     vertex 2.492950057983e+01 -1.073900032043e+01 -5.943019866943e+01
   endloop
 endfacet
 facet normal 1.500584646078e-01 9.301443433488e-01 -3.351327464390e-01
   outer loop
     vertex 1.817130088806e+01 -9.623999595642e+00 -3.426300048828e+01
     vertex 2.399060058594e+01 -1.605669975281e+01 -4.951100158691e+01
     vertex 1.134640026093e+01 -1.471109962463e+01 -5.143790054321e+01
   endloop
 endfacet
 facet normal -1.611047525700e-01 9.829830940979e-01 -8.825811813665e-02
   outer loop
     vertex 7.735499858856e+00 -1.170160007477e+01 -3.584389877319e+01
     vertex -2.727499961853e+00 -1.305900001526e+01 -3.186310005188e+01
     vertex 5.847799777985e+00 -1.119410037994e+01 -2.674580001831e+01
   endloop
 endfacet
 facet normal -1.569676483870e-01 9.830047582927e-01 -9.519875279555e-02
   outer loop
     vertex 5.847799777985e+00 -1.119410037994e+01 -2.674580001831e+01
     vertex -2.727499961853e+00 -1.305900001526e+01 -3.186310005188e+01
     vertex 4.448400020599e+00 -1.076439952850e+01 -2.000139999390e+01
   endloop
 endfacet
 facet normal -1.016360948394e-01 9.935658420011e-01 4.997020947052e-02
   outer loop
     vertex 4.448400020599e+00 -1.076439952850e+01 -2.000139999390e+01
     vertex -2.201400041580e+00 -1.155920028687e+01 -1.772349929810e+01
     vertex 3.292000055313e+00 -1.116300010681e+01 -1.442800045013e+01
   endloop
 endfacet
 facet normal -6.425657583562e-02 9.978506190791e-01 -1.285435588928e-02
   outer loop
     vertex 3.292000055313e+00 -1.116300010681e+01 -1.442800045013e+01
     vertex -2.201400041580e+00 -1.155920028687e+01 -1.772349929810e+01
     vertex 1.409700036049e+00 -1.119480037689e+01 -7.487299919128e+00
   endloop
 endfacet
 facet normal -4.405861472610e-02 9.584164113567e-01 2.819518060069e-01
   outer loop
     vertex 1.517899990082e+00 -1.210029983521e+01 -4.392399787903e+00
     vertex 2.195300102234e+00 -1.119390010834e+01 -7.367599964142e+00
     vertex 1.409700036049e+00 -1.119480037689e+01 -7.487299919128e+00
   endloop
 endfacet
 facet normal -3.183052788710e-01 6.565175237148e-01 6.838614556314e-01
   outer loop
     vertex 1.517899990082e+00 -1.210029983521e+01 -4.392399787903e+00
     vertex 5.310000106692e-02 -1.650709915161e+01 -8.435999751091e-01
     vertex 9.175999760628e-01 -1.643420028687e+01 -5.112000107765e-01
   endloop
 endfacet
 facet normal -3.327695285601e-02 9.994458527720e-01 -7.948492824530e-04
   outer loop
     vertex 8.292900085449e+00 -1.099590015411e+01 -1.368239974976e+01
     vertex 3.292000055313e+00 -1.116300010681e+01 -1.442800045013e+01
     vertex 2.195300102234e+00 -1.119390010834e+01 -7.367599964142e+00
   endloop
 endfacet
 facet normal -4.263185051078e-02 9.971360314446e-01 6.246807278057e-02
   outer loop
     vertex 8.292900085449e+00 -1.099590015411e+01 -1.368239974976e+01
     vertex 4.448400020599e+00 -1.076439952850e+01 -2.000139999390e+01
     vertex 3.292000055313e+00 -1.116300010681e+01 -1.442800045013e+01
   endloop
 endfacet
 facet normal -2.483657601882e-01 7.887465299135e-01 -5.623107332388e-01
   outer loop
     vertex 1.134270000458e+01 -7.852399826050e+00 -1.896190071106e+01
     vertex 1.348260021210e+01 -1.051309967041e+01 -2.363920021057e+01
     vertex 4.448400020599e+00 -1.076439952850e+01 -2.000139999390e+01
   endloop
 endfacet
 facet normal -1.946915318769e-01 9.808570130090e-01 -3.837635539732e-03
   outer loop
     vertex 1.817130088806e+01 -9.623999595642e+00 -3.426300048828e+01
     vertex 7.735499858856e+00 -1.170160007477e+01 -3.584389877319e+01
     vertex 1.348260021210e+01 -1.051309967041e+01 -2.363920021057e+01
   endloop
 endfacet
 facet normal -1.578771438277e-01 9.621250868930e-01 -2.222388908989e-01
   outer loop
     vertex 1.817130088806e+01 -9.623999595642e+00 -3.426300048828e+01
     vertex 1.134640026093e+01 -1.471109962463e+01 -5.143790054321e+01
     vertex 7.735499858856e+00 -1.170160007477e+01 -3.584389877319e+01
   endloop
 endfacet
 facet normal 7.530372734729e-02 9.789866278034e-01 1.895112957842e-01
   outer loop
     vertex 2.399060058594e+01 -1.605669975281e+01 -4.951100158691e+01
     vertex 1.344659996033e+01 -1.298499965668e+01 -6.118920135498e+01
     vertex 1.134640026093e+01 -1.471109962463e+01 -5.143790054321e+01
   endloop
 endfacet
 facet normal 1.632207861161e-01 9.862923023797e-01 2.421712712535e-02
   outer loop
     vertex 1.727009963989e+01 -9.858799934387e+00 -7.766790008545e+01
     vertex 1.493550014496e+01 -9.701399803162e+00 -6.834339904785e+01
     vertex 2.369980049133e+01 -1.118509960175e+01 -6.698709869385e+01
   endloop
 endfacet
 facet normal 2.161358115484e-02 9.836527972997e-01 1.787736766812e-01
   outer loop
     vertex 1.134640026093e+01 -1.471109962463e+01 -5.143790054321e+01
     vertex 1.344659996033e+01 -1.298499965668e+01 -6.118920135498e+01
     vertex 8.353000283241e-01 -1.235859966278e+01 -6.311109924316e+01
   endloop
 endfacet
 facet normal -8.923538872970e-02 9.952411497722e-01 -3.914203876027e-02
   outer loop
     vertex 1.727009963989e+01 -9.858799934387e+00 -7.766790008545e+01
     vertex 5.208799839020e+00 -1.063099956512e+01 -6.980500030518e+01
     vertex 1.493550014496e+01 -9.701399803162e+00 -6.834339904785e+01
   endloop
 endfacet
 facet normal -4.523805305639e-01 8.515556514332e-01 2.649619370379e-01
   outer loop
     vertex 1.409700036049e+00 -1.119480037689e+01 -7.487299919128e+00
     vertex 8.460000157356e-01 -1.236709976196e+01 -4.682099819183e+00
     vertex 1.517899990082e+00 -1.210029983521e+01 -4.392399787903e+00
   endloop
 endfacet
 facet normal -5.808115873610e-02 9.954548012413e-01 -7.547395368975e-02
   outer loop
     vertex 1.348260021210e+01 -1.051309967041e+01 -2.363920021057e+01
     vertex 5.847799777985e+00 -1.119410037994e+01 -2.674580001831e+01
     vertex 4.448400020599e+00 -1.076439952850e+01 -2.000139999390e+01
   endloop
 endfacet
 facet normal -2.387170492865e-02 9.635371345982e-01 2.665076583403e-01
   outer loop
     vertex 4.448400020599e+00 -1.076439952850e+01 -2.000139999390e+01
     vertex -2.637000083923e+00 -9.254300117493e+00 -2.609569931030e+01
     vertex -2.201400041580e+00 -1.155920028687e+01 -1.772349929810e+01
   endloop
 endfacet
 facet normal -6.106499815896e-02 9.957999664682e-01 -6.821651399624e-02
   outer loop
     vertex 1.348260021210e+01 -1.051309967041e+01 -2.363920021057e+01
     vertex 7.735499858856e+00 -1.170160007477e+01 -3.584389877319e+01
     vertex 5.847799777985e+00 -1.119410037994e+01 -2.674580001831e+01
   endloop
 endfacet
 facet normal 8.554667062048e-02 8.986430619399e-01 4.302585436376e-01
   outer loop
     vertex 2.369980049133e+01 -1.118509960175e+01 -6.698709869385e+01
     vertex 1.493550014496e+01 -9.701399803162e+00 -6.834339904785e+01
     vertex 1.344659996033e+01 -1.298499965668e+01 -6.118920135498e+01
   endloop
 endfacet
 facet normal 5.664036632318e-01 7.410102744144e-01 -3.606808332721e-01
   outer loop
     vertex 8.353000283241e-01 -1.235859966278e+01 -6.311109924316e+01
     vertex -2.925899982452e+00 -3.999200105667e+00 -5.184339904785e+01
     vertex 1.134640026093e+01 -1.471109962463e+01 -5.143790054321e+01
   endloop
 endfacet
 facet normal -5.994120177515e-01 -7.255029573169e-01 3.381577914221e-01
   outer loop
     vertex 8.353000283241e-01 -1.235859966278e+01 -6.311109924316e+01
     vertex 1.134640026093e+01 -1.560200023651e+01 -5.143790054321e+01
     vertex -2.925899982452e+00 -3.999200105667e+00 -5.184339904785e+01
   endloop
 endfacet
 facet normal 2.985423941524e-03 -9.090750659028e-01 -4.166216650604e-01
   outer loop
     vertex 2.369980049133e+01 -1.118509960175e+01 -6.698709869385e+01
     vertex 1.344659996033e+01 -1.387590026855e+01 -6.118920135498e+01
     vertex 1.493550014496e+01 -1.059230041504e+01 -6.834339904785e+01
   endloop
 endfacet
 facet normal 1.659034073907e-01 -9.820990918005e-01 8.920444664207e-02
   outer loop
     vertex 7.735499858856e+00 -1.259249973297e+01 -3.584389877319e+01
     vertex 1.348260021210e+01 -1.051309967041e+01 -2.363920021057e+01
     vertex 5.847799777985e+00 -1.208500003815e+01 -2.674580001831e+01
   endloop
 endfacet
 facet normal -1.026209610220e-01 -9.603938525630e-01 -2.590609702716e-01
   outer loop
     vertex 4.448400020599e+00 -1.165530014038e+01 -2.000139999390e+01
     vertex -2.201400041580e+00 -1.155920028687e+01 -1.772349929810e+01
     vertex -2.637000083923e+00 -9.254300117493e+00 -2.609569931030e+01
   endloop
 endfacet
 facet normal 1.629499310877e-01 -9.819165125621e-01 9.637054693377e-02
   outer loop
     vertex 5.847799777985e+00 -1.208500003815e+01 -2.674580001831e+01
     vertex 1.348260021210e+01 -1.051309967041e+01 -2.363920021057e+01
     vertex 4.448400020599e+00 -1.165530014038e+01 -2.000139999390e+01
   endloop
 endfacet
 facet normal 4.523805899922e-01 -8.515555470704e-01 -2.649621709829e-01
   outer loop
     vertex 1.409700036049e+00 -1.208570003510e+01 -7.487299919128e+00
     vertex 1.517899990082e+00 -1.299120044708e+01 -4.392399787903e+00
     vertex 8.460000157356e-01 -1.325800037384e+01 -4.682099819183e+00
   endloop
 endfacet
 facet normal 1.518213146034e-02 -9.970954084983e-01 -7.463410236578e-02
   outer loop
     vertex 1.727009963989e+01 -9.858799934387e+00 -7.766790008545e+01
     vertex 1.493550014496e+01 -1.059230041504e+01 -6.834339904785e+01
     vertex 5.208799839020e+00 -1.063099956512e+01 -6.980500030518e+01
   endloop
 endfacet
 facet normal -8.832888335626e-02 -9.774047051773e-01 -1.920365867804e-01
   outer loop
     vertex 1.344659996033e+01 -1.387590026855e+01 -6.118920135498e+01
     vertex 1.134640026093e+01 -1.560200023651e+01 -5.143790054321e+01
     vertex 8.353000283241e-01 -1.235859966278e+01 -6.311109924316e+01
   endloop
 endfacet
 facet normal -5.309592693490e-02 -9.943870688582e-01 -9.151600860207e-02
   outer loop
     vertex 1.727009963989e+01 -9.858799934387e+00 -7.766790008545e+01
     vertex 2.369980049133e+01 -1.118509960175e+01 -6.698709869385e+01
     vertex 1.493550014496e+01 -1.059230041504e+01 -6.834339904785e+01
   endloop
 endfacet
 facet normal -8.563711031297e-03 -9.843378387447e-01 -1.760843038682e-01
   outer loop
     vertex 1.344659996033e+01 -1.387590026855e+01 -6.118920135498e+01
     vertex 2.399060058594e+01 -1.605669975281e+01 -4.951100158691e+01
     vertex 1.134640026093e+01 -1.560200023651e+01 -5.143790054321e+01
   endloop
 endfacet
 facet normal 2.326388722323e-01 -9.435058812779e-01 2.359572145973e-01
   outer loop
     vertex 1.134640026093e+01 -1.560200023651e+01 -5.143790054321e+01
     vertex 1.817130088806e+01 -9.623999595642e+00 -3.426300048828e+01
     vertex 7.735499858856e+00 -1.259249973297e+01 -3.584389877319e+01
   endloop
 endfacet
 facet normal 2.681080626591e-01 -9.626484378228e-01 3.776310228830e-02
   outer loop
     vertex 7.735499858856e+00 -1.259249973297e+01 -3.584389877319e+01
     vertex 1.817130088806e+01 -9.623999595642e+00 -3.426300048828e+01
     vertex 1.348260021210e+01 -1.051309967041e+01 -2.363920021057e+01
   endloop
 endfacet
 facet normal 3.266182907856e-01 -7.495187326742e-01 5.757969794075e-01
   outer loop
     vertex 1.348260021210e+01 -1.051309967041e+01 -2.363920021057e+01
     vertex 1.134270000458e+01 -7.852399826050e+00 -1.896190071106e+01
     vertex 4.448400020599e+00 -1.165530014038e+01 -2.000139999390e+01
   endloop
 endfacet
 facet normal 2.106444551237e-01 -9.772120421809e-01 -2.618278331965e-02
   outer loop
     vertex 4.448400020599e+00 -1.165530014038e+01 -2.000139999390e+01
     vertex 8.292900085449e+00 -1.099590015411e+01 -1.368239974976e+01
     vertex 3.292000055313e+00 -1.205389976501e+01 -1.442800045013e+01
   endloop
 endfacet
 facet normal 2.030131668560e-01 -9.787967420651e-01 2.725053771721e-02
   outer loop
     vertex 3.292000055313e+00 -1.205389976501e+01 -1.442800045013e+01
     vertex 8.292900085449e+00 -1.099590015411e+01 -1.368239974976e+01
     vertex 2.195300102234e+00 -1.208479976654e+01 -7.367599964142e+00
   endloop
 endfacet
 facet normal 3.183065340822e-01 -6.565174135453e-01 -6.838609771528e-01
   outer loop
     vertex 5.310000106692e-02 -1.739800071716e+01 -8.435999751091e-01
     vertex 1.517899990082e+00 -1.299120044708e+01 -4.392399787903e+00
     vertex 9.175999760628e-01 -1.732509994507e+01 -5.112000107765e-01
   endloop
 endfacet
 facet normal 4.405865618963e-02 -9.584163292127e-01 -2.819520787530e-01
   outer loop
     vertex 2.195300102234e+00 -1.208479976654e+01 -7.367599964142e+00
     vertex 1.517899990082e+00 -1.299120044708e+01 -4.392399787903e+00
     vertex 1.409700036049e+00 -1.208570003510e+01 -7.487299919128e+00
   endloop
 endfacet
 facet normal -7.485460974899e-02 -9.968843360229e-01 -2.486781034942e-02
   outer loop
     vertex -2.201400041580e+00 -1.155920028687e+01 -1.772349929810e+01
     vertex 3.292000055313e+00 -1.205389976501e+01 -1.442800045013e+01
     vertex 1.409700036049e+00 -1.208570003510e+01 -7.487299919128e+00
   endloop
 endfacet
 facet normal -4.175969620316e-02 -9.959284439766e-01 -7.989156558303e-02
   outer loop
     vertex 4.448400020599e+00 -1.165530014038e+01 -2.000139999390e+01
     vertex 3.292000055313e+00 -1.205389976501e+01 -1.442800045013e+01
     vertex -2.201400041580e+00 -1.155920028687e+01 -1.772349929810e+01
   endloop
 endfacet
 facet normal 6.688471156678e-02 -9.947652302827e-01 7.725653356962e-02
   outer loop
     vertex 5.847799777985e+00 -1.208500003815e+01 -2.674580001831e+01
     vertex 4.448400020599e+00 -1.165530014038e+01 -2.000139999390e+01
     vertex -2.727499961853e+00 -1.305900001526e+01 -3.186310005188e+01
   endloop
 endfacet
 facet normal -1.796531540220e-02 -9.864915527152e-01 -1.628240272933e-01
   outer loop
     vertex 7.735499858856e+00 -1.259249973297e+01 -3.584389877319e+01
     vertex -2.727499961853e+00 -1.305900001526e+01 -3.186310005188e+01
     vertex -2.827199935913e+00 -1.213290023804e+01 -3.746300125122e+01
   endloop
 endfacet
 facet normal -8.805075047586e-02 -9.293779005204e-01 3.584742436562e-01
   outer loop
     vertex 2.399060058594e+01 -1.605669975281e+01 -4.951100158691e+01
     vertex 1.817130088806e+01 -9.623999595642e+00 -3.426300048828e+01
     vertex 1.134640026093e+01 -1.560200023651e+01 -5.143790054321e+01
   endloop
 endfacet
 facet normal 2.614390131719e-01 -9.651121304965e-01 1.442975953257e-02
   outer loop
     vertex 1.344659996033e+01 -1.387590026855e+01 -6.118920135498e+01
     vertex 2.369980049133e+01 -1.118509960175e+01 -6.698709869385e+01
     vertex 2.492950057983e+01 -1.073900032043e+01 -5.943019866943e+01
   endloop
 endfacet
 facet normal -5.709166959487e-01 -7.162917496817e-01 -4.012234484983e-01
   outer loop
     vertex -2.925899982452e+00 -3.999200105667e+00 -5.184339904785e+01
     vertex 1.134640026093e+01 -1.560200023651e+01 -5.143790054321e+01
     vertex -2.827199935913e+00 -1.213290023804e+01 -3.746300125122e+01
   endloop
 endfacet
 facet normal -4.415391324966e-02 -9.044419224341e-01 -4.243055984646e-01
   outer loop
     vertex 1.493550014496e+01 -1.059230041504e+01 -6.834339904785e+01
     vertex 1.344659996033e+01 -1.387590026855e+01 -6.118920135498e+01
     vertex 8.353000283241e-01 -1.235859966278e+01 -6.311109924316e+01
   endloop
 endfacet
 facet normal 5.043107568131e-01 -6.370689757271e-01 -5.829354859061e-01
   outer loop
     vertex 1.517899990082e+00 -1.299120044708e+01 -4.392399787903e+00
     vertex 5.310000106692e-02 -1.739800071716e+01 -8.435999751091e-01
     vertex 8.460000157356e-01 -1.325800037384e+01 -4.682099819183e+00
   endloop
 endfacet
 facet normal 4.963483590120e-01 -8.412852501944e-01 -2.141901825751e-01
   outer loop
     vertex 4.448400020599e+00 -1.165530014038e+01 -2.000139999390e+01
     vertex 1.134270000458e+01 -7.852399826050e+00 -1.896190071106e+01
     vertex 8.292900085449e+00 -1.099590015411e+01 -1.368239974976e+01
   endloop
 endfacet
 facet normal -6.059708771792e-01 -6.596114914056e-01 4.446481490081e-01
   outer loop
     vertex -2.727499961853e+00 -1.305900001526e+01 -3.186310005188e+01
     vertex 4.448400020599e+00 -1.165530014038e+01 -2.000139999390e+01
     vertex -2.637000083923e+00 -9.254300117493e+00 -2.609569931030e+01
   endloop
 endfacet
 facet normal 1.770872842168e-03 -9.999900211846e-01 -4.101407147513e-03
   outer loop
     vertex 3.292000055313e+00 -1.205389976501e+01 -1.442800045013e+01
     vertex 2.195300102234e+00 -1.208479976654e+01 -7.367599964142e+00
     vertex 1.409700036049e+00 -1.208570003510e+01 -7.487299919128e+00
   endloop
 endfacet
 facet normal 2.986054128914e-01 -8.526115144976e-01 -4.288221224915e-01
   outer loop
     vertex 2.492950057983e+01 -1.073900032043e+01 -5.943019866943e+01
     vertex 2.399060058594e+01 -1.605669975281e+01 -4.951100158691e+01
     vertex 1.344659996033e+01 -1.387590026855e+01 -6.118920135498e+01
   endloop
 endfacet
 facet normal -6.934513406130e-02 -9.823834785752e-01 1.735337241131e-01
   outer loop
     vertex 1.134640026093e+01 -1.560200023651e+01 -5.143790054321e+01
     vertex 7.735499858856e+00 -1.259249973297e+01 -3.584389877319e+01
     vertex -2.827199935913e+00 -1.213290023804e+01 -3.746300125122e+01
   endloop
 endfacet
 facet normal 3.789754630731e-02 -9.732895467962e-01 -2.264315218362e-01
   outer loop
     vertex 1.493550014496e+01 -1.059230041504e+01 -6.834339904785e+01
     vertex 8.353000283241e-01 -1.235859966278e+01 -6.311109924316e+01
     vertex 5.208799839020e+00 -1.063099956512e+01 -6.980500030518e+01
   endloop
 endfacet
 facet normal 9.662588943924e-01 0.000000000000e+00 -2.575728033149e-01
   outer loop
     vertex 2.637599945068e+00 -1.253279972076e+01 7.464099884033e+00
     vertex 1.620300054550e+00 -1.337510013580e+01 3.647799968719e+00
     vertex 2.637599945068e+00 -1.137730026245e+01 7.464099884033e+00
   endloop
 endfacet
 facet normal -1.022433187659e-01 0.000000000000e+00 -9.947594200447e-01
   outer loop
     vertex -9.669999778271e-02 -2.010639953613e+01 1.118600010872e+00
     vertex 9.745000004768e-01 -1.945059967041e+01 1.008499979973e+00
     vertex 9.745000004768e-01 -2.060610008240e+01 1.008499979973e+00
   endloop
 endfacet
 facet normal -9.717844792624e-01 0.000000000000e+00 2.358705701537e-01
   outer loop
     vertex 8.869000077248e-01 -1.478320026398e+01 4.011600017548e+00
     vertex 1.755300045013e+00 -1.137819957733e+01 7.589399814606e+00
     vertex 8.869000077248e-01 -1.362769985199e+01 4.011600017548e+00
   endloop
 endfacet
 facet normal -9.406312916941e-01 0.000000000000e+00 -3.394300709805e-01
   outer loop
     vertex 1.755300045013e+00 -1.253369998932e+01 7.589399814606e+00
     vertex -2.073499917984e+00 -1.203769969940e+01 1.819980049133e+01
     vertex 1.755300045013e+00 -1.137819957733e+01 7.589399814606e+00
   endloop
 endfacet
 facet normal -9.467747392753e-01 0.000000000000e+00 3.218968671333e-01
   outer loop
     vertex -9.669999778271e-02 -2.126189994812e+01 1.118600010872e+00
     vertex 8.869000077248e-01 -1.362769985199e+01 4.011600017548e+00
     vertex -9.669999778271e-02 -2.010639953613e+01 1.118600010872e+00
   endloop
 endfacet
 facet normal 9.713448350102e-01 0.000000000000e+00 -2.376745916145e-01
   outer loop
     vertex 9.745000004768e-01 -1.945059967041e+01 1.008499979973e+00
     vertex 1.620300054550e+00 -1.337510013580e+01 3.647799968719e+00
     vertex 1.620300054550e+00 -1.453059959412e+01 3.647799968719e+00
   endloop
 endfacet
 facet normal 7.127894798142e-01 0.000000000000e+00 -7.013780417622e-01
   outer loop
     vertex 1.134070014954e+01 -1.196619987488e+01 1.630879974365e+01
     vertex 2.637599945068e+00 -1.253279972076e+01 7.464099884033e+00
     vertex 2.637599945068e+00 -1.137730026245e+01 7.464099884033e+00
   endloop
 endfacet
 facet normal 3.112501916346e-01 8.783660066975e-01 3.627622864710e-01
   outer loop
     vertex 1.622270011902e+01 -2.112059974670e+01 6.286729812622e+01
     vertex 1.472620010376e+01 -1.730290031433e+01 5.490739822388e+01
     vertex 7.218999862671e-01 -1.468309974670e+01 6.057970046997e+01
   endloop
 endfacet
 facet normal -7.288293963261e-02 6.845798821447e-01 7.252850902047e-01
   outer loop
     vertex 1.622270011902e+01 -2.112059974670e+01 6.286729812622e+01
     vertex 2.716720008850e+01 -2.741920089722e+01 6.991220092773e+01
     vertex 2.880800056458e+01 -1.663190078735e+01 5.989519882202e+01
   endloop
 endfacet
 facet normal 8.871186654446e-02 9.691582858662e-01 2.299182934678e-01
   outer loop
     vertex 1.107660007477e+01 -1.387569999695e+01 4.250230026245e+01
     vertex 9.219400405884e+00 -1.149180030823e+01 3.317020034790e+01
     vertex -2.066499948502e+00 -1.311769962311e+01 4.437829971313e+01
   endloop
 endfacet
 facet normal -2.116545548113e-01 6.901330265204e-01 6.920395618268e-01
   outer loop
     vertex 1.247739982605e+01 -1.501299953461e+01 4.600799942017e+01
     vertex 2.889489936829e+01 -1.688389968872e+01 5.289490127563e+01
     vertex 2.492989921570e+01 -9.420299530029e+00 4.423920059204e+01
   endloop
 endfacet
 facet normal 1.412495516512e-01 9.829937213073e-01 -1.173537729637e-01
   outer loop
     vertex 1.247739982605e+01 -1.501299953461e+01 4.600799942017e+01
     vertex -2.066499948502e+00 -1.311769962311e+01 4.437829971313e+01
     vertex -1.850999951363e+00 -1.248999977112e+01 4.989550018311e+01
   endloop
 endfacet
 facet normal -1.590296089950e-01 9.764685412707e-01 -1.456666446775e-01
   outer loop
     vertex 1.581359958649e+01 -1.173840045929e+01 2.431800079346e+01
     vertex 9.219400405884e+00 -1.149180030823e+01 3.317020034790e+01
     vertex 1.953179931641e+01 -1.002840042114e+01 3.172159957886e+01
   endloop
 endfacet
 facet normal 2.386785968266e-01 8.418864235089e-01 4.840039021830e-01
   outer loop
     vertex -2.177599906921e+00 -1.424240016937e+01 3.479570007324e+01
     vertex 6.802499771118e+00 -1.149510002136e+01 2.558860015869e+01
     vertex -2.329099893570e+00 -9.651900291443e+00 2.688559913635e+01
   endloop
 endfacet
 facet normal -4.461694035617e-01 8.362314069166e-01 -3.188258104539e-01
   outer loop
     vertex 1.620300054550e+00 -1.337510013580e+01 3.647799968719e+00
     vertex 8.869000077248e-01 -1.362769985199e+01 4.011600017548e+00
     vertex 2.637599945068e+00 -1.137730026245e+01 7.464099884033e+00
   endloop
 endfacet
 facet normal -2.978778775486e-01 7.223660623741e-01 6.240641329201e-01
   outer loop
     vertex 1.989959907532e+01 -3.690039825439e+01 7.741790008545e+01
     vertex 2.716720008850e+01 -2.741920089722e+01 6.991220092773e+01
     vertex 1.862709999084e+01 -3.131430053711e+01 7.034449768066e+01
   endloop
 endfacet
 facet normal -2.080184173203e-01 5.461442544540e-01 8.114522730158e-01
   outer loop
     vertex 1.622270011902e+01 -2.112059974670e+01 6.286729812622e+01
     vertex 1.862709999084e+01 -3.131430053711e+01 7.034449768066e+01
     vertex 2.716720008850e+01 -2.741920089722e+01 6.991220092773e+01
   endloop
 endfacet
 facet normal 3.392960952191e-02 9.036111173228e-01 4.270078807801e-01
   outer loop
     vertex 2.889489936829e+01 -1.688389968872e+01 5.289490127563e+01
     vertex 1.472620010376e+01 -1.730290031433e+01 5.490739822388e+01
     vertex 1.622270011902e+01 -2.112059974670e+01 6.286729812622e+01
   endloop
 endfacet
 facet normal 6.523944915258e-03 9.688299725269e-01 2.476407124775e-01
   outer loop
     vertex 2.889489936829e+01 -1.688389968872e+01 5.289490127563e+01
     vertex 1.247739982605e+01 -1.501299953461e+01 4.600799942017e+01
     vertex 1.472620010376e+01 -1.730290031433e+01 5.490739822388e+01
   endloop
 endfacet
 facet normal -1.282359998762e-01 9.271641742751e-01 3.520257409290e-01
   outer loop
     vertex 1.247739982605e+01 -1.501299953461e+01 4.600799942017e+01
     vertex 2.233799934387e+01 -1.027690029144e+01 3.712609863281e+01
     vertex 1.107660007477e+01 -1.387569999695e+01 4.250230026245e+01
   endloop
 endfacet
 facet normal -1.244864330336e-01 9.861073715320e-01 1.099789970897e-01
   outer loop
     vertex 1.953179931641e+01 -1.002840042114e+01 3.172159957886e+01
     vertex 9.219400405884e+00 -1.149180030823e+01 3.317020034790e+01
     vertex 2.233799934387e+01 -1.027690029144e+01 3.712609863281e+01
   endloop
 endfacet
 facet normal 2.577038278429e-02 9.996304617528e-01 -8.650277861844e-03
   outer loop
     vertex 1.581359958649e+01 -1.173840045929e+01 2.431800079346e+01
     vertex 6.802499771118e+00 -1.149510002136e+01 2.558860015869e+01
     vertex 9.219400405884e+00 -1.149180030823e+01 3.317020034790e+01
   endloop
 endfacet
 facet normal 5.918647875845e-02 9.980106099553e-01 -2.172056971522e-02
   outer loop
     vertex 1.134070014954e+01 -1.196619987488e+01 1.630879974365e+01
     vertex 4.692599773407e+00 -1.155169963837e+01 1.723870086670e+01
     vertex 6.802499771118e+00 -1.149510002136e+01 2.558860015869e+01
   endloop
 endfacet
 facet normal 6.286665555968e-02 9.980113822541e-01 4.589608917838e-03
   outer loop
     vertex 2.637599945068e+00 -1.137730026245e+01 7.464099884033e+00
     vertex 4.692599773407e+00 -1.155169963837e+01 1.723870086670e+01
     vertex 1.134070014954e+01 -1.196619987488e+01 1.630879974365e+01
   endloop
 endfacet
 facet normal -7.440307088494e-02 8.522646783177e-01 -5.177925271139e-01
   outer loop
     vertex 2.637599945068e+00 -1.137730026245e+01 7.464099884033e+00
     vertex 8.869000077248e-01 -1.362769985199e+01 4.011600017548e+00
     vertex 1.755300045013e+00 -1.137819957733e+01 7.589399814606e+00
   endloop
 endfacet
 facet normal -3.466023956796e-01 4.258322323953e-01 -8.357832788244e-01
   outer loop
     vertex -9.669999778271e-02 -2.010639953613e+01 1.118600010872e+00
     vertex 8.869000077248e-01 -1.362769985199e+01 4.011600017548e+00
     vertex 9.745000004768e-01 -1.945059967041e+01 1.008499979973e+00
   endloop
 endfacet
 facet normal 1.470425792207e-03 9.998452530785e-01 1.753019521741e-02
   outer loop
     vertex 4.692599773407e+00 -1.155169963837e+01 1.723870086670e+01
     vertex 2.637599945068e+00 -1.137730026245e+01 7.464099884033e+00
     vertex 1.755300045013e+00 -1.137819957733e+01 7.589399814606e+00
   endloop
 endfacet
 facet normal 1.559393231200e-01 9.536507222322e-01 -2.573581696602e-01
   outer loop
     vertex 6.802499771118e+00 -1.149510002136e+01 2.558860015869e+01
     vertex -2.073499917984e+00 -1.203769969940e+01 1.819980049133e+01
     vertex -2.329099893570e+00 -9.651900291443e+00 2.688559913635e+01
   endloop
 endfacet
 facet normal -2.244178572722e-01 9.718944629107e-01 7.111805889428e-02
   outer loop
     vertex 6.802499771118e+00 -1.149510002136e+01 2.558860015869e+01
     vertex -2.177599906921e+00 -1.424240016937e+01 3.479570007324e+01
     vertex 9.219400405884e+00 -1.149180030823e+01 3.317020034790e+01
   endloop
 endfacet
 facet normal -2.479922161920e-01 9.624862889836e-01 -1.100908907530e-01
   outer loop
     vertex 9.219400405884e+00 -1.149180030823e+01 3.317020034790e+01
     vertex -2.177599906921e+00 -1.424240016937e+01 3.479570007324e+01
     vertex -2.066499948502e+00 -1.311769962311e+01 4.437829971313e+01
   endloop
 endfacet
 facet normal 9.417811643133e-02 9.574033290694e-01 2.729640047191e-01
   outer loop
     vertex 1.247739982605e+01 -1.501299953461e+01 4.600799942017e+01
     vertex 1.107660007477e+01 -1.387569999695e+01 4.250230026245e+01
     vertex -2.066499948502e+00 -1.311769962311e+01 4.437829971313e+01
   endloop
 endfacet
 facet normal 2.102548819518e-01 9.664189780380e-01 1.477404599408e-01
   outer loop
     vertex 1.247739982605e+01 -1.501299953461e+01 4.600799942017e+01
     vertex -1.850999951363e+00 -1.248999977112e+01 4.989550018311e+01
     vertex 7.218999862671e-01 -1.468309974670e+01 6.057970046997e+01
   endloop
 endfacet
 facet normal 3.989177259747e-01 9.021284138571e-01 -1.644049050817e-01
   outer loop
     vertex 1.622270011902e+01 -2.112059974670e+01 6.286729812622e+01
     vertex 7.218999862671e-01 -1.468309974670e+01 6.057970046997e+01
     vertex 3.634599924088e+00 -1.486489963531e+01 6.664959716797e+01
   endloop
 endfacet
 facet normal 4.845380595780e-01 5.780401003810e-01 6.565763559343e-01
   outer loop
     vertex 3.634599924088e+00 -1.486489963531e+01 6.664959716797e+01
     vertex 9.441200256348e+00 -2.650359916687e+01 7.261100006104e+01
     vertex 1.622270011902e+01 -2.112059974670e+01 6.286729812622e+01
   endloop
 endfacet
 facet normal 4.969415044742e-01 7.222760274945e-01 4.810056977185e-01
   outer loop
     vertex 1.862709999084e+01 -3.131430053711e+01 7.034449768066e+01
     vertex 9.441200256348e+00 -2.650359916687e+01 7.261100006104e+01
     vertex 1.989959907532e+01 -3.690039825439e+01 7.741790008545e+01
   endloop
 endfacet
 facet normal -5.132903997560e-01 3.872675162755e-01 -7.658699865878e-01
   outer loop
     vertex 8.869000077248e-01 -1.362769985199e+01 4.011600017548e+00
     vertex 1.620300054550e+00 -1.337510013580e+01 3.647799968719e+00
     vertex 9.745000004768e-01 -1.945059967041e+01 1.008499979973e+00
   endloop
 endfacet
 facet normal -7.009231224139e-02 9.974804092990e-01 1.094992371820e-02
   outer loop
     vertex 4.692599773407e+00 -1.155169963837e+01 1.723870086670e+01
     vertex -2.073499917984e+00 -1.203769969940e+01 1.819980049133e+01
     vertex 6.802499771118e+00 -1.149510002136e+01 2.558860015869e+01
   endloop
 endfacet
 facet normal -1.707219134587e-01 9.459825518159e-01 2.756284454204e-01
   outer loop
     vertex 2.233799934387e+01 -1.027690029144e+01 3.712609863281e+01
     vertex 9.219400405884e+00 -1.149180030823e+01 3.317020034790e+01
     vertex 1.107660007477e+01 -1.387569999695e+01 4.250230026245e+01
   endloop
 endfacet
 facet normal 2.128927513899e-02 9.989607145375e-01 -4.030207903915e-02
   outer loop
     vertex 1.581359958649e+01 -1.173840045929e+01 2.431800079346e+01
     vertex 1.134070014954e+01 -1.196619987488e+01 1.630879974365e+01
     vertex 6.802499771118e+00 -1.149510002136e+01 2.558860015869e+01
   endloop
 endfacet
 facet normal 2.512497450509e-01 9.508167874001e-01 1.811656766887e-01
   outer loop
     vertex 1.247739982605e+01 -1.501299953461e+01 4.600799942017e+01
     vertex 7.218999862671e-01 -1.468309974670e+01 6.057970046997e+01
     vertex 1.472620010376e+01 -1.730290031433e+01 5.490739822388e+01
   endloop
 endfacet
 facet normal -4.049671437486e-01 9.135599646521e-01 3.754734969199e-02
   outer loop
     vertex 2.233799934387e+01 -1.027690029144e+01 3.712609863281e+01
     vertex 1.247739982605e+01 -1.501299953461e+01 4.600799942017e+01
     vertex 2.492989921570e+01 -9.420299530029e+00 4.423920059204e+01
   endloop
 endfacet
 facet normal -3.436499472622e-01 9.383268935512e-01 -3.804411367458e-02
   outer loop
     vertex 2.889489936829e+01 -1.688389968872e+01 5.289490127563e+01
     vertex 1.622270011902e+01 -2.112059974670e+01 6.286729812622e+01
     vertex 2.880800056458e+01 -1.663190078735e+01 5.989519882202e+01
   endloop
 endfacet
 facet normal 4.711451725079e-01 5.912531664877e-01 6.545547490782e-01
   outer loop
     vertex 1.622270011902e+01 -2.112059974670e+01 6.286729812622e+01
     vertex 9.441200256348e+00 -2.650359916687e+01 7.261100006104e+01
     vertex 1.862709999084e+01 -3.131430053711e+01 7.034449768066e+01
   endloop
 endfacet
 facet normal -6.620937172354e-02 9.970787523804e-01 3.808255043466e-02
   outer loop
     vertex 1.755300045013e+00 -1.137819957733e+01 7.589399814606e+00
     vertex -2.073499917984e+00 -1.203769969940e+01 1.819980049133e+01
     vertex 4.692599773407e+00 -1.155169963837e+01 1.723870086670e+01
   endloop
 endfacet
 facet normal -4.896951584785e-01 -5.878361441559e-01 -6.439311449112e-01
   outer loop
     vertex 9.441200256348e+00 -2.650359916687e+01 7.261100006104e+01
     vertex 1.622270011902e+01 -2.147940063477e+01 6.286729812622e+01
     vertex 1.862709999084e+01 -3.167309951782e+01 7.034449768066e+01
   endloop
 endfacet
 facet normal 3.669762663773e-01 -9.294532464970e-01 3.801424064685e-02
   outer loop
     vertex 1.622270011902e+01 -2.147940063477e+01 6.286729812622e+01
     vertex 2.889489936829e+01 -1.688389968872e+01 5.289490127563e+01
     vertex 2.880800056458e+01 -1.663190078735e+01 5.989519882202e+01
   endloop
 endfacet
 facet normal 4.254110955478e-01 -9.038217603727e-01 -4.616952741419e-02
   outer loop
     vertex 1.247739982605e+01 -1.537180042267e+01 4.600799942017e+01
     vertex 2.233799934387e+01 -1.027690029144e+01 3.712609863281e+01
     vertex 2.492989921570e+01 -9.420299530029e+00 4.423920059204e+01
   endloop
 endfacet
 facet normal -2.720455928234e-01 -9.462851329243e-01 -1.747445067289e-01
   outer loop
     vertex 1.247739982605e+01 -1.537180042267e+01 4.600799942017e+01
     vertex 1.472620010376e+01 -1.766169929504e+01 5.490739822388e+01
     vertex 7.218999862671e-01 -1.468309974670e+01 6.057970046997e+01
   endloop
 endfacet
 facet normal 1.559459140898e-02 -9.996838341422e-01 1.972410894366e-02
   outer loop
     vertex 1.134070014954e+01 -1.196619987488e+01 1.630879974365e+01
     vertex 1.581359958649e+01 -1.173840045929e+01 2.431800079346e+01
     vertex 6.802499771118e+00 -1.185389995575e+01 2.558860015869e+01
   endloop
 endfacet
 facet normal 1.969506558631e-01 -9.397976561813e-01 -2.792683379678e-01
   outer loop
     vertex 2.233799934387e+01 -1.027690029144e+01 3.712609863281e+01
     vertex 1.107660007477e+01 -1.423449993134e+01 4.250230026245e+01
     vertex 9.219400405884e+00 -1.185060024261e+01 3.317020034790e+01
   endloop
 endfacet
 facet normal 1.907421605785e-02 -9.998161544331e-01 1.957451512571e-03
   outer loop
     vertex -2.073499917984e+00 -1.203769969940e+01 1.819980049133e+01
     vertex 4.692599773407e+00 -1.191049957275e+01 1.723870086670e+01
     vertex 6.802499771118e+00 -1.185389995575e+01 2.558860015869e+01
   endloop
 endfacet
 facet normal 5.132907702469e-01 -3.872674102826e-01 7.658697918787e-01
   outer loop
     vertex 1.620300054550e+00 -1.453059959412e+01 3.647799968719e+00
     vertex 8.869000077248e-01 -1.478320026398e+01 4.011600017548e+00
     vertex 9.745000004768e-01 -2.060610008240e+01 1.008499979973e+00
   endloop
 endfacet
 facet normal -5.200650343229e-01 -7.289567524787e-01 -4.451453842178e-01
   outer loop
     vertex 9.441200256348e+00 -2.650359916687e+01 7.261100006104e+01
     vertex 1.862709999084e+01 -3.167309951782e+01 7.034449768066e+01
     vertex 1.989959907532e+01 -3.690039825439e+01 7.741790008545e+01
   endloop
 endfacet
 facet normal -4.981899312337e-01 -5.790933620572e-01 -6.453353162803e-01
   outer loop
     vertex 9.441200256348e+00 -2.650359916687e+01 7.261100006104e+01
     vertex 3.634599924088e+00 -1.486489963531e+01 6.664959716797e+01
     vertex 1.622270011902e+01 -2.147940063477e+01 6.286729812622e+01
   endloop
 endfacet
 facet normal -4.168109968621e-01 -8.923233478107e-01 1.732848402104e-01
   outer loop
     vertex 7.218999862671e-01 -1.468309974670e+01 6.057970046997e+01
     vertex 1.622270011902e+01 -2.147940063477e+01 6.286729812622e+01
     vertex 3.634599924088e+00 -1.486489963531e+01 6.664959716797e+01
   endloop
 endfacet
 facet normal -2.319892451312e-01 -9.623463223092e-01 -1.416705547437e-01
   outer loop
     vertex -1.850999951363e+00 -1.248999977112e+01 4.989550018311e+01
     vertex 1.247739982605e+01 -1.537180042267e+01 4.600799942017e+01
     vertex 7.218999862671e-01 -1.468309974670e+01 6.057970046997e+01
   endloop
 endfacet
 facet normal -1.189061467714e-01 -9.574164049952e-01 -2.630877338571e-01
   outer loop
     vertex 1.107660007477e+01 -1.423449993134e+01 4.250230026245e+01
     vertex 1.247739982605e+01 -1.537180042267e+01 4.600799942017e+01
     vertex -2.066499948502e+00 -1.311769962311e+01 4.437829971313e+01
   endloop
 endfacet
 facet normal 2.192829453968e-01 -9.693009371405e-01 1.112235726664e-01
   outer loop
     vertex -2.177599906921e+00 -1.424240016937e+01 3.479570007324e+01
     vertex 9.219400405884e+00 -1.185060024261e+01 3.317020034790e+01
     vertex -2.066499948502e+00 -1.311769962311e+01 4.437829971313e+01
   endloop
 endfacet
 facet normal 1.964840485424e-01 -9.785315010025e-01 -6.221029025879e-02
   outer loop
     vertex -2.177599906921e+00 -1.424240016937e+01 3.479570007324e+01
     vertex 6.802499771118e+00 -1.185389995575e+01 2.558860015869e+01
     vertex 9.219400405884e+00 -1.185060024261e+01 3.317020034790e+01
   endloop
 endfacet
 facet normal -1.923611392335e-01 -9.477070471633e-01 2.546537745055e-01
   outer loop
     vertex 6.802499771118e+00 -1.185389995575e+01 2.558860015869e+01
     vertex -2.329099893570e+00 -9.651900291443e+00 2.688559913635e+01
     vertex -2.073499917984e+00 -1.203769969940e+01 1.819980049133e+01
   endloop
 endfacet
 facet normal 9.751101710136e-03 -9.980599771307e-01 6.149144708997e-02
   outer loop
     vertex 2.637599945068e+00 -1.253279972076e+01 7.464099884033e+00
     vertex 4.692599773407e+00 -1.191049957275e+01 1.723870086670e+01
     vertex 1.755300045013e+00 -1.253369998932e+01 7.589399814606e+00
   endloop
 endfacet
 facet normal 3.466023956796e-01 -4.258322323953e-01 8.357832788244e-01
   outer loop
     vertex 8.869000077248e-01 -1.478320026398e+01 4.011600017548e+00
     vertex -9.669999778271e-02 -2.126189994812e+01 1.118600010872e+00
     vertex 9.745000004768e-01 -2.060610008240e+01 1.008499979973e+00
   endloop
 endfacet
 facet normal 7.440396479584e-02 -8.522647172327e-01 5.177923346120e-01
   outer loop
     vertex 8.869000077248e-01 -1.478320026398e+01 4.011600017548e+00
     vertex 2.637599945068e+00 -1.253279972076e+01 7.464099884033e+00
     vertex 1.755300045013e+00 -1.253369998932e+01 7.589399814606e+00
   endloop
 endfacet
 facet normal 5.106693479674e-04 -9.979861945536e-01 6.342944660963e-02
   outer loop
     vertex 2.637599945068e+00 -1.253279972076e+01 7.464099884033e+00
     vertex 1.134070014954e+01 -1.196619987488e+01 1.630879974365e+01
     vertex 4.692599773407e+00 -1.191049957275e+01 1.723870086670e+01
   endloop
 endfacet
 facet normal -7.176139395696e-03 -9.999373437986e-01 8.591361964179e-03
   outer loop
     vertex 1.134070014954e+01 -1.196619987488e+01 1.630879974365e+01
     vertex 6.802499771118e+00 -1.185389995575e+01 2.558860015869e+01
     vertex 4.692599773407e+00 -1.191049957275e+01 1.723870086670e+01
   endloop
 endfacet
 facet normal 1.232382659505e-02 -9.999179561498e-01 -3.493460647584e-03
   outer loop
     vertex 6.802499771118e+00 -1.185389995575e+01 2.558860015869e+01
     vertex 1.581359958649e+01 -1.173840045929e+01 2.431800079346e+01
     vertex 9.219400405884e+00 -1.185060024261e+01 3.317020034790e+01
   endloop
 endfacet
 facet normal 1.554633333051e-01 -9.798021321687e-01 -1.257733429442e-01
   outer loop
     vertex 9.219400405884e+00 -1.185060024261e+01 3.317020034790e+01
     vertex 1.953179931641e+01 -1.002840042114e+01 3.172159957886e+01
     vertex 2.233799934387e+01 -1.027690029144e+01 3.712609863281e+01
   endloop
 endfacet
 facet normal 1.519796139356e-01 -9.207161957439e-01 -3.594215962388e-01
   outer loop
     vertex 2.233799934387e+01 -1.027690029144e+01 3.712609863281e+01
     vertex 1.247739982605e+01 -1.537180042267e+01 4.600799942017e+01
     vertex 1.107660007477e+01 -1.423449993134e+01 4.250230026245e+01
   endloop
 endfacet
 facet normal 1.713221475012e-02 -9.672586089981e-01 -2.532138829859e-01
   outer loop
     vertex 2.889489936829e+01 -1.688389968872e+01 5.289490127563e+01
     vertex 1.472620010376e+01 -1.766169929504e+01 5.490739822388e+01
     vertex 1.247739982605e+01 -1.537180042267e+01 4.600799942017e+01
   endloop
 endfacet
 facet normal -1.162734075676e-02 -9.024474869068e-01 -4.306429359951e-01
   outer loop
     vertex 2.889489936829e+01 -1.688389968872e+01 5.289490127563e+01
     vertex 1.622270011902e+01 -2.147940063477e+01 6.286729812622e+01
     vertex 1.472620010376e+01 -1.766169929504e+01 5.490739822388e+01
   endloop
 endfacet
 facet normal 2.281300787009e-01 -5.403032275305e-01 -8.099562269111e-01
   outer loop
     vertex 1.862709999084e+01 -3.167309951782e+01 7.034449768066e+01
     vertex 1.622270011902e+01 -2.147940063477e+01 6.286729812622e+01
     vertex 2.716720008850e+01 -2.741920089722e+01 6.991220092773e+01
   endloop
 endfacet
 facet normal 3.327292248233e-01 -7.288015382069e-01 -5.984476425351e-01
   outer loop
     vertex 2.716720008850e+01 -2.741920089722e+01 6.991220092773e+01
     vertex 1.989959907532e+01 -3.690039825439e+01 7.741790008545e+01
     vertex 1.862709999084e+01 -3.167309951782e+01 7.034449768066e+01
   endloop
 endfacet
 facet normal 4.461702091930e-01 -8.362311168466e-01 3.188254438500e-01
   outer loop
     vertex 8.869000077248e-01 -1.478320026398e+01 4.011600017548e+00
     vertex 1.620300054550e+00 -1.453059959412e+01 3.647799968719e+00
     vertex 2.637599945068e+00 -1.253279972076e+01 7.464099884033e+00
   endloop
 endfacet
 facet normal -2.694909106417e-01 -8.351386246757e-01 -4.794977858722e-01
   outer loop
     vertex 6.802499771118e+00 -1.185389995575e+01 2.558860015869e+01
     vertex -2.177599906921e+00 -1.424240016937e+01 3.479570007324e+01
     vertex -2.329099893570e+00 -9.651900291443e+00 2.688559913635e+01
   endloop
 endfacet
 facet normal 1.901281255173e-01 -9.732080899575e-01 1.292954350648e-01
   outer loop
     vertex 1.581359958649e+01 -1.173840045929e+01 2.431800079346e+01
     vertex 1.953179931641e+01 -1.002840042114e+01 3.172159957886e+01
     vertex 9.219400405884e+00 -1.185060024261e+01 3.317020034790e+01
   endloop
 endfacet
 facet normal -1.649730127796e-01 -9.792316981268e-01 1.178523925855e-01
   outer loop
     vertex -2.066499948502e+00 -1.311769962311e+01 4.437829971313e+01
     vertex 1.247739982605e+01 -1.537180042267e+01 4.600799942017e+01
     vertex -1.850999951363e+00 -1.248999977112e+01 4.989550018311e+01
   endloop
 endfacet
 facet normal 2.280374956318e-01 -6.832791229764e-01 -6.936342989578e-01
   outer loop
     vertex 1.247739982605e+01 -1.537180042267e+01 4.600799942017e+01
     vertex 2.492989921570e+01 -9.420299530029e+00 4.423920059204e+01
     vertex 2.889489936829e+01 -1.688389968872e+01 5.289490127563e+01
   endloop
 endfacet
 facet normal -1.142731158275e-01 -9.677568851264e-01 -2.244733086351e-01
   outer loop
     vertex 9.219400405884e+00 -1.185060024261e+01 3.317020034790e+01
     vertex 1.107660007477e+01 -1.423449993134e+01 4.250230026245e+01
     vertex -2.066499948502e+00 -1.311769962311e+01 4.437829971313e+01
   endloop
 endfacet
 facet normal 9.325256515402e-02 -6.850737656764e-01 -7.224803766706e-01
   outer loop
     vertex 1.622270011902e+01 -2.147940063477e+01 6.286729812622e+01
     vertex 2.880800056458e+01 -1.663190078735e+01 5.989519882202e+01
     vertex 2.716720008850e+01 -2.741920089722e+01 6.991220092773e+01
   endloop
 endfacet
 facet normal -3.304125755011e-01 -8.737394961845e-01 -3.569409233445e-01
   outer loop
     vertex 1.472620010376e+01 -1.766169929504e+01 5.490739822388e+01
     vertex 1.622270011902e+01 -2.147940063477e+01 6.286729812622e+01
     vertex 7.218999862671e-01 -1.468309974670e+01 6.057970046997e+01
   endloop
 endfacet
 facet normal 2.676208180924e-02 -9.980544341002e-01 5.631285421842e-02
   outer loop
     vertex 1.755300045013e+00 -1.253369998932e+01 7.589399814606e+00
     vertex 4.692599773407e+00 -1.191049957275e+01 1.723870086670e+01
     vertex -2.073499917984e+00 -1.203769969940e+01 1.819980049133e+01
   endloop
 endfacet
 facet normal -1.515424975361e-01 0.000000000000e+00 9.884507430522e-01
   outer loop
     vertex -3.335700035095e+00 -1.316909980774e+01 -6.948999762535e-01
     vertex -7.564300060272e+00 -1.099530029297e+01 -1.343199968338e+00
     vertex -7.564300060272e+00 -1.178450012207e+01 -1.343199968338e+00
   endloop
 endfacet
 facet normal 7.913706771490e-01 -0.000000000000e+00 6.113366105090e-01
   outer loop
     vertex -1.083699941635e+00 -1.729630088806e+01 -3.939999938011e-01
     vertex -5.498999953270e-01 -1.639010047913e+01 -1.085000038147e+00
     vertex -1.083699941635e+00 -1.650709915161e+01 -3.939999938011e-01
   endloop
 endfacet
 facet normal 1.681126675285e-01 0.000000000000e+00 -9.857677875729e-01
   outer loop
     vertex -7.420499801636e+00 -1.099450016022e+01 -2.078500032425e+00
     vertex -3.315299987793e+00 -1.326500034332e+01 -1.378399968147e+00
     vertex -3.315299987793e+00 -1.405420017242e+01 -1.378399968147e+00
   endloop
 endfacet
 facet normal 5.670543711469e-01 0.000000000000e+00 -8.236803628612e-01
   outer loop
     vertex -2.171179962158e+01 -1.139430046082e+01 -1.191720008850e+01
     vertex -7.420499801636e+00 -1.099450016022e+01 -2.078500032425e+00
     vertex -7.420499801636e+00 -1.178369998932e+01 -2.078500032425e+00
   endloop
 endfacet
 facet normal 1.055045966496e-01 0.000000000000e+00 -9.944188152312e-01
   outer loop
     vertex -3.315299987793e+00 -1.326500034332e+01 -1.378399968147e+00
     vertex -5.498999953270e-01 -1.639010047913e+01 -1.085000038147e+00
     vertex -5.498999953270e-01 -1.717930030823e+01 -1.085000038147e+00
   endloop
 endfacet
 facet normal -1.324375872153e-01 0.000000000000e+00 9.911913465586e-01
   outer loop
     vertex -3.335700035095e+00 -1.316909980774e+01 -6.948999762535e-01
     vertex -3.335700035095e+00 -1.395829963684e+01 -6.948999762535e-01
     vertex -1.083699941635e+00 -1.650709915161e+01 -3.939999938011e-01
   endloop
 endfacet
 facet normal 4.648025485944e-01 0.000000000000e+00 8.854143610876e-01
   outer loop
     vertex -7.564300060272e+00 -1.099530029297e+01 -1.343199968338e+00
     vertex -1.088630008698e+01 -1.139980030060e+01 4.007000029087e-01
     vertex -7.564300060272e+00 -1.178450012207e+01 -1.343199968338e+00
   endloop
 endfacet
 facet normal -4.035665399001e-01 8.711117497872e-01 -2.798184541015e-01
   outer loop
     vertex -6.465709686279e+01 -2.005260086060e+01 -1.306079959869e+01
     vertex -7.341490173340e+01 -2.200690078735e+01 -6.513899803162e+00
     vertex -6.672730255127e+01 -1.761070060730e+01 -2.473099946976e+00
   endloop
 endfacet
 facet normal -2.086055866052e-01 9.653390061189e-01 -1.568576185671e-01
   outer loop
     vertex -4.477209854126e+01 -1.438220024109e+01 -9.465100288391e+00
     vertex -4.822800064087e+01 -1.523880004883e+01 -1.014080047607e+01
     vertex -4.353670120239e+01 -1.215149974823e+01 2.620199918747e+00
   endloop
 endfacet
 facet normal -2.745695478664e-01 9.569742781075e-01 9.387115864339e-02
   outer loop
     vertex -6.264450073242e+01 -1.847279930115e+01 -2.327939987183e+01
     vertex -6.465709686279e+01 -2.005260086060e+01 -1.306079959869e+01
     vertex -5.838850021362e+01 -1.834560012817e+01 -1.212749958038e+01
   endloop
 endfacet
 facet normal -1.629376428042e-01 9.847200452724e-01 -6.146346065854e-02
   outer loop
     vertex -4.259709930420e+01 -1.495919990540e+01 -2.058860015869e+01
     vertex -4.937549972534e+01 -1.620439910889e+01 -2.256889915466e+01
     vertex -4.822800064087e+01 -1.523880004883e+01 -1.014080047607e+01
   endloop
 endfacet
 facet normal -1.188562835821e-02 9.994611727240e-01 -3.059568688118e-02
   outer loop
     vertex -2.142959976196e+01 -1.116300010681e+01 -4.471000194550e+00
     vertex -2.171179962158e+01 -1.139430046082e+01 -1.191720008850e+01
     vertex -3.241550064087e+01 -1.135939979553e+01 -6.618999958038e+00
   endloop
 endfacet
 facet normal 1.508454787749e-01 9.692690865619e-01 -1.943272481372e-01
   outer loop
     vertex -3.419589996338e+01 -1.364190006256e+01 2.437099933624e+00
     vertex -4.477209854126e+01 -1.438220024109e+01 -9.465100288391e+00
     vertex -4.353670120239e+01 -1.215149974823e+01 2.620199918747e+00
   endloop
 endfacet
 facet normal -1.181815274486e-02 9.999294151023e-01 -1.223143028358e-03
   outer loop
     vertex -7.420499801636e+00 -1.099450016022e+01 -2.078500032425e+00
     vertex -2.142959976196e+01 -1.116300010681e+01 -4.471000194550e+00
     vertex -7.564300060272e+00 -1.099530029297e+01 -1.343199968338e+00
   endloop
 endfacet
 facet normal 8.300241290879e-01 5.551916114900e-01 -5.312456741565e-02
   outer loop
     vertex -3.335700035095e+00 -1.316909980774e+01 -6.948999762535e-01
     vertex -1.083699941635e+00 -1.650709915161e+01 -3.939999938011e-01
     vertex -3.315299987793e+00 -1.326500034332e+01 -1.378399968147e+00
   endloop
 endfacet
 facet normal -4.316502642485e-01 8.900875004155e-01 1.463635575487e-01
   outer loop
     vertex -7.077249908447e+01 -2.298880004883e+01 -1.989830017090e+01
     vertex -7.801770019531e+01 -2.757649993896e+01 -1.336620044708e+01
     vertex -7.216790008545e+01 -2.481760025024e+01 -1.289200019836e+01
   endloop
 endfacet
 facet normal -4.334559240612e-01 8.893023206576e-01 1.457989861737e-01
   outer loop
     vertex -6.264450073242e+01 -1.847279930115e+01 -2.327939987183e+01
     vertex -7.077249908447e+01 -2.298880004883e+01 -1.989830017090e+01
     vertex -7.216790008545e+01 -2.481760025024e+01 -1.289200019836e+01
   endloop
 endfacet
 facet normal -6.461517513916e-01 7.250436040946e-01 2.383268477009e-01
   outer loop
     vertex -5.618019866943e+01 -1.266520023346e+01 -2.342140007019e+01
     vertex -6.264450073242e+01 -1.847279930115e+01 -2.327939987183e+01
     vertex -5.838850021362e+01 -1.834560012817e+01 -1.212749958038e+01
   endloop
 endfacet
 facet normal -2.834288746902e-01 9.577789275426e-01 -4.824519610485e-02
   outer loop
     vertex -4.937549972534e+01 -1.620439910889e+01 -2.256889915466e+01
     vertex -5.838850021362e+01 -1.834560012817e+01 -1.212749958038e+01
     vertex -4.822800064087e+01 -1.523880004883e+01 -1.014080047607e+01
   endloop
 endfacet
 facet normal -2.222102166246e-01 9.704772391543e-01 -9.378991369617e-02
   outer loop
     vertex -4.259709930420e+01 -1.495919990540e+01 -2.058860015869e+01
     vertex -4.822800064087e+01 -1.523880004883e+01 -1.014080047607e+01
     vertex -4.477209854126e+01 -1.438220024109e+01 -9.465100288391e+00
   endloop
 endfacet
 facet normal -4.948529900464e-01 8.607006930746e-01 1.196446203682e-01
   outer loop
     vertex -3.241550064087e+01 -1.135939979553e+01 -6.618999958038e+00
     vertex -3.419589996338e+01 -1.364190006256e+01 2.437099933624e+00
     vertex -2.648469924927e+01 -9.203499794006e+00 2.401799917221e+00
   endloop
 endfacet
 facet normal 2.286179161848e-01 9.021330845722e-01 -3.659094780400e-01
   outer loop
     vertex -1.801210021973e+01 -1.150839996338e+01 2.012799978256e+00
     vertex -3.241550064087e+01 -1.135939979553e+01 -6.618999958038e+00
     vertex -2.648469924927e+01 -9.203499794006e+00 2.401799917221e+00
   endloop
 endfacet
 facet normal -4.453975055277e-02 9.885104352179e-01 1.444414417196e-01
   outer loop
     vertex -7.564300060272e+00 -1.099530029297e+01 -1.343199968338e+00
     vertex -2.142959976196e+01 -1.116300010681e+01 -4.471000194550e+00
     vertex -1.088630008698e+01 -1.139980030060e+01 4.007000029087e-01
   endloop
 endfacet
 facet normal 4.697286980132e-01 8.779177914467e-01 9.281864965706e-02
   outer loop
     vertex -3.315299987793e+00 -1.326500034332e+01 -1.378399968147e+00
     vertex -7.420499801636e+00 -1.099450016022e+01 -2.078500032425e+00
     vertex -7.564300060272e+00 -1.099530029297e+01 -1.343199968338e+00
   endloop
 endfacet
 facet normal 5.949724549464e-01 5.788436963665e-01 5.576268941073e-01
   outer loop
     vertex -3.315299987793e+00 -1.326500034332e+01 -1.378399968147e+00
     vertex -1.083699941635e+00 -1.650709915161e+01 -3.939999938011e-01
     vertex -5.498999953270e-01 -1.639010047913e+01 -1.085000038147e+00
   endloop
 endfacet
 facet normal -6.763350683314e-03 9.995029587435e-01 -3.079111155184e-02
   outer loop
     vertex -7.420499801636e+00 -1.099450016022e+01 -2.078500032425e+00
     vertex -2.171179962158e+01 -1.139430046082e+01 -1.191720008850e+01
     vertex -2.142959976196e+01 -1.116300010681e+01 -4.471000194550e+00
   endloop
 endfacet
 facet normal 7.987134516088e-02 9.847002991897e-01 1.548737840887e-01
   outer loop
     vertex -2.171179962158e+01 -1.139430046082e+01 -1.191720008850e+01
     vertex -3.413589859009e+01 -9.573100090027e+00 -1.708919906616e+01
     vertex -3.241550064087e+01 -1.135939979553e+01 -6.618999958038e+00
   endloop
 endfacet
 facet normal -5.883589327845e-01 7.755004720540e-01 2.289820605566e-01
   outer loop
     vertex -3.413589859009e+01 -9.573100090027e+00 -1.708919906616e+01
     vertex -4.259709930420e+01 -1.495919990540e+01 -2.058860015869e+01
     vertex -3.241550064087e+01 -1.135939979553e+01 -6.618999958038e+00
   endloop
 endfacet
 facet normal -2.733843017518e-01 9.441024623967e-01 1.842052226517e-01
   outer loop
     vertex -3.241550064087e+01 -1.135939979553e+01 -6.618999958038e+00
     vertex -4.477209854126e+01 -1.438220024109e+01 -9.465100288391e+00
     vertex -3.419589996338e+01 -1.364190006256e+01 2.437099933624e+00
   endloop
 endfacet
 facet normal 3.333815823492e-01 8.809996398272e-01 -3.357027780265e-01
   outer loop
     vertex -4.353670120239e+01 -1.215149974823e+01 2.620199918747e+00
     vertex -4.822800064087e+01 -1.523880004883e+01 -1.014080047607e+01
     vertex -5.067100143433e+01 -9.553299903870e+00 2.353800058365e+00
   endloop
 endfacet
 facet normal -2.449111071099e-01 9.435539097090e-01 -2.229900649962e-01
   outer loop
     vertex -4.822800064087e+01 -1.523880004883e+01 -1.014080047607e+01
     vertex -5.838850021362e+01 -1.834560012817e+01 -1.212749958038e+01
     vertex -6.227149963379e+01 -1.660000038147e+01 -4.765000045300e-01
   endloop
 endfacet
 facet normal -2.261495410402e-01 9.494715520026e-01 -2.176238889119e-01
   outer loop
     vertex -5.838850021362e+01 -1.834560012817e+01 -1.212749958038e+01
     vertex -6.465709686279e+01 -2.005260086060e+01 -1.306079959869e+01
     vertex -6.227149963379e+01 -1.660000038147e+01 -4.765000045300e-01
   endloop
 endfacet
 facet normal -4.905383026263e-01 7.579779312676e-01 -4.299321218143e-01
   outer loop
     vertex -6.465709686279e+01 -2.005260086060e+01 -1.306079959869e+01
     vertex -7.216790008545e+01 -2.481760025024e+01 -1.289200019836e+01
     vertex -7.341490173340e+01 -2.200690078735e+01 -6.513899803162e+00
   endloop
 endfacet
 facet normal -3.552099025122e-01 8.278030672161e-01 -4.342441790799e-01
   outer loop
     vertex -7.341490173340e+01 -2.200690078735e+01 -6.513899803162e+00
     vertex -7.216790008545e+01 -2.481760025024e+01 -1.289200019836e+01
     vertex -7.801770019531e+01 -2.757649993896e+01 -1.336620044708e+01
   endloop
 endfacet
 facet normal 4.676479408334e-01 8.771542090442e-01 -1.091141466092e-01
   outer loop
     vertex -3.315299987793e+00 -1.326500034332e+01 -1.378399968147e+00
     vertex -7.564300060272e+00 -1.099530029297e+01 -1.343199968338e+00
     vertex -3.335700035095e+00 -1.316909980774e+01 -6.948999762535e-01
   endloop
 endfacet
 facet normal -2.844589735927e-03 9.984992974345e-01 5.469059637651e-02
   outer loop
     vertex -1.088630008698e+01 -1.139980030060e+01 4.007000029087e-01
     vertex -2.142959976196e+01 -1.116300010681e+01 -4.471000194550e+00
     vertex -1.801210021973e+01 -1.150839996338e+01 2.012799978256e+00
   endloop
 endfacet
 facet normal -3.145168296002e-02 9.970725607728e-01 6.969289915687e-02
   outer loop
     vertex -1.801210021973e+01 -1.150839996338e+01 2.012799978256e+00
     vertex -2.142959976196e+01 -1.116300010681e+01 -4.471000194550e+00
     vertex -3.241550064087e+01 -1.135939979553e+01 -6.618999958038e+00
   endloop
 endfacet
 facet normal -2.163966790717e-01 9.718921029833e-01 -9.272657356710e-02
   outer loop
     vertex -4.259709930420e+01 -1.495919990540e+01 -2.058860015869e+01
     vertex -4.477209854126e+01 -1.438220024109e+01 -9.465100288391e+00
     vertex -3.241550064087e+01 -1.135939979553e+01 -6.618999958038e+00
   endloop
 endfacet
 facet normal 3.586725728453e-01 8.038924439312e-01 4.744585588635e-01
   outer loop
     vertex -5.838850021362e+01 -1.834560012817e+01 -1.212749958038e+01
     vertex -4.937549972534e+01 -1.620439910889e+01 -2.256889915466e+01
     vertex -5.618019866943e+01 -1.266520023346e+01 -2.342140007019e+01
   endloop
 endfacet
 facet normal -3.837592570594e-01 8.099187015000e-01 -4.435769714285e-01
   outer loop
     vertex -5.067100143433e+01 -9.553299903870e+00 2.353800058365e+00
     vertex -4.822800064087e+01 -1.523880004883e+01 -1.014080047607e+01
     vertex -6.227149963379e+01 -1.660000038147e+01 -4.765000045300e-01
   endloop
 endfacet
 facet normal -1.094105735633e-01 9.636721312749e-01 -2.436500560163e-01
   outer loop
     vertex -6.227149963379e+01 -1.660000038147e+01 -4.765000045300e-01
     vertex -6.465709686279e+01 -2.005260086060e+01 -1.306079959869e+01
     vertex -6.672730255127e+01 -1.761070060730e+01 -2.473099946976e+00
   endloop
 endfacet
 facet normal -5.351340355426e-01 8.443928031396e-01 2.514672960637e-02
   outer loop
     vertex -6.264450073242e+01 -1.847279930115e+01 -2.327939987183e+01
     vertex -7.216790008545e+01 -2.481760025024e+01 -1.289200019836e+01
     vertex -6.465709686279e+01 -2.005260086060e+01 -1.306079959869e+01
   endloop
 endfacet
 facet normal 3.668711795085e-01 -8.673118782013e-01 3.364158789014e-01
   outer loop
     vertex -7.341490173340e+01 -2.200690078735e+01 -6.513899803162e+00
     vertex -6.465709686279e+01 -2.084180068970e+01 -1.306079959869e+01
     vertex -6.672730255127e+01 -1.761070060730e+01 -2.473099946976e+00
   endloop
 endfacet
 facet normal 1.941708921101e-01 -9.561898346852e-01 2.190859755936e-01
   outer loop
     vertex -4.477209854126e+01 -1.517140007019e+01 -9.465100288391e+00
     vertex -4.353670120239e+01 -1.215149974823e+01 2.620199918747e+00
     vertex -4.822800064087e+01 -1.602799987793e+01 -1.014080047607e+01
   endloop
 endfacet
 facet normal 2.818118186815e-01 -9.454066093154e-01 -1.636717505076e-01
   outer loop
     vertex -6.264450073242e+01 -1.847279930115e+01 -2.327939987183e+01
     vertex -5.838850021362e+01 -1.913479995728e+01 -1.212749958038e+01
     vertex -6.465709686279e+01 -2.084180068970e+01 -1.306079959869e+01
   endloop
 endfacet
 facet normal 1.814675107846e-01 -9.833929622123e-01 -2.797213083280e-03
   outer loop
     vertex -4.937549972534e+01 -1.620439910889e+01 -2.256889915466e+01
     vertex -4.259709930420e+01 -1.495919990540e+01 -2.058860015869e+01
     vertex -4.822800064087e+01 -1.602799987793e+01 -1.014080047607e+01
   endloop
 endfacet
 facet normal 3.265758521425e-02 -9.965800712688e-01 -7.590549174966e-02
   outer loop
     vertex -2.171179962158e+01 -1.139430046082e+01 -1.191720008850e+01
     vertex -2.142959976196e+01 -1.195219993591e+01 -4.471000194550e+00
     vertex -3.241550064087e+01 -1.214859962463e+01 -6.618999958038e+00
   endloop
 endfacet
 facet normal -1.475435645097e-01 -9.558991112691e-01 2.539444538608e-01
   outer loop
     vertex -4.477209854126e+01 -1.517140007019e+01 -9.465100288391e+00
     vertex -3.419589996338e+01 -1.364190006256e+01 2.437099933624e+00
     vertex -4.353670120239e+01 -1.215149974823e+01 2.620199918747e+00
   endloop
 endfacet
 facet normal 1.181815274486e-02 -9.999294151023e-01 1.223143028358e-03
   outer loop
     vertex -2.142959976196e+01 -1.195219993591e+01 -4.471000194550e+00
     vertex -7.420499801636e+00 -1.178369998932e+01 -2.078500032425e+00
     vertex -7.564300060272e+00 -1.178450012207e+01 -1.343199968338e+00
   endloop
 endfacet
 facet normal -8.300242753910e-01 -5.551913960734e-01 5.312453282434e-02
   outer loop
     vertex -1.083699941635e+00 -1.729630088806e+01 -3.939999938011e-01
     vertex -3.335700035095e+00 -1.395829963684e+01 -6.948999762535e-01
     vertex -3.315299987793e+00 -1.405420017242e+01 -1.378399968147e+00
   endloop
 endfacet
 facet normal 3.267902429681e-01 -9.048063259095e-01 -2.730085157922e-01
   outer loop
     vertex -7.801770019531e+01 -2.757649993896e+01 -1.336620044708e+01
     vertex -7.077249908447e+01 -2.298880004883e+01 -1.989830017090e+01
     vertex -7.216790008545e+01 -2.560680007935e+01 -1.289200019836e+01
   endloop
 endfacet
 facet normal 3.867756364364e-01 -8.864459702161e-01 -2.542010010738e-01
   outer loop
     vertex -7.077249908447e+01 -2.298880004883e+01 -1.989830017090e+01
     vertex -6.264450073242e+01 -1.847279930115e+01 -2.327939987183e+01
     vertex -7.216790008545e+01 -2.560680007935e+01 -1.289200019836e+01
   endloop
 endfacet
 facet normal 6.369949930260e-01 -7.160074399422e-01 -2.856058907081e-01
   outer loop
     vertex -6.264450073242e+01 -1.847279930115e+01 -2.327939987183e+01
     vertex -5.618019866943e+01 -1.266520023346e+01 -2.342140007019e+01
     vertex -5.838850021362e+01 -1.913479995728e+01 -1.212749958038e+01
   endloop
 endfacet
 facet normal 2.948225091875e-01 -9.554543913708e-01 -1.365994460720e-02
   outer loop
     vertex -4.937549972534e+01 -1.620439910889e+01 -2.256889915466e+01
     vertex -4.822800064087e+01 -1.602799987793e+01 -1.014080047607e+01
     vertex -5.838850021362e+01 -1.913479995728e+01 -1.212749958038e+01
   endloop
 endfacet
 facet normal 2.354255565301e-01 -9.715032436042e-01 2.750009088979e-02
   outer loop
     vertex -4.259709930420e+01 -1.495919990540e+01 -2.058860015869e+01
     vertex -4.477209854126e+01 -1.517140007019e+01 -9.465100288391e+00
     vertex -4.822800064087e+01 -1.602799987793e+01 -1.014080047607e+01
   endloop
 endfacet
 facet normal 4.981918344989e-01 -8.659066017023e-01 -4.484030739085e-02
   outer loop
     vertex -3.241550064087e+01 -1.214859962463e+01 -6.618999958038e+00
     vertex -2.648469924927e+01 -9.203499794006e+00 2.401799917221e+00
     vertex -3.419589996338e+01 -1.364190006256e+01 2.437099933624e+00
   endloop
 endfacet
 facet normal -2.186018691880e-01 -8.760887789505e-01 4.297460577882e-01
   outer loop
     vertex -1.801210021973e+01 -1.150839996338e+01 2.012799978256e+00
     vertex -2.648469924927e+01 -9.203499794006e+00 2.401799917221e+00
     vertex -3.241550064087e+01 -1.214859962463e+01 -6.618999958038e+00
   endloop
 endfacet
 facet normal -2.596355118997e-02 -9.854568532720e-01 1.679305938439e-01
   outer loop
     vertex -7.564300060272e+00 -1.178450012207e+01 -1.343199968338e+00
     vertex -1.088630008698e+01 -1.139980030060e+01 4.007000029087e-01
     vertex -2.142959976196e+01 -1.195219993591e+01 -4.471000194550e+00
   endloop
 endfacet
 facet normal -4.697286980132e-01 -8.779177914467e-01 -9.281864965706e-02
   outer loop
     vertex -7.420499801636e+00 -1.178369998932e+01 -2.078500032425e+00
     vertex -3.315299987793e+00 -1.405420017242e+01 -1.378399968147e+00
     vertex -7.564300060272e+00 -1.178450012207e+01 -1.343199968338e+00
   endloop
 endfacet
 facet normal -5.949718637924e-01 -5.788432736669e-01 -5.576279636335e-01
   outer loop
     vertex -1.083699941635e+00 -1.729630088806e+01 -3.939999938011e-01
     vertex -3.315299987793e+00 -1.405420017242e+01 -1.378399968147e+00
     vertex -5.498999953270e-01 -1.717930030823e+01 -1.085000038147e+00
   endloop
 endfacet
 facet normal 2.490594379813e-02 -9.968248535045e-01 -7.563005618952e-02
   outer loop
     vertex -7.420499801636e+00 -1.178369998932e+01 -2.078500032425e+00
     vertex -2.142959976196e+01 -1.195219993591e+01 -4.471000194550e+00
     vertex -2.171179962158e+01 -1.139430046082e+01 -1.191720008850e+01
   endloop
 endfacet
 facet normal -4.609057729709e-02 -9.717515506281e-01 -2.314618381856e-01
   outer loop
     vertex -2.171179962158e+01 -1.139430046082e+01 -1.191720008850e+01
     vertex -3.241550064087e+01 -1.214859962463e+01 -6.618999958038e+00
     vertex -3.413589859009e+01 -9.573100090027e+00 -1.708919906616e+01
   endloop
 endfacet
 facet normal 5.955775991045e-01 -7.518685623202e-01 -2.828091024691e-01
   outer loop
     vertex -4.259709930420e+01 -1.495919990540e+01 -2.058860015869e+01
     vertex -3.413589859009e+01 -9.573100090027e+00 -1.708919906616e+01
     vertex -3.241550064087e+01 -1.214859962463e+01 -6.618999958038e+00
   endloop
 endfacet
 facet normal 2.594914996495e-01 -9.597720969529e-01 -1.072459021141e-01
   outer loop
     vertex -4.477209854126e+01 -1.517140007019e+01 -9.465100288391e+00
     vertex -3.241550064087e+01 -1.214859962463e+01 -6.618999958038e+00
     vertex -3.419589996338e+01 -1.364190006256e+01 2.437099933624e+00
   endloop
 endfacet
 facet normal -3.286898377234e-01 -8.632596550400e-01 3.830740901674e-01
   outer loop
     vertex -4.822800064087e+01 -1.602799987793e+01 -1.014080047607e+01
     vertex -4.353670120239e+01 -1.215149974823e+01 2.620199918747e+00
     vertex -5.067100143433e+01 -9.553299903870e+00 2.353800058365e+00
   endloop
 endfacet
 facet normal 2.303453618375e-01 -9.320891889501e-01 2.795545709200e-01
   outer loop
     vertex -4.822800064087e+01 -1.602799987793e+01 -1.014080047607e+01
     vertex -6.227149963379e+01 -1.660000038147e+01 -4.765000045300e-01
     vertex -5.838850021362e+01 -1.913479995728e+01 -1.212749958038e+01
   endloop
 endfacet
 facet normal 2.142195762627e-01 -9.371901556309e-01 2.752900022420e-01
   outer loop
     vertex -5.838850021362e+01 -1.913479995728e+01 -1.212749958038e+01
     vertex -6.227149963379e+01 -1.660000038147e+01 -4.765000045300e-01
     vertex -6.465709686279e+01 -2.084180068970e+01 -1.306079959869e+01
   endloop
 endfacet
 facet normal 4.714551748440e-01 -7.253601371596e-01 5.015801925243e-01
   outer loop
     vertex -6.465709686279e+01 -2.084180068970e+01 -1.306079959869e+01
     vertex -7.341490173340e+01 -2.200690078735e+01 -6.513899803162e+00
     vertex -7.216790008545e+01 -2.560680007935e+01 -1.289200019836e+01
   endloop
 endfacet
 facet normal 2.364805798246e-01 -8.256429653245e-01 5.122407921827e-01
   outer loop
     vertex -7.216790008545e+01 -2.560680007935e+01 -1.289200019836e+01
     vertex -7.341490173340e+01 -2.200690078735e+01 -6.513899803162e+00
     vertex -7.801770019531e+01 -2.757649993896e+01 -1.336620044708e+01
   endloop
 endfacet
 facet normal -4.676479408334e-01 -8.771542090442e-01 1.091141466092e-01
   outer loop
     vertex -7.564300060272e+00 -1.178450012207e+01 -1.343199968338e+00
     vertex -3.315299987793e+00 -1.405420017242e+01 -1.378399968147e+00
     vertex -3.335700035095e+00 -1.395829963684e+01 -6.948999762535e-01
   endloop
 endfacet
 facet normal 2.740182427206e-02 -9.981714077668e-01 5.387931647097e-02
   outer loop
     vertex -1.088630008698e+01 -1.139980030060e+01 4.007000029087e-01
     vertex -1.801210021973e+01 -1.150839996338e+01 2.012799978256e+00
     vertex -2.142959976196e+01 -1.195219993591e+01 -4.471000194550e+00
   endloop
 endfacet
 facet normal 4.999862148185e-03 -9.978292912839e-01 6.566358834570e-02
   outer loop
     vertex -2.142959976196e+01 -1.195219993591e+01 -4.471000194550e+00
     vertex -1.801210021973e+01 -1.150839996338e+01 2.012799978256e+00
     vertex -3.241550064087e+01 -1.214859962463e+01 -6.618999958038e+00
   endloop
 endfacet
 facet normal 2.317190885477e-01 -9.724146620549e-01 2.675797120845e-02
   outer loop
     vertex -4.259709930420e+01 -1.495919990540e+01 -2.058860015869e+01
     vertex -3.241550064087e+01 -1.214859962463e+01 -6.618999958038e+00
     vertex -4.477209854126e+01 -1.517140007019e+01 -9.465100288391e+00
   endloop
 endfacet
 facet normal -3.432991801984e-01 -7.844602036121e-01 -5.164957519902e-01
   outer loop
     vertex -4.937549972534e+01 -1.620439910889e+01 -2.256889915466e+01
     vertex -5.838850021362e+01 -1.913479995728e+01 -1.212749958038e+01
     vertex -5.618019866943e+01 -1.266520023346e+01 -2.342140007019e+01
   endloop
 endfacet
 facet normal 3.652050050802e-01 -7.954535028892e-01 4.836104103571e-01
   outer loop
     vertex -4.822800064087e+01 -1.602799987793e+01 -1.014080047607e+01
     vertex -5.067100143433e+01 -9.553299903870e+00 2.353800058365e+00
     vertex -6.227149963379e+01 -1.660000038147e+01 -4.765000045300e-01
   endloop
 endfacet
 facet normal 7.860946128602e-02 -9.490987800852e-01 3.050115706611e-01
   outer loop
     vertex -6.465709686279e+01 -2.084180068970e+01 -1.306079959869e+01
     vertex -6.227149963379e+01 -1.660000038147e+01 -4.765000045300e-01
     vertex -6.672730255127e+01 -1.761070060730e+01 -2.473099946976e+00
   endloop
 endfacet
 facet normal 5.320649662506e-01 -8.418660543510e-01 -9.037930194576e-02
   outer loop
     vertex -7.216790008545e+01 -2.560680007935e+01 -1.289200019836e+01
     vertex -6.264450073242e+01 -1.847279930115e+01 -2.327939987183e+01
     vertex -6.465709686279e+01 -2.084180068970e+01 -1.306079959869e+01
   endloop
 endfacet
 facet normal -3.058516004498e-02 0.000000000000e+00 -9.995321645575e-01
   outer loop
     vertex 1.315899968147e+00 -1.655209922791e+01 -3.040000051260e-02
     vertex 8.747400283813e+00 -1.100520038605e+01 -2.578000128269e-01
     vertex 8.747400283813e+00 -1.180480003357e+01 -2.578000128269e-01
   endloop
 endfacet
 facet normal -5.811803733315e-03 0.000000000000e+00 9.999831113261e-01
   outer loop
     vertex 8.747400283813e+00 -1.100520038605e+01 8.503000140190e-01
     vertex 1.383200049400e+00 -1.654350090027e+01 8.075000047684e-01
     vertex 1.383200049400e+00 -1.734309959412e+01 8.075000047684e-01
   endloop
 endfacet
 facet normal -4.606348774683e-01 0.000000000000e+00 8.875897192170e-01
   outer loop
     vertex 2.478619956970e+01 -1.154669952393e+01 9.173999786377e+00
     vertex 8.747400283813e+00 -1.100520038605e+01 8.503000140190e-01
     vertex 8.747400283813e+00 -1.180480003357e+01 8.503000140190e-01
   endloop
 endfacet
 facet normal -9.967898770819e-01 0.000000000000e+00 8.006210681111e-02
   outer loop
     vertex 1.315899968147e+00 -1.735169982910e+01 -3.040000051260e-02
     vertex 1.383200049400e+00 -1.654350090027e+01 8.075000047684e-01
     vertex 1.315899968147e+00 -1.655209922791e+01 -3.040000051260e-02
   endloop
 endfacet
 facet normal -6.686219677552e-01 -0.000000000000e+00 -7.436024907402e-01
   outer loop
     vertex 8.747400283813e+00 -1.100520038605e+01 -2.578000128269e-01
     vertex 1.330239963531e+01 -1.168179988861e+01 -4.353499889374e+00
     vertex 8.747400283813e+00 -1.180480003357e+01 -2.578000128269e-01
   endloop
 endfacet
 facet normal -7.798850869570e-02 -9.754066790025e-01 -2.061543185790e-01
   outer loop
     vertex 7.696939849854e+01 -2.055270004272e+01 -1.280169963837e+01
     vertex 7.361329650879e+01 -2.216880035400e+01 -3.885600090027e+00
     vertex 7.359179687500e+01 -1.988859939575e+01 -1.466609954834e+01
   endloop
 endfacet
 facet normal -2.354387165204e-01 -9.642644951092e-01 1.215014165966e-01
   outer loop
     vertex 6.592530059814e+01 -2.017329978943e+01 -2.946199893951e+00
     vertex 7.361329650879e+01 -2.216880035400e+01 -3.885600090027e+00
     vertex 6.592530059814e+01 -1.854700088501e+01 9.960499763489e+00
   endloop
 endfacet
 facet normal -4.066224629758e-01 -8.673266627556e-01 -2.870585875335e-01
   outer loop
     vertex 6.592530059814e+01 -1.559969997406e+01 -1.676499938965e+01
     vertex 7.359179687500e+01 -1.988859939575e+01 -1.466609954834e+01
     vertex 6.592530059814e+01 -2.017329978943e+01 -2.946199893951e+00
   endloop
 endfacet
 facet normal -2.359145293581e-01 -9.701018359144e-01 -5.698037199934e-02
   outer loop
     vertex 4.990589904785e+01 -1.401019954681e+01 -1.732920074463e+01
     vertex 5.912120056152e+01 -1.626499938965e+01 -1.709469985962e+01
     vertex 4.990589904785e+01 -1.499810028076e+01 -5.099999904633e-01
   endloop
 endfacet
 facet normal 1.313013936834e-01 -9.883500042159e-01 -7.696891049813e-02
   outer loop
     vertex 3.087649917603e+01 -1.125800037384e+01 -1.006960010529e+01
     vertex 3.475730133057e+01 -1.067700004578e+01 -1.090989971161e+01
     vertex 3.087649917603e+01 -1.210840034485e+01 8.503000140190e-01
   endloop
 endfacet
 facet normal -1.742810153207e-01 -9.778231811337e-01 1.161376516743e-01
   outer loop
     vertex 3.474110031128e+01 -1.213689994812e+01 8.230000138283e-01
     vertex 4.990589904785e+01 -1.499810028076e+01 -5.099999904633e-01
     vertex 4.990589904785e+01 -1.327470016479e+01 1.400020027161e+01
   endloop
 endfacet
 facet normal -6.536589070528e-03 -9.936838726942e-01 1.120251496351e-01
   outer loop
     vertex 3.474110031128e+01 -1.213689994812e+01 8.230000138283e-01
     vertex 3.475730133057e+01 -1.093330001831e+01 1.150010013580e+01
     vertex 3.087649917603e+01 -1.210840034485e+01 8.503000140190e-01
   endloop
 endfacet
 facet normal -2.035391733804e-02 -9.970174085745e-01 -7.444464418882e-02
   outer loop
     vertex 2.477680015564e+01 -1.159679985046e+01 -8.629099845886e+00
     vertex 2.477680015564e+01 -1.226620006561e+01 3.359999954700e-01
     vertex 1.330239963531e+01 -1.168179988861e+01 -4.353499889374e+00
   endloop
 endfacet
 facet normal 5.981539526424e-01 -8.013812132427e-01 0.000000000000e+00
   outer loop
     vertex 1.315899968147e+00 -1.735169982910e+01 -3.040000051260e-02
     vertex 8.747400283813e+00 -1.180480003357e+01 -2.578000128269e-01
     vertex 8.747400283813e+00 -1.180480003357e+01 8.503000140190e-01
   endloop
 endfacet
 facet normal 5.099481963337e-02 -9.403921064614e-01 3.362472519971e-01
   outer loop
     vertex 8.396269989014e+01 -2.281550025940e+01 -4.889699935913e+00
     vertex 7.800160217285e+01 -2.034169960022e+01 2.932899951935e+00
     vertex 7.802899932861e+01 -2.290159988403e+01 -4.230599880219e+00
   endloop
 endfacet
 facet normal 1.940541748915e-01 -9.715933951832e-01 1.354594095792e-01
   outer loop
     vertex 7.361329650879e+01 -2.216880035400e+01 -3.885600090027e+00
     vertex 7.800160217285e+01 -2.034169960022e+01 2.932899951935e+00
     vertex 7.359179687500e+01 -2.069470024109e+01 6.718299865723e+00
   endloop
 endfacet
 facet normal -2.143438256540e-01 -9.675140779756e-01 1.340642880230e-01
   outer loop
     vertex 7.361329650879e+01 -2.216880035400e+01 -3.885600090027e+00
     vertex 7.359179687500e+01 -2.069470024109e+01 6.718299865723e+00
     vertex 6.592530059814e+01 -1.854700088501e+01 9.960499763489e+00
   endloop
 endfacet
 facet normal -4.885010866865e-01 -8.263439065182e-01 2.802185512530e-01
   outer loop
     vertex 5.727809906006e+01 -1.736330032349e+01 -1.623399972916e+00
     vertex 6.592530059814e+01 -1.854700088501e+01 9.960499763489e+00
     vertex 5.727809906006e+01 -1.255449962616e+01 1.255739974976e+01
   endloop
 endfacet
 facet normal 1.535253521433e-01 -9.358030209997e-01 3.173368433340e-01
   outer loop
     vertex 5.727809906006e+01 -1.736330032349e+01 -1.623399972916e+00
     vertex 5.727809906006e+01 -1.255449962616e+01 1.255739974976e+01
     vertex 4.990589904785e+01 -1.327470016479e+01 1.400020027161e+01
   endloop
 endfacet
 facet normal -1.696206388982e-01 -9.792781556606e-01 1.106486904837e-01
   outer loop
     vertex 3.474110031128e+01 -1.213689994812e+01 8.230000138283e-01
     vertex 4.990589904785e+01 -1.327470016479e+01 1.400020027161e+01
     vertex 3.475730133057e+01 -1.093330001831e+01 1.150010013580e+01
   endloop
 endfacet
 facet normal -3.360048174527e-01 -9.149826409138e-01 2.233999316808e-01
   outer loop
     vertex 3.087649917603e+01 -1.210840034485e+01 8.503000140190e-01
     vertex 3.475730133057e+01 -1.093330001831e+01 1.150010013580e+01
     vertex 3.088570022583e+01 -9.727800369263e+00 1.061439990997e+01
   endloop
 endfacet
 facet normal 1.894161732953e-02 -9.965254087075e-01 8.110687352620e-02
   outer loop
     vertex 3.087649917603e+01 -1.210840034485e+01 8.503000140190e-01
     vertex 2.478619956970e+01 -1.154669952393e+01 9.173999786377e+00
     vertex 2.477680015564e+01 -1.226620006561e+01 3.359999954700e-01
   endloop
 endfacet
 facet normal -2.877269311739e-02 -9.995859803593e-01 0.000000000000e+00
   outer loop
     vertex 8.747400283813e+00 -1.180480003357e+01 -2.578000128269e-01
     vertex 2.477680015564e+01 -1.226620006561e+01 3.359999954700e-01
     vertex 8.747400283813e+00 -1.180480003357e+01 8.503000140190e-01
   endloop
 endfacet
 facet normal 6.007180521790e-01 -7.984569361137e-01 -4.005425018980e-02
   outer loop
     vertex 1.315899968147e+00 -1.735169982910e+01 -3.040000051260e-02
     vertex 8.747400283813e+00 -1.180480003357e+01 8.503000140190e-01
     vertex 1.383200049400e+00 -1.734309959412e+01 8.075000047684e-01
   endloop
 endfacet
 facet normal -2.652077346336e-02 -9.978781684216e-01 -5.946267369059e-02
   outer loop
     vertex 2.477680015564e+01 -1.226620006561e+01 3.359999954700e-01
     vertex 8.747400283813e+00 -1.180480003357e+01 -2.578000128269e-01
     vertex 1.330239963531e+01 -1.168179988861e+01 -4.353499889374e+00
   endloop
 endfacet
 facet normal 3.777802899462e-02 -9.965121330353e-01 -7.440691660512e-02
   outer loop
     vertex 3.087649917603e+01 -1.125800037384e+01 -1.006960010529e+01
     vertex 2.477680015564e+01 -1.226620006561e+01 3.359999954700e-01
     vertex 2.477680015564e+01 -1.159679985046e+01 -8.629099845886e+00
   endloop
 endfacet
 facet normal -8.190134389069e-03 -9.923129256951e-01 -1.234827080897e-01
   outer loop
     vertex 3.475730133057e+01 -1.067700004578e+01 -1.090989971161e+01
     vertex 3.474110031128e+01 -1.213689994812e+01 8.230000138283e-01
     vertex 3.087649917603e+01 -1.210840034485e+01 8.503000140190e-01
   endloop
 endfacet
 facet normal -2.375058842842e-01 -9.697147943301e-01 -5.695763853710e-02
   outer loop
     vertex 3.475730133057e+01 -1.067700004578e+01 -1.090989971161e+01
     vertex 4.990589904785e+01 -1.401019954681e+01 -1.732920074463e+01
     vertex 4.990589904785e+01 -1.499810028076e+01 -5.099999904633e-01
   endloop
 endfacet
 facet normal -3.181219361128e-01 -9.422409794406e-01 -1.047872627116e-01
   outer loop
     vertex 5.912120056152e+01 -1.626499938965e+01 -1.709469985962e+01
     vertex 5.727809906006e+01 -1.736330032349e+01 -1.623399972916e+00
     vertex 4.990589904785e+01 -1.499810028076e+01 -5.099999904633e-01
   endloop
 endfacet
 facet normal -3.218502209408e-01 -9.409347965200e-01 -1.051386892551e-01
   outer loop
     vertex 5.912120056152e+01 -1.626499938965e+01 -1.709469985962e+01
     vertex 6.592530059814e+01 -2.017329978943e+01 -2.946199893951e+00
     vertex 5.727809906006e+01 -1.736330032349e+01 -1.623399972916e+00
   endloop
 endfacet
 facet normal -2.689079972160e-01 -9.424265944582e-01 -1.987978950873e-01
   outer loop
     vertex 7.359179687500e+01 -1.988859939575e+01 -1.466609954834e+01
     vertex 7.361329650879e+01 -2.216880035400e+01 -3.885600090027e+00
     vertex 6.592530059814e+01 -2.017329978943e+01 -2.946199893951e+00
   endloop
 endfacet
 facet normal -1.771381760308e-01 -9.545513959698e-01 -2.396950125567e-01
   outer loop
     vertex 7.696939849854e+01 -2.055270004272e+01 -1.280169963837e+01
     vertex 7.802899932861e+01 -2.290159988403e+01 -4.230599880219e+00
     vertex 7.361329650879e+01 -2.216880035400e+01 -3.885600090027e+00
   endloop
 endfacet
 facet normal -1.516149073401e-02 -9.648048965750e-01 -2.625293140653e-01
   outer loop
     vertex 7.696939849854e+01 -2.055270004272e+01 -1.280169963837e+01
     vertex 8.396269989014e+01 -2.281550025940e+01 -4.889699935913e+00
     vertex 7.802899932861e+01 -2.290159988403e+01 -4.230599880219e+00
   endloop
 endfacet
 facet normal -2.607647028746e-02 -9.963614257225e-01 8.114140145180e-02
   outer loop
     vertex 2.477680015564e+01 -1.226620006561e+01 3.359999954700e-01
     vertex 2.478619956970e+01 -1.154669952393e+01 9.173999786377e+00
     vertex 8.747400283813e+00 -1.180480003357e+01 8.503000140190e-01
   endloop
 endfacet
 facet normal 2.277016301626e-01 -9.460685809698e-01 2.304478416543e-01
   outer loop
     vertex 3.087649917603e+01 -1.210840034485e+01 8.503000140190e-01
     vertex 3.088570022583e+01 -9.727800369263e+00 1.061439990997e+01
     vertex 2.478619956970e+01 -1.154669952393e+01 9.173999786377e+00
   endloop
 endfacet
 facet normal -2.880288227656e-01 -9.509379313081e-01 1.129444467681e-01
   outer loop
     vertex 4.990589904785e+01 -1.499810028076e+01 -5.099999904633e-01
     vertex 5.727809906006e+01 -1.736330032349e+01 -1.623399972916e+00
     vertex 4.990589904785e+01 -1.327470016479e+01 1.400020027161e+01
   endloop
 endfacet
 facet normal -1.943246330826e-01 -9.733978307418e-01 -1.213861610086e-01
   outer loop
     vertex 3.475730133057e+01 -1.067700004578e+01 -1.090989971161e+01
     vertex 4.990589904785e+01 -1.499810028076e+01 -5.099999904633e-01
     vertex 3.474110031128e+01 -1.213689994812e+01 8.230000138283e-01
   endloop
 endfacet
 facet normal 3.232145304675e-02 -9.964604771369e-01 -7.760052304600e-02
   outer loop
     vertex 3.087649917603e+01 -1.125800037384e+01 -1.006960010529e+01
     vertex 3.087649917603e+01 -1.210840034485e+01 8.503000140190e-01
     vertex 2.477680015564e+01 -1.226620006561e+01 3.359999954700e-01
   endloop
 endfacet
 facet normal 1.074270792475e-01 -9.438604644987e-01 -3.123889341841e-01
   outer loop
     vertex 6.592530059814e+01 -1.559969997406e+01 -1.676499938965e+01
     vertex 6.592530059814e+01 -2.017329978943e+01 -2.946199893951e+00
     vertex 5.912120056152e+01 -1.626499938965e+01 -1.709469985962e+01
   endloop
 endfacet
 facet normal -2.902323517095e-01 -9.494486581604e-01 1.196345582953e-01
   outer loop
     vertex 5.727809906006e+01 -1.736330032349e+01 -1.623399972916e+00
     vertex 6.592530059814e+01 -2.017329978943e+01 -2.946199893951e+00
     vertex 6.592530059814e+01 -1.854700088501e+01 9.960499763489e+00
   endloop
 endfacet
 facet normal -1.289575489362e-01 -9.339724023664e-01 3.332649129300e-01
   outer loop
     vertex 7.802899932861e+01 -2.290159988403e+01 -4.230599880219e+00
     vertex 7.800160217285e+01 -2.034169960022e+01 2.932899951935e+00
     vertex 7.361329650879e+01 -2.216880035400e+01 -3.885600090027e+00
   endloop
 endfacet
 facet normal 1.455497881838e-01 9.696172481728e-01 -1.966154907564e-01
   outer loop
     vertex 7.800160217285e+01 -2.034169960022e+01 2.932899951935e+00
     vertex 7.802899932861e+01 -2.179840087891e+01 -4.230599880219e+00
     vertex 7.361329650879e+01 -2.106559944153e+01 -3.885600090027e+00
   endloop
 endfacet
 facet normal 3.034783898612e-01 9.520567054687e-01 -3.858622110757e-02
   outer loop
     vertex 6.592530059814e+01 -1.907010078430e+01 -2.946199893951e+00
     vertex 5.727809906006e+01 -1.626009941101e+01 -1.623399972916e+00
     vertex 6.592530059814e+01 -1.854700088501e+01 9.960499763489e+00
   endloop
 endfacet
 facet normal -1.060357508420e-01 9.644147659525e-01 2.421994606849e-01
   outer loop
     vertex 6.592530059814e+01 -1.907010078430e+01 -2.946199893951e+00
     vertex 6.592530059814e+01 -1.559969997406e+01 -1.676499938965e+01
     vertex 5.912120056152e+01 -1.626499938965e+01 -1.709469985962e+01
   endloop
 endfacet
 facet normal -2.390490303116e-02 9.994464508186e-01 -2.313757889781e-02
   outer loop
     vertex 3.087649917603e+01 -1.125800037384e+01 -1.006960010529e+01
     vertex 2.477680015564e+01 -1.116300010681e+01 3.359999954700e-01
     vertex 3.087649917603e+01 -1.100520038605e+01 8.503000140190e-01
   endloop
 endfacet
 facet normal 1.878733897942e-01 9.817317530734e-01 3.010572062940e-02
   outer loop
     vertex 4.990589904785e+01 -1.389490032196e+01 -5.099999904633e-01
     vertex 3.475730133057e+01 -1.067700004578e+01 -1.090989971161e+01
     vertex 3.474110031128e+01 -1.103369998932e+01 8.230000138283e-01
   endloop
 endfacet
 facet normal 2.996520997855e-01 9.531782535731e-01 -4.074108502955e-02
   outer loop
     vertex 5.727809906006e+01 -1.626009941101e+01 -1.623399972916e+00
     vertex 4.990589904785e+01 -1.389490032196e+01 -5.099999904633e-01
     vertex 4.990589904785e+01 -1.327470016479e+01 1.400020027161e+01
   endloop
 endfacet
 facet normal -2.562656162929e-01 9.584701522115e-01 -1.251515130780e-01
   outer loop
     vertex 3.087649917603e+01 -1.100520038605e+01 8.503000140190e-01
     vertex 2.478619956970e+01 -1.154669952393e+01 9.173999786377e+00
     vertex 3.088570022583e+01 -9.727800369263e+00 1.061439990997e+01
   endloop
 endfacet
 facet normal 1.122568645839e-02 9.989964771111e-01 4.335922835004e-02
   outer loop
     vertex 2.478619956970e+01 -1.154669952393e+01 9.173999786377e+00
     vertex 2.477680015564e+01 -1.116300010681e+01 3.359999954700e-01
     vertex 8.747400283813e+00 -1.100520038605e+01 8.503000140190e-01
   endloop
 endfacet
 facet normal 1.806213487400e-01 9.762591375945e-01 1.195576205962e-01
   outer loop
     vertex 7.696939849854e+01 -2.055270004272e+01 -1.280169963837e+01
     vertex 7.802899932861e+01 -2.179840087891e+01 -4.230599880219e+00
     vertex 8.396269989014e+01 -2.281550025940e+01 -4.889699935913e+00
   endloop
 endfacet
 facet normal 1.716975385110e-01 9.777065566326e-01 1.208711892338e-01
   outer loop
     vertex 7.696939849854e+01 -2.055270004272e+01 -1.280169963837e+01
     vertex 7.361329650879e+01 -2.106559944153e+01 -3.885600090027e+00
     vertex 7.802899932861e+01 -2.179840087891e+01 -4.230599880219e+00
   endloop
 endfacet
 facet normal 2.617798731234e-01 9.594825678538e-01 1.042329123270e-01
   outer loop
     vertex 7.359179687500e+01 -1.988859939575e+01 -1.466609954834e+01
     vertex 6.592530059814e+01 -1.907010078430e+01 -2.946199893951e+00
     vertex 7.361329650879e+01 -2.106559944153e+01 -3.885600090027e+00
   endloop
 endfacet
 facet normal 3.139686902695e-01 9.487080945711e-01 3.710273340026e-02
   outer loop
     vertex 5.912120056152e+01 -1.626499938965e+01 -1.709469985962e+01
     vertex 5.727809906006e+01 -1.626009941101e+01 -1.623399972916e+00
     vertex 6.592530059814e+01 -1.907010078430e+01 -2.946199893951e+00
   endloop
 endfacet
 facet normal 3.103007768751e-01 9.499310908291e-01 3.666538622261e-02
   outer loop
     vertex 5.912120056152e+01 -1.626499938965e+01 -1.709469985962e+01
     vertex 4.990589904785e+01 -1.389490032196e+01 -5.099999904633e-01
     vertex 5.727809906006e+01 -1.626009941101e+01 -1.623399972916e+00
   endloop
 endfacet
 facet normal 2.121797392257e-01 9.772076964945e-01 -6.698968136093e-03
   outer loop
     vertex 4.990589904785e+01 -1.401019954681e+01 -1.732920074463e+01
     vertex 3.475730133057e+01 -1.067700004578e+01 -1.090989971161e+01
     vertex 4.990589904785e+01 -1.389490032196e+01 -5.099999904633e-01
   endloop
 endfacet
 facet normal 7.585636068647e-03 9.995091125549e-01 3.039723746054e-02
   outer loop
     vertex 3.474110031128e+01 -1.103369998932e+01 8.230000138283e-01
     vertex 3.475730133057e+01 -1.067700004578e+01 -1.090989971161e+01
     vertex 3.087649917603e+01 -1.100520038605e+01 8.503000140190e-01
   endloop
 endfacet
 facet normal -6.674339628099e-02 9.966041506973e-01 -4.822329173636e-02
   outer loop
     vertex 3.087649917603e+01 -1.125800037384e+01 -1.006960010529e+01
     vertex 2.477680015564e+01 -1.159679985046e+01 -8.629099845886e+00
     vertex 2.477680015564e+01 -1.116300010681e+01 3.359999954700e-01
   endloop
 endfacet
 facet normal 1.516509365790e-02 9.890900496760e-01 -1.465294972565e-01
   outer loop
     vertex 2.477680015564e+01 -1.116300010681e+01 3.359999954700e-01
     vertex 1.330239963531e+01 -1.168179988861e+01 -4.353499889374e+00
     vertex 8.747400283813e+00 -1.100520038605e+01 -2.578000128269e-01
   endloop
 endfacet
 facet normal -6.007180810979e-01 7.984568230025e-01 4.005607123593e-02
   outer loop
     vertex 8.747400283813e+00 -1.100520038605e+01 8.503000140190e-01
     vertex 1.315899968147e+00 -1.655209922791e+01 -3.040000051260e-02
     vertex 1.383200049400e+00 -1.654350090027e+01 8.075000047684e-01
   endloop
 endfacet
 facet normal 9.843916567787e-03 9.999515474795e-01 0.000000000000e+00
   outer loop
     vertex 2.477680015564e+01 -1.116300010681e+01 3.359999954700e-01
     vertex 8.747400283813e+00 -1.100520038605e+01 -2.578000128269e-01
     vertex 8.747400283813e+00 -1.100520038605e+01 8.503000140190e-01
   endloop
 endfacet
 facet normal -2.949260399096e-02 9.986229587831e-01 4.338631698014e-02
   outer loop
     vertex 2.478619956970e+01 -1.154669952393e+01 9.173999786377e+00
     vertex 3.087649917603e+01 -1.100520038605e+01 8.503000140190e-01
     vertex 2.477680015564e+01 -1.116300010681e+01 3.359999954700e-01
   endloop
 endfacet
 facet normal 3.206066539496e-01 9.391701034318e-01 -1.231701679104e-01
   outer loop
     vertex 3.087649917603e+01 -1.100520038605e+01 8.503000140190e-01
     vertex 3.088570022583e+01 -9.727800369263e+00 1.061439990997e+01
     vertex 3.475730133057e+01 -1.093330001831e+01 1.150010013580e+01
   endloop
 endfacet
 facet normal 1.542765010947e-01 9.879818051745e-01 -9.524382089171e-03
   outer loop
     vertex 4.990589904785e+01 -1.327470016479e+01 1.400020027161e+01
     vertex 3.474110031128e+01 -1.103369998932e+01 8.230000138283e-01
     vertex 3.475730133057e+01 -1.093330001831e+01 1.150010013580e+01
   endloop
 endfacet
 facet normal -1.425269285589e-01 9.576354475924e-01 -2.502407323961e-01
   outer loop
     vertex 5.727809906006e+01 -1.255449962616e+01 1.255739974976e+01
     vertex 5.727809906006e+01 -1.626009941101e+01 -1.623399972916e+00
     vertex 4.990589904785e+01 -1.327470016479e+01 1.400020027161e+01
   endloop
 endfacet
 facet normal 5.110526106940e-01 8.316251303104e-01 -2.173128430146e-01
   outer loop
     vertex 5.727809906006e+01 -1.626009941101e+01 -1.623399972916e+00
     vertex 5.727809906006e+01 -1.255449962616e+01 1.255739974976e+01
     vertex 6.592530059814e+01 -1.854700088501e+01 9.960499763489e+00
   endloop
 endfacet
 facet normal 2.565366922286e-01 9.659618201624e-01 -3.326691342704e-02
   outer loop
     vertex 7.361329650879e+01 -2.106559944153e+01 -3.885600090027e+00
     vertex 6.592530059814e+01 -1.854700088501e+01 9.960499763489e+00
     vertex 7.359179687500e+01 -2.069470024109e+01 6.718299865723e+00
   endloop
 endfacet
 facet normal -1.095346005389e-01 9.933677212194e-01 -3.496772403444e-02
   outer loop
     vertex 7.361329650879e+01 -2.106559944153e+01 -3.885600090027e+00
     vertex 7.359179687500e+01 -2.069470024109e+01 6.718299865723e+00
     vertex 7.800160217285e+01 -2.034169960022e+01 2.932899951935e+00
   endloop
 endfacet
 facet normal 1.443873849795e-01 9.697832777864e-01 -1.966536986294e-01
   outer loop
     vertex 7.800160217285e+01 -2.034169960022e+01 2.932899951935e+00
     vertex 8.396269989014e+01 -2.281550025940e+01 -4.889699935913e+00
     vertex 7.802899932861e+01 -2.179840087891e+01 -4.230599880219e+00
   endloop
 endfacet
 facet normal -5.981538865972e-01 8.013812625390e-01 0.000000000000e+00
   outer loop
     vertex 8.747400283813e+00 -1.100520038605e+01 -2.578000128269e-01
     vertex 1.315899968147e+00 -1.655209922791e+01 -3.040000051260e-02
     vertex 8.747400283813e+00 -1.100520038605e+01 8.503000140190e-01
   endloop
 endfacet
 facet normal -2.540010056425e-02 9.985091138341e-01 -4.831546834734e-02
   outer loop
     vertex 2.477680015564e+01 -1.116300010681e+01 3.359999954700e-01
     vertex 2.477680015564e+01 -1.159679985046e+01 -8.629099845886e+00
     vertex 1.330239963531e+01 -1.168179988861e+01 -4.353499889374e+00
   endloop
 endfacet
 facet normal 7.307503136885e-03 9.999289886160e-01 -9.413719953773e-03
   outer loop
     vertex 3.475730133057e+01 -1.093330001831e+01 1.150010013580e+01
     vertex 3.474110031128e+01 -1.103369998932e+01 8.230000138283e-01
     vertex 3.087649917603e+01 -1.100520038605e+01 8.503000140190e-01
   endloop
 endfacet
 facet normal 1.816736200383e-01 9.824618597980e-01 -4.199273537586e-02
   outer loop
     vertex 4.990589904785e+01 -1.389490032196e+01 -5.099999904633e-01
     vertex 3.474110031128e+01 -1.103369998932e+01 8.230000138283e-01
     vertex 4.990589904785e+01 -1.327470016479e+01 1.400020027161e+01
   endloop
 endfacet
 facet normal -1.528646833719e-01 9.879824147577e-01 -2.287218194871e-02
   outer loop
     vertex 3.475730133057e+01 -1.067700004578e+01 -1.090989971161e+01
     vertex 3.087649917603e+01 -1.125800037384e+01 -1.006960010529e+01
     vertex 3.087649917603e+01 -1.100520038605e+01 8.503000140190e-01
   endloop
 endfacet
 facet normal 2.378235689802e-01 9.712855481985e-01 -6.658370540644e-03
   outer loop
     vertex 5.912120056152e+01 -1.626499938965e+01 -1.709469985962e+01
     vertex 4.990589904785e+01 -1.401019954681e+01 -1.732920074463e+01
     vertex 4.990589904785e+01 -1.389490032196e+01 -5.099999904633e-01
   endloop
 endfacet
 facet normal 4.297206254697e-01 8.757670810215e-01 2.199368178478e-01
   outer loop
     vertex 7.359179687500e+01 -1.988859939575e+01 -1.466609954834e+01
     vertex 6.592530059814e+01 -1.559969997406e+01 -1.676499938965e+01
     vertex 6.592530059814e+01 -1.907010078430e+01 -2.946199893951e+00
   endloop
 endfacet
 facet normal 2.465461285256e-01 9.683360764545e-01 -3.924601311863e-02
   outer loop
     vertex 7.361329650879e+01 -2.106559944153e+01 -3.885600090027e+00
     vertex 6.592530059814e+01 -1.907010078430e+01 -2.946199893951e+00
     vertex 6.592530059814e+01 -1.854700088501e+01 9.960499763489e+00
   endloop
 endfacet
 facet normal 1.344689924516e-01 9.850931235327e-01 1.072829345125e-01
   outer loop
     vertex 7.696939849854e+01 -2.055270004272e+01 -1.280169963837e+01
     vertex 7.359179687500e+01 -1.988859939575e+01 -1.466609954834e+01
     vertex 7.361329650879e+01 -2.106559944153e+01 -3.885600090027e+00
   endloop
 endfacet
 facet normal 8.741177306735e-01 -0.000000000000e+00 4.857141061595e-01
   outer loop
     vertex -2.506099939346e+00 -1.556060028076e+01 7.277100086212e+00
     vertex -4.207000136375e-01 -1.777960014343e+01 3.524100065231e+00
     vertex -2.506099939346e+00 -1.476200008392e+01 7.277100086212e+00
   endloop
 endfacet
 facet normal -7.866210408128e-02 0.000000000000e+00 -9.969013358309e-01
   outer loop
     vertex -5.946000218391e-01 -2.059589958191e+01 5.047000050545e-01
     vertex 5.029000043869e-01 -2.042550086975e+01 4.180999994278e-01
     vertex 5.029000043869e-01 -2.122400093079e+01 4.180999994278e-01
   endloop
 endfacet
 facet normal -8.287509894257e-01 0.000000000000e+00 -5.596175457631e-01
   outer loop
     vertex -1.118600010872e+00 -1.858460044861e+01 3.177099943161e+00
     vertex -3.543100118637e+00 -1.489350032806e+01 6.767600059509e+00
     vertex -1.118600010872e+00 -1.778610038757e+01 3.177099943161e+00
   endloop
 endfacet
 facet normal -5.265921089271e-01 0.000000000000e+00 -8.501180805134e-01
   outer loop
     vertex -2.105360031128e+01 -1.525080013275e+01 1.761420059204e+01
     vertex -3.543100118637e+00 -1.489350032806e+01 6.767600059509e+00
     vertex -3.543100118637e+00 -1.569209957123e+01 6.767600059509e+00
   endloop
 endfacet
 facet normal -9.813137495961e-01 0.000000000000e+00 -1.924144611343e-01
   outer loop
     vertex -5.946000218391e-01 -2.139439964294e+01 5.047000050545e-01
     vertex -1.118600010872e+00 -1.778610038757e+01 3.177099943161e+00
     vertex -5.946000218391e-01 -2.059589958191e+01 5.047000050545e-01
   endloop
 endfacet
 facet normal 9.585199512420e-01 -0.000000000000e+00 2.850254428487e-01
   outer loop
     vertex -4.207000136375e-01 -1.857810020447e+01 3.524100065231e+00
     vertex 5.029000043869e-01 -2.042550086975e+01 4.180999994278e-01
     vertex -4.207000136375e-01 -1.777960014343e+01 3.524100065231e+00
   endloop
 endfacet
 facet normal 9.770238607089e-01 0.000000000000e+00 -2.131299500433e-01
   outer loop
     vertex -8.813999891281e-01 -1.516129970551e+01 1.472500038147e+01
     vertex -2.506099939346e+00 -1.556060028076e+01 7.277100086212e+00
     vertex -2.506099939346e+00 -1.476200008392e+01 7.277100086212e+00
   endloop
 endfacet
 facet normal 1.871452990996e-01 -9.726465570380e-01 -1.376056398084e-01
   outer loop
     vertex -1.796039962769e+01 -1.610129928589e+01 3.168589973450e+01
     vertex -4.130700111389e+00 -1.323770046234e+01 3.025349998474e+01
     vertex -2.350460052490e+01 -1.820159912109e+01 3.899140167236e+01
   endloop
 endfacet
 facet normal 5.097933775226e-02 -9.722074957742e-01 -2.285031559582e-01
   outer loop
     vertex -2.350460052490e+01 -1.820159912109e+01 3.899140167236e+01
     vertex -4.542959976196e+01 -2.004780006409e+01 4.195489883423e+01
     vertex -3.867300033569e+01 -1.724699974060e+01 3.154579925537e+01
   endloop
 endfacet
 facet normal 4.126199087945e-01 -8.161864178956e-01 -4.044558592839e-01
   outer loop
     vertex -3.123150062561e+01 -2.238039970398e+01 4.892419815063e+01
     vertex -1.431050014496e+01 -1.600029945374e+01 5.331179809570e+01
     vertex -2.103669929504e+01 -2.231459999084e+01 5.919200134277e+01
   endloop
 endfacet
 facet normal -1.761416393381e-02 -9.451399667032e-01 -3.261904115225e-01
   outer loop
     vertex -3.542100143433e+01 -2.455550003052e+01 5.389929962158e+01
     vertex -3.973870086670e+01 -2.637859916687e+01 5.941490173340e+01
     vertex -4.945449829102e+01 -2.455159950256e+01 5.464580154419e+01
   endloop
 endfacet
 facet normal -3.936207165496e-02 -9.449138080046e-01 3.249438763191e-01
   outer loop
     vertex -3.048399925232e+00 -1.458660030365e+01 2.646209907532e+01
     vertex -4.130700111389e+00 -1.323770046234e+01 3.025349998474e+01
     vertex -1.198770046234e+01 -1.572659969330e+01 2.206419944763e+01
   endloop
 endfacet
 facet normal 9.419492999250e-02 -9.933616199689e-01 6.603035011571e-02
   outer loop
     vertex -1.198770046234e+01 -1.572659969330e+01 2.206419944763e+01
     vertex -8.813999891281e-01 -1.516129970551e+01 1.472500038147e+01
     vertex -3.048399925232e+00 -1.458660030365e+01 2.646209907532e+01
   endloop
 endfacet
 facet normal -1.711114917838e-01 -8.120994369093e-01 5.578667958852e-01
   outer loop
     vertex -4.207000136375e-01 -1.857810020447e+01 3.524100065231e+00
     vertex -2.506099939346e+00 -1.556060028076e+01 7.277100086212e+00
     vertex -3.543100118637e+00 -1.569209957123e+01 6.767600059509e+00
   endloop
 endfacet
 facet normal 2.838056650668e-01 -9.498466209717e-01 1.313230410273e-01
   outer loop
     vertex -3.973870086670e+01 -2.637859916687e+01 5.941490173340e+01
     vertex -3.318960189819e+01 -2.365670013428e+01 6.494869995117e+01
     vertex -4.512839889526e+01 -2.700250053406e+01 6.655010223389e+01
   endloop
 endfacet
 facet normal 2.079553799809e-01 -9.655599083877e-01 -1.563605552924e-01
   outer loop
     vertex -3.542100143433e+01 -2.455550003052e+01 5.389929962158e+01
     vertex -2.103669929504e+01 -2.231459999084e+01 5.919200134277e+01
     vertex -3.973870086670e+01 -2.637859916687e+01 5.941490173340e+01
   endloop
 endfacet
 facet normal 2.291463261739e-01 -9.478686710326e-01 -2.214428677469e-01
   outer loop
     vertex -3.123150062561e+01 -2.238039970398e+01 4.892419815063e+01
     vertex -2.103669929504e+01 -2.231459999084e+01 5.919200134277e+01
     vertex -3.542100143433e+01 -2.455550003052e+01 5.389929962158e+01
   endloop
 endfacet
 facet normal 2.007144539894e-01 -9.490044243753e-01 -2.431137809255e-01
   outer loop
     vertex -9.496800422668e+00 -1.700040054321e+01 4.586729812622e+01
     vertex -3.123150062561e+01 -2.238039970398e+01 4.892419815063e+01
     vertex -2.350460052490e+01 -1.820159912109e+01 3.899140167236e+01
   endloop
 endfacet
 facet normal 1.693183514226e-01 -9.698064383296e-01 -1.755185689495e-01
   outer loop
     vertex -4.130700111389e+00 -1.323770046234e+01 3.025349998474e+01
     vertex -9.496800422668e+00 -1.700040054321e+01 4.586729812622e+01
     vertex -2.350460052490e+01 -1.820159912109e+01 3.899140167236e+01
   endloop
 endfacet
 facet normal 2.111221543664e-01 -9.730098477584e-01 9.316261106697e-02
   outer loop
     vertex -1.198770046234e+01 -1.572659969330e+01 2.206419944763e+01
     vertex -4.130700111389e+00 -1.323770046234e+01 3.025349998474e+01
     vertex -1.796039962769e+01 -1.610129928589e+01 3.168589973450e+01
   endloop
 endfacet
 facet normal 7.518519323039e-02 -9.964820597734e-01 3.702284792631e-02
   outer loop
     vertex -2.506099939346e+00 -1.556060028076e+01 7.277100086212e+00
     vertex -8.813999891281e-01 -1.516129970551e+01 1.472500038147e+01
     vertex -1.198770046234e+01 -1.572659969330e+01 2.206419944763e+01
   endloop
 endfacet
 facet normal -2.428000818468e-01 -8.289606228141e-01 5.038575255752e-01
   outer loop
     vertex -4.207000136375e-01 -1.857810020447e+01 3.524100065231e+00
     vertex -3.543100118637e+00 -1.569209957123e+01 6.767600059509e+00
     vertex -1.118600010872e+00 -1.858460044861e+01 3.177099943161e+00
   endloop
 endfacet
 facet normal 1.607400976888e-01 -6.643030917723e-01 7.299753579791e-01
   outer loop
     vertex -1.118600010872e+00 -1.858460044861e+01 3.177099943161e+00
     vertex -5.946000218391e-01 -2.139439964294e+01 5.047000050545e-01
     vertex 5.029000043869e-01 -2.122400093079e+01 4.180999994278e-01
   endloop
 endfacet
 facet normal 9.997682150483e-02 -9.935797501130e-01 5.295200966076e-02
   outer loop
     vertex -3.543100118637e+00 -1.569209957123e+01 6.767600059509e+00
     vertex -2.506099939346e+00 -1.556060028076e+01 7.277100086212e+00
     vertex -1.198770046234e+01 -1.572659969330e+01 2.206419944763e+01
   endloop
 endfacet
 facet normal -2.552791211369e-02 -9.981754329033e-01 -5.471865176841e-02
   outer loop
     vertex -1.198770046234e+01 -1.572659969330e+01 2.206419944763e+01
     vertex -1.796039962769e+01 -1.610129928589e+01 3.168589973450e+01
     vertex -2.105360031128e+01 -1.525080013275e+01 1.761420059204e+01
   endloop
 endfacet
 facet normal 5.358711660970e-02 -9.218384262975e-01 -3.838519724253e-01
   outer loop
     vertex -1.796039962769e+01 -1.610129928589e+01 3.168589973450e+01
     vertex -3.867300033569e+01 -1.724699974060e+01 3.154579925537e+01
     vertex -2.963459968567e+01 -1.439379978180e+01 2.595549964905e+01
   endloop
 endfacet
 facet normal 2.838602904432e-02 -9.290797289929e-01 -3.687886800454e-01
   outer loop
     vertex -2.350460052490e+01 -1.820159912109e+01 3.899140167236e+01
     vertex -3.123150062561e+01 -2.238039970398e+01 4.892419815063e+01
     vertex -4.542959976196e+01 -2.004780006409e+01 4.195489883423e+01
   endloop
 endfacet
 facet normal -3.246013401938e-01 -9.421522393107e-01 -8.356511177674e-02
   outer loop
     vertex -4.542959976196e+01 -2.004780006409e+01 4.195489883423e+01
     vertex -3.542100143433e+01 -2.455550003052e+01 5.389929962158e+01
     vertex -4.825249862671e+01 -1.957489967346e+01 4.758850097656e+01
   endloop
 endfacet
 facet normal -3.105518980098e-02 -8.143434637132e-01 -5.795518081190e-01
   outer loop
     vertex -3.542100143433e+01 -2.455550003052e+01 5.389929962158e+01
     vertex -4.945449829102e+01 -2.455159950256e+01 5.464580154419e+01
     vertex -4.825249862671e+01 -1.957489967346e+01 4.758850097656e+01
   endloop
 endfacet
 facet normal -1.038515653772e-01 -9.809417862079e-01 -1.642195616848e-01
   outer loop
     vertex -3.973870086670e+01 -2.637859916687e+01 5.941490173340e+01
     vertex -4.512839889526e+01 -2.700250053406e+01 6.655010223389e+01
     vertex -4.945449829102e+01 -2.455159950256e+01 5.464580154419e+01
   endloop
 endfacet
 facet normal -2.780472470405e-01 -7.704628016398e-01 5.736521591544e-01
   outer loop
     vertex 5.029000043869e-01 -2.122400093079e+01 4.180999994278e-01
     vertex -4.207000136375e-01 -1.857810020447e+01 3.524100065231e+00
     vertex -1.118600010872e+00 -1.858460044861e+01 3.177099943161e+00
   endloop
 endfacet
 facet normal -4.037670219242e-02 -9.988830541226e-01 -2.454314785837e-02
   outer loop
     vertex -2.105360031128e+01 -1.525080013275e+01 1.761420059204e+01
     vertex -3.543100118637e+00 -1.569209957123e+01 6.767600059509e+00
     vertex -1.198770046234e+01 -1.572659969330e+01 2.206419944763e+01
   endloop
 endfacet
 facet normal -1.295308268151e-01 -9.910772145220e-01 -3.142800916340e-02
   outer loop
     vertex -2.963459968567e+01 -1.439379978180e+01 2.595549964905e+01
     vertex -2.105360031128e+01 -1.525080013275e+01 1.761420059204e+01
     vertex -1.796039962769e+01 -1.610129928589e+01 3.168589973450e+01
   endloop
 endfacet
 facet normal 3.295206971465e-02 -9.256501519693e-01 -3.769429098163e-01
   outer loop
     vertex -3.123150062561e+01 -2.238039970398e+01 4.892419815063e+01
     vertex -3.542100143433e+01 -2.455550003052e+01 5.389929962158e+01
     vertex -4.542959976196e+01 -2.004780006409e+01 4.195489883423e+01
   endloop
 endfacet
 facet normal 2.096308424123e-01 -9.526023571763e-01 2.204623755012e-01
   outer loop
     vertex -2.103669929504e+01 -2.231459999084e+01 5.919200134277e+01
     vertex -3.318960189819e+01 -2.365670013428e+01 6.494869995117e+01
     vertex -3.973870086670e+01 -2.637859916687e+01 5.941490173340e+01
   endloop
 endfacet
 facet normal 2.685773704009e-01 -9.164008774487e-01 2.967753829409e-01
   outer loop
     vertex -9.496800422668e+00 -1.700040054321e+01 4.586729812622e+01
     vertex -1.431050014496e+01 -1.600029945374e+01 5.331179809570e+01
     vertex -3.123150062561e+01 -2.238039970398e+01 4.892419815063e+01
   endloop
 endfacet
 facet normal 5.525485176911e-02 -9.699554743948e-01 -2.369246273555e-01
   outer loop
     vertex -1.796039962769e+01 -1.610129928589e+01 3.168589973450e+01
     vertex -2.350460052490e+01 -1.820159912109e+01 3.899140167236e+01
     vertex -3.867300033569e+01 -1.724699974060e+01 3.154579925537e+01
   endloop
 endfacet
 facet normal -9.278631683216e-02 9.734103666117e-01 2.094348528339e-01
   outer loop
     vertex -2.350460052490e+01 -1.740309906006e+01 3.899140167236e+01
     vertex -1.796039962769e+01 -1.530280017853e+01 3.168589973450e+01
     vertex -3.867300033569e+01 -1.724699974060e+01 3.154579925537e+01
   endloop
 endfacet
 facet normal -2.353578664392e-01 9.315030922303e-01 -2.773241133953e-01
   outer loop
     vertex -1.431050014496e+01 -1.600029945374e+01 5.331179809570e+01
     vertex -9.496800422668e+00 -1.700040054321e+01 4.586729812622e+01
     vertex -3.123150062561e+01 -2.158189964294e+01 4.892419815063e+01
   endloop
 endfacet
 facet normal -1.719840832533e-01 9.757228453369e-01 -1.355964756002e-01
   outer loop
     vertex -2.103669929504e+01 -2.231459999084e+01 5.919200134277e+01
     vertex -3.973870086670e+01 -2.558009910583e+01 5.941490173340e+01
     vertex -3.318960189819e+01 -2.365670013428e+01 6.494869995117e+01
   endloop
 endfacet
 facet normal -7.044497965907e-02 9.343983676568e-01 3.491950677791e-01
   outer loop
     vertex -3.542100143433e+01 -2.375699996948e+01 5.389929962158e+01
     vertex -3.123150062561e+01 -2.158189964294e+01 4.892419815063e+01
     vertex -4.542959976196e+01 -2.004780006409e+01 4.195489883423e+01
   endloop
 endfacet
 facet normal 8.493076731844e-02 9.962741265892e-01 -1.498764329766e-02
   outer loop
     vertex -2.105360031128e+01 -1.525080013275e+01 1.761420059204e+01
     vertex -2.963459968567e+01 -1.439379978180e+01 2.595549964905e+01
     vertex -1.796039962769e+01 -1.530280017853e+01 3.168589973450e+01
   endloop
 endfacet
 facet normal -2.887088450061e-02 9.994894780645e-01 -1.368412461257e-02
   outer loop
     vertex -3.543100118637e+00 -1.489350032806e+01 6.767600059509e+00
     vertex -2.105360031128e+01 -1.525080013275e+01 1.761420059204e+01
     vertex -1.198770046234e+01 -1.492800045013e+01 2.206419944763e+01
   endloop
 endfacet
 facet normal 2.780472470405e-01 7.704628016398e-01 -5.736521591544e-01
   outer loop
     vertex -4.207000136375e-01 -1.777960014343e+01 3.524100065231e+00
     vertex 5.029000043869e-01 -2.042550086975e+01 4.180999994278e-01
     vertex -1.118600010872e+00 -1.778610038757e+01 3.177099943161e+00
   endloop
 endfacet
 facet normal 5.722438766261e-03 9.798494603462e-01 1.996554250549e-01
   outer loop
     vertex -4.512839889526e+01 -2.700250053406e+01 6.655010223389e+01
     vertex -3.973870086670e+01 -2.558009910583e+01 5.941490173340e+01
     vertex -4.945449829102e+01 -2.455159950256e+01 5.464580154419e+01
   endloop
 endfacet
 facet normal -1.578245632097e-02 8.183986739980e-01 5.744340906237e-01
   outer loop
     vertex -3.542100143433e+01 -2.375699996948e+01 5.389929962158e+01
     vertex -4.825249862671e+01 -1.957489967346e+01 4.758850097656e+01
     vertex -4.945449829102e+01 -2.455159950256e+01 5.464580154419e+01
   endloop
 endfacet
 facet normal 2.820716196191e-01 9.574540680034e-01 6.096973896228e-02
   outer loop
     vertex -4.542959976196e+01 -2.004780006409e+01 4.195489883423e+01
     vertex -4.825249862671e+01 -1.957489967346e+01 4.758850097656e+01
     vertex -3.542100143433e+01 -2.375699996948e+01 5.389929962158e+01
   endloop
 endfacet
 facet normal -6.677725741992e-02 9.372002209814e-01 3.423398073316e-01
   outer loop
     vertex -3.123150062561e+01 -2.158189964294e+01 4.892419815063e+01
     vertex -2.350460052490e+01 -1.740309906006e+01 3.899140167236e+01
     vertex -4.542959976196e+01 -2.004780006409e+01 4.195489883423e+01
   endloop
 endfacet
 facet normal -9.035448465547e-02 9.386012976201e-01 3.329619666095e-01
   outer loop
     vertex -1.796039962769e+01 -1.530280017853e+01 3.168589973450e+01
     vertex -2.963459968567e+01 -1.439379978180e+01 2.595549964905e+01
     vertex -3.867300033569e+01 -1.724699974060e+01 3.154579925537e+01
   endloop
 endfacet
 facet normal -4.190526410125e-02 9.990382643115e-01 1.290330508083e-02
   outer loop
     vertex -1.198770046234e+01 -1.492800045013e+01 2.206419944763e+01
     vertex -2.105360031128e+01 -1.525080013275e+01 1.761420059204e+01
     vertex -1.796039962769e+01 -1.530280017853e+01 3.168589973450e+01
   endloop
 endfacet
 facet normal -9.997753100176e-02 9.935796578356e-01 -5.295240155189e-02
   outer loop
     vertex -2.506099939346e+00 -1.476200008392e+01 7.277100086212e+00
     vertex -3.543100118637e+00 -1.489350032806e+01 6.767600059509e+00
     vertex -1.198770046234e+01 -1.492800045013e+01 2.206419944763e+01
   endloop
 endfacet
 facet normal -1.607400976888e-01 6.643030917723e-01 -7.299753579791e-01
   outer loop
     vertex -5.946000218391e-01 -2.059589958191e+01 5.047000050545e-01
     vertex -1.118600010872e+00 -1.778610038757e+01 3.177099943161e+00
     vertex 5.029000043869e-01 -2.042550086975e+01 4.180999994278e-01
   endloop
 endfacet
 facet normal 2.428060057044e-01 8.289517469187e-01 -5.038692735961e-01
   outer loop
     vertex -3.543100118637e+00 -1.489350032806e+01 6.767600059509e+00
     vertex -4.207000136375e-01 -1.777960014343e+01 3.524100065231e+00
     vertex -1.118600010872e+00 -1.778610038757e+01 3.177099943161e+00
   endloop
 endfacet
 facet normal 4.921880300393e-02 9.978722133174e-01 4.276161035310e-02
   outer loop
     vertex -2.506099939346e+00 -1.476200008392e+01 7.277100086212e+00
     vertex -1.198770046234e+01 -1.492800045013e+01 2.206419944763e+01
     vertex -8.813999891281e-01 -1.516129970551e+01 1.472500038147e+01
   endloop
 endfacet
 facet normal -1.531869413623e-01 9.865714976715e-01 -5.666075342133e-02
   outer loop
     vertex -1.198770046234e+01 -1.492800045013e+01 2.206419944763e+01
     vertex -1.796039962769e+01 -1.530280017853e+01 3.168589973450e+01
     vertex -4.130700111389e+00 -1.323770046234e+01 3.025349998474e+01
   endloop
 endfacet
 facet normal -1.224947164054e-01 9.736157961244e-01 1.925287666552e-01
   outer loop
     vertex -9.496800422668e+00 -1.700040054321e+01 4.586729812622e+01
     vertex -4.130700111389e+00 -1.323770046234e+01 3.025349998474e+01
     vertex -2.350460052490e+01 -1.740309906006e+01 3.899140167236e+01
   endloop
 endfacet
 facet normal -1.614409483887e-01 9.482686478128e-01 2.733557970094e-01
   outer loop
     vertex -9.496800422668e+00 -1.700040054321e+01 4.586729812622e+01
     vertex -2.350460052490e+01 -1.740309906006e+01 3.899140167236e+01
     vertex -3.123150062561e+01 -2.158189964294e+01 4.892419815063e+01
   endloop
 endfacet
 facet normal -1.890386191226e-01 9.481864720747e-01 2.553562504714e-01
   outer loop
     vertex -2.103669929504e+01 -2.231459999084e+01 5.919200134277e+01
     vertex -3.123150062561e+01 -2.158189964294e+01 4.892419815063e+01
     vertex -3.542100143433e+01 -2.375699996948e+01 5.389929962158e+01
   endloop
 endfacet
 facet normal -1.667027058025e-01 9.676559657798e-01 1.893466127739e-01
   outer loop
     vertex -2.103669929504e+01 -2.231459999084e+01 5.919200134277e+01
     vertex -3.542100143433e+01 -2.375699996948e+01 5.389929962158e+01
     vertex -3.973870086670e+01 -2.558009910583e+01 5.941490173340e+01
   endloop
 endfacet
 facet normal -2.714689166807e-01 9.623565040507e-01 -1.321311422473e-02
   outer loop
     vertex -3.318960189819e+01 -2.365670013428e+01 6.494869995117e+01
     vertex -3.973870086670e+01 -2.558009910583e+01 5.941490173340e+01
     vertex -4.512839889526e+01 -2.700250053406e+01 6.655010223389e+01
   endloop
 endfacet
 facet normal 1.711173842748e-01 8.120904973326e-01 -5.578780018436e-01
   outer loop
     vertex -2.506099939346e+00 -1.476200008392e+01 7.277100086212e+00
     vertex -4.207000136375e-01 -1.777960014343e+01 3.524100065231e+00
     vertex -3.543100118637e+00 -1.489350032806e+01 6.767600059509e+00
   endloop
 endfacet
 facet normal -1.290943566520e-02 9.986009116971e-01 -5.127929044524e-02
   outer loop
     vertex -3.048399925232e+00 -1.458660030365e+01 2.646209907532e+01
     vertex -8.813999891281e-01 -1.516129970551e+01 1.472500038147e+01
     vertex -1.198770046234e+01 -1.492800045013e+01 2.206419944763e+01
   endloop
 endfacet
 facet normal 1.134938021206e-01 9.458504243672e-01 -3.041153261587e-01
   outer loop
     vertex -4.130700111389e+00 -1.323770046234e+01 3.025349998474e+01
     vertex -3.048399925232e+00 -1.458660030365e+01 2.646209907532e+01
     vertex -1.198770046234e+01 -1.492800045013e+01 2.206419944763e+01
   endloop
 endfacet
 facet normal -3.900218630692e-02 9.574533900779e-01 2.859402652507e-01
   outer loop
     vertex -3.973870086670e+01 -2.558009910583e+01 5.941490173340e+01
     vertex -3.542100143433e+01 -2.375699996948e+01 5.389929962158e+01
     vertex -4.945449829102e+01 -2.455159950256e+01 5.464580154419e+01
   endloop
 endfacet
 facet normal -3.819594165252e-01 8.141499310839e-01 4.373407068222e-01
   outer loop
     vertex -2.103669929504e+01 -2.231459999084e+01 5.919200134277e+01
     vertex -1.431050014496e+01 -1.600029945374e+01 5.331179809570e+01
     vertex -3.123150062561e+01 -2.158189964294e+01 4.892419815063e+01
   endloop
 endfacet
 facet normal -9.003616187481e-02 9.748505688164e-01 2.038623507008e-01
   outer loop
     vertex -2.350460052490e+01 -1.740309906006e+01 3.899140167236e+01
     vertex -3.867300033569e+01 -1.724699974060e+01 3.154579925537e+01
     vertex -4.542959976196e+01 -2.004780006409e+01 4.195489883423e+01
   endloop
 endfacet
 facet normal -1.264634903726e-01 9.747095656608e-01 1.842505039673e-01
   outer loop
     vertex -4.130700111389e+00 -1.323770046234e+01 3.025349998474e+01
     vertex -1.796039962769e+01 -1.530280017853e+01 3.168589973450e+01
     vertex -2.350460052490e+01 -1.740309906006e+01 3.899140167236e+01
   endloop
 endfacet
 facet normal 5.990569436239e-01 0.000000000000e+00 -8.007064245378e-01
   outer loop
     vertex 3.160700082779e+00 -1.376379966736e+01 3.684000015259e+00
     vertex 6.232100009918e+00 -1.154240036011e+01 5.981900215149e+00
     vertex 6.232100009918e+00 -1.234829998016e+01 5.981900215149e+00
   endloop
 endfacet
 facet normal -8.562981469564e-01 0.000000000000e+00 -5.164818327096e-01
   outer loop
     vertex 8.659999966621e-01 -1.808180046082e+01 1.217000007629e+00
     vertex 4.417999982834e-01 -1.726670074463e+01 1.920300006866e+00
     vertex 8.659999966621e-01 -1.727589988708e+01 1.217000007629e+00
   endloop
 endfacet
 facet normal -6.171735764303e-01 0.000000000000e+00 7.868270309008e-01
   outer loop
     vertex 5.757599830627e+00 -1.117749977112e+01 6.592100143433e+00
     vertex 2.743000030518e+00 -1.375800037384e+01 4.227499961853e+00
     vertex 2.743000030518e+00 -1.456389999390e+01 4.227499961853e+00
   endloop
 endfacet
 facet normal -9.204218870790e-01 0.000000000000e+00 3.909265273500e-01
   outer loop
     vertex 5.757599830627e+00 -1.198340034485e+01 6.592100143433e+00
     vertex 1.112769985199e+01 -1.174250030518e+01 1.923579978943e+01
     vertex 5.757599830627e+00 -1.117749977112e+01 6.592100143433e+00
   endloop
 endfacet
 facet normal -7.080268012932e-01 0.000000000000e+00 7.061855624767e-01
   outer loop
     vertex 4.417999982834e-01 -1.807259941101e+01 1.920300006866e+00
     vertex 2.743000030518e+00 -1.375800037384e+01 4.227499961853e+00
     vertex 4.417999982834e-01 -1.726670074463e+01 1.920300006866e+00
   endloop
 endfacet
 facet normal 7.322139192343e-01 0.000000000000e+00 -6.810747216565e-01
   outer loop
     vertex 3.160700082779e+00 -1.456970024109e+01 3.684000015259e+00
     vertex 8.659999966621e-01 -1.727589988708e+01 1.217000007629e+00
     vertex 3.160700082779e+00 -1.376379966736e+01 3.684000015259e+00
   endloop
 endfacet
 facet normal 1.572424316483e-01 0.000000000000e+00 -9.875600324483e-01
   outer loop
     vertex 6.232100009918e+00 -1.154240036011e+01 5.981900215149e+00
     vertex 1.837919998169e+01 -1.185879993439e+01 7.915999889374e+00
     vertex 6.232100009918e+00 -1.234829998016e+01 5.981900215149e+00
   endloop
 endfacet
 facet normal 2.503337755517e-01 9.078411412460e-01 3.363888569487e-01
   outer loop
     vertex 6.871710205078e+01 -2.455310058594e+01 4.734500122070e+01
     vertex 6.549120330811e+01 -2.063680076599e+01 3.917639923096e+01
     vertex 5.843790054321e+01 -2.205279922485e+01 4.824679946899e+01
   endloop
 endfacet
 facet normal 5.547176768607e-01 8.168634026432e-01 1.581849563029e-01
   outer loop
     vertex 6.434790039062e+01 -2.697960090637e+01 5.296369934082e+01
     vertex 5.843790054321e+01 -2.205279922485e+01 4.824679946899e+01
     vertex 6.002370071411e+01 -2.511070060730e+01 5.847669982910e+01
   endloop
 endfacet
 facet normal 2.270974797496e-01 9.603100538804e-01 1.619609061089e-01
   outer loop
     vertex 5.256480026245e+01 -1.966320037842e+01 4.417760086060e+01
     vertex 4.364810180664e+01 -1.635429954529e+01 3.706100082397e+01
     vertex 3.526969909668e+01 -1.619009971619e+01 4.783539962769e+01
   endloop
 endfacet
 facet normal 3.776628043745e-01 9.238183724663e-01 -6.269306888143e-02
   outer loop
     vertex 3.470510101318e+01 -1.414200019836e+01 1.578789997101e+01
     vertex 3.114710044861e+01 -1.192090034485e+01 2.708370018005e+01
     vertex 4.364810180664e+01 -1.635429954529e+01 3.706100082397e+01
   endloop
 endfacet
 facet normal 2.180868894166e-01 9.635573030846e-01 1.549045910779e-01
   outer loop
     vertex 4.364810180664e+01 -1.635429954529e+01 3.706100082397e+01
     vertex 3.114710044861e+01 -1.192090034485e+01 2.708370018005e+01
     vertex 3.526969909668e+01 -1.619009971619e+01 4.783539962769e+01
   endloop
 endfacet
 facet normal -9.822842399520e-03 9.999515645394e-01 6.167191105471e-04
   outer loop
     vertex 2.158370018005e+01 -1.144989967346e+01 1.883279991150e+01
     vertex 1.531429958344e+01 -1.150839996338e+01 1.382909965515e+01
     vertex 1.621559906006e+01 -1.150689983368e+01 2.575230026245e+01
   endloop
 endfacet
 facet normal -3.929613112040e-01 8.652815429785e-01 -3.112382676946e-01
   outer loop
     vertex 6.232100009918e+00 -1.154240036011e+01 5.981900215149e+00
     vertex 3.160700082779e+00 -1.376379966736e+01 3.684000015259e+00
     vertex 2.743000030518e+00 -1.375800037384e+01 4.227499961853e+00
   endloop
 endfacet
 facet normal 5.176587527490e-02 9.015374058828e-01 4.295935287583e-01
   outer loop
     vertex 6.930210113525e+01 -2.914819908142e+01 5.691770172119e+01
     vertex 6.871710205078e+01 -2.455310058594e+01 4.734500122070e+01
     vertex 6.434790039062e+01 -2.697960090637e+01 5.296369934082e+01
   endloop
 endfacet
 facet normal 2.435023927729e-01 8.070767993968e-01 5.378974108408e-01
   outer loop
     vertex 6.434790039062e+01 -2.697960090637e+01 5.296369934082e+01
     vertex 6.871710205078e+01 -2.455310058594e+01 4.734500122070e+01
     vertex 5.843790054321e+01 -2.205279922485e+01 4.824679946899e+01
   endloop
 endfacet
 facet normal 1.824548623202e-01 9.399013201207e-01 2.886099992222e-01
   outer loop
     vertex 5.843790054321e+01 -2.205279922485e+01 4.824679946899e+01
     vertex 6.549120330811e+01 -2.063680076599e+01 3.917639923096e+01
     vertex 5.256480026245e+01 -1.966320037842e+01 4.417760086060e+01
   endloop
 endfacet
 facet normal 1.172319469932e-01 9.485437033408e-01 2.941453950969e-01
   outer loop
     vertex 5.256480026245e+01 -1.966320037842e+01 4.417760086060e+01
     vertex 6.112390136719e+01 -1.730780029297e+01 3.317079925537e+01
     vertex 4.364810180664e+01 -1.635429954529e+01 3.706100082397e+01
   endloop
 endfacet
 facet normal -1.932926637653e-01 9.642015275876e-01 1.815306043956e-01
   outer loop
     vertex 5.269369888306e+01 -1.235089969635e+01 2.542860031128e+01
     vertex 3.470510101318e+01 -1.414200019836e+01 1.578789997101e+01
     vertex 4.364810180664e+01 -1.635429954529e+01 3.706100082397e+01
   endloop
 endfacet
 facet normal 1.679796472775e-01 9.759430388731e-01 -1.389892908670e-01
   outer loop
     vertex 3.470510101318e+01 -1.414200019836e+01 1.578789997101e+01
     vertex 2.158370018005e+01 -1.144989967346e+01 1.883279991150e+01
     vertex 3.114710044861e+01 -1.192090034485e+01 2.708370018005e+01
   endloop
 endfacet
 facet normal 2.681734883472e-02 9.986144933124e-01 -4.527608141012e-02
   outer loop
     vertex 2.158370018005e+01 -1.144989967346e+01 1.883279991150e+01
     vertex 1.837919998169e+01 -1.185879993439e+01 7.915999889374e+00
     vertex 1.531429958344e+01 -1.150839996338e+01 1.382909965515e+01
   endloop
 endfacet
 facet normal 3.273073170431e-02 9.985725499990e-01 -4.220854878487e-02
   outer loop
     vertex 1.531429958344e+01 -1.150839996338e+01 1.382909965515e+01
     vertex 1.837919998169e+01 -1.185879993439e+01 7.915999889374e+00
     vertex 6.232100009918e+00 -1.154240036011e+01 5.981900215149e+00
   endloop
 endfacet
 facet normal -1.857699960118e-01 7.729384546965e-01 -6.066759051036e-01
   outer loop
     vertex 5.757599830627e+00 -1.117749977112e+01 6.592100143433e+00
     vertex 6.232100009918e+00 -1.154240036011e+01 5.981900215149e+00
     vertex 2.743000030518e+00 -1.375800037384e+01 4.227499961853e+00
   endloop
 endfacet
 facet normal -6.314790263474e-01 6.703787789214e-01 -3.896492423388e-01
   outer loop
     vertex 2.743000030518e+00 -1.375800037384e+01 4.227499961853e+00
     vertex 8.659999966621e-01 -1.727589988708e+01 1.217000007629e+00
     vertex 4.417999982834e-01 -1.726670074463e+01 1.920300006866e+00
   endloop
 endfacet
 facet normal 4.654308654944e-01 8.707272690961e-01 -1.587706909276e-01
   outer loop
     vertex 6.232100009918e+00 -1.154240036011e+01 5.981900215149e+00
     vertex 5.757599830627e+00 -1.117749977112e+01 6.592100143433e+00
     vertex 1.112769985199e+01 -1.174250030518e+01 1.923579978943e+01
   endloop
 endfacet
 facet normal -5.102451538231e-02 9.986904302640e-01 3.731397742864e-03
   outer loop
     vertex 1.531429958344e+01 -1.150839996338e+01 1.382909965515e+01
     vertex 1.112769985199e+01 -1.174250030518e+01 1.923579978943e+01
     vertex 1.621559906006e+01 -1.150689983368e+01 2.575230026245e+01
   endloop
 endfacet
 facet normal 4.553256162886e-02 9.773361281735e-01 -2.067386717531e-01
   outer loop
     vertex 2.446279907227e+01 -9.787599563599e+00 3.569649887085e+01
     vertex 3.114710044861e+01 -1.192090034485e+01 2.708370018005e+01
     vertex 1.621559906006e+01 -1.150689983368e+01 2.575230026245e+01
   endloop
 endfacet
 facet normal 4.195556997609e-01 9.019571405317e-01 1.022072964221e-01
   outer loop
     vertex 3.114710044861e+01 -1.192090034485e+01 2.708370018005e+01
     vertex 2.446279907227e+01 -9.787599563599e+00 3.569649887085e+01
     vertex 3.526969909668e+01 -1.619009971619e+01 4.783539962769e+01
   endloop
 endfacet
 facet normal 1.537467083077e-01 9.690469430232e-01 -1.931578937085e-01
   outer loop
     vertex 4.464479827881e+01 -1.637649917603e+01 5.436249923706e+01
     vertex 5.256480026245e+01 -1.966320037842e+01 4.417760086060e+01
     vertex 3.526969909668e+01 -1.619009971619e+01 4.783539962769e+01
   endloop
 endfacet
 facet normal 4.823119245476e-01 8.709414949255e-01 9.400063753005e-02
   outer loop
     vertex 5.256480026245e+01 -1.966320037842e+01 4.417760086060e+01
     vertex 4.464479827881e+01 -1.637649917603e+01 5.436249923706e+01
     vertex 5.144169998169e+01 -2.044820022583e+01 5.721340179443e+01
   endloop
 endfacet
 facet normal 4.465280053887e-01 8.739244104616e-01 1.920126693812e-01
   outer loop
     vertex 5.843790054321e+01 -2.205279922485e+01 4.824679946899e+01
     vertex 5.144169998169e+01 -2.044820022583e+01 5.721340179443e+01
     vertex 6.002370071411e+01 -2.511070060730e+01 5.847669982910e+01
   endloop
 endfacet
 facet normal 3.993541228894e-01 9.167934859072e-01 2.447188067905e-03
   outer loop
     vertex 6.930210113525e+01 -2.914819908142e+01 5.691770172119e+01
     vertex 6.434790039062e+01 -2.697960090637e+01 5.296369934082e+01
     vertex 6.002370071411e+01 -2.511070060730e+01 5.847669982910e+01
   endloop
 endfacet
 facet normal -5.720478488273e-01 6.877292561051e-01 -4.469784434949e-01
   outer loop
     vertex 3.160700082779e+00 -1.376379966736e+01 3.684000015259e+00
     vertex 8.659999966621e-01 -1.727589988708e+01 1.217000007629e+00
     vertex 2.743000030518e+00 -1.375800037384e+01 4.227499961853e+00
   endloop
 endfacet
 facet normal -2.959312294297e-01 9.538392919035e-01 5.114012777902e-02
   outer loop
     vertex 2.701320075989e+01 -9.391900062561e+00 1.186680030823e+01
     vertex 1.837919998169e+01 -1.185879993439e+01 7.915999889374e+00
     vertex 2.158370018005e+01 -1.144989967346e+01 1.883279991150e+01
   endloop
 endfacet
 facet normal 2.522794554622e-02 9.992950103321e-01 2.780347260314e-02
   outer loop
     vertex 3.114710044861e+01 -1.192090034485e+01 2.708370018005e+01
     vertex 2.158370018005e+01 -1.144989967346e+01 1.883279991150e+01
     vertex 1.621559906006e+01 -1.150689983368e+01 2.575230026245e+01
   endloop
 endfacet
 facet normal 2.803592488004e-01 8.389785433353e-01 4.663836354708e-01
   outer loop
     vertex 3.470510101318e+01 -1.414200019836e+01 1.578789997101e+01
     vertex 2.701320075989e+01 -9.391900062561e+00 1.186680030823e+01
     vertex 2.158370018005e+01 -1.144989967346e+01 1.883279991150e+01
   endloop
 endfacet
 facet normal 1.422421266875e-01 8.966771445926e-01 4.192103001606e-01
   outer loop
     vertex 6.112390136719e+01 -1.730780029297e+01 3.317079925537e+01
     vertex 5.269369888306e+01 -1.235089969635e+01 2.542860031128e+01
     vertex 4.364810180664e+01 -1.635429954529e+01 3.706100082397e+01
   endloop
 endfacet
 facet normal 3.246109261298e-01 9.420479611420e-01 8.469584137021e-02
   outer loop
     vertex 5.843790054321e+01 -2.205279922485e+01 4.824679946899e+01
     vertex 5.256480026245e+01 -1.966320037842e+01 4.417760086060e+01
     vertex 5.144169998169e+01 -2.044820022583e+01 5.721340179443e+01
   endloop
 endfacet
 facet normal 2.061798589957e-01 9.116815024906e-01 3.554246808552e-01
   outer loop
     vertex 6.549120330811e+01 -2.063680076599e+01 3.917639923096e+01
     vertex 6.112390136719e+01 -1.730780029297e+01 3.317079925537e+01
     vertex 5.256480026245e+01 -1.966320037842e+01 4.417760086060e+01
   endloop
 endfacet
 facet normal -1.612060765331e-01 -9.082155631795e-01 -3.862086116173e-01
   outer loop
     vertex 6.112390136719e+01 -1.730780029297e+01 3.317079925537e+01
     vertex 6.549120330811e+01 -2.063680076599e+01 3.917639923096e+01
     vertex 5.256480026245e+01 -2.046910095215e+01 4.417760086060e+01
   endloop
 endfacet
 facet normal -3.591366483729e-01 -9.328203532732e-01 -2.944581998909e-02
   outer loop
     vertex 5.256480026245e+01 -2.046910095215e+01 4.417760086060e+01
     vertex 5.843790054321e+01 -2.285869979858e+01 4.824679946899e+01
     vertex 5.144169998169e+01 -2.044820022583e+01 5.721340179443e+01
   endloop
 endfacet
 facet normal -1.077094360330e-01 -8.863936254531e-01 -4.502277403111e-01
   outer loop
     vertex 5.269369888306e+01 -1.235089969635e+01 2.542860031128e+01
     vertex 6.112390136719e+01 -1.730780029297e+01 3.317079925537e+01
     vertex 4.364810180664e+01 -1.716020011902e+01 3.706100082397e+01
   endloop
 endfacet
 facet normal -2.389305236019e-01 -8.183632997741e-01 -5.226793610562e-01
   outer loop
     vertex 3.470510101318e+01 -1.414200019836e+01 1.578789997101e+01
     vertex 2.158370018005e+01 -1.225580024719e+01 1.883279991150e+01
     vertex 2.701320075989e+01 -9.391900062561e+00 1.186680030823e+01
   endloop
 endfacet
 facet normal -8.505561344076e-02 -9.955007886642e-01 4.175790213962e-02
   outer loop
     vertex 2.158370018005e+01 -1.225580024719e+01 1.883279991150e+01
     vertex 3.114710044861e+01 -1.272679996490e+01 2.708370018005e+01
     vertex 1.621559906006e+01 -1.150689983368e+01 2.575230026245e+01
   endloop
 endfacet
 facet normal 3.269411103554e-01 -9.360591754961e-01 -1.300105008415e-01
   outer loop
     vertex 1.837919998169e+01 -1.185879993439e+01 7.915999889374e+00
     vertex 2.701320075989e+01 -9.391900062561e+00 1.186680030823e+01
     vertex 2.158370018005e+01 -1.225580024719e+01 1.883279991150e+01
   endloop
 endfacet
 facet normal 5.720472019400e-01 -6.877293324609e-01 4.469791539049e-01
   outer loop
     vertex 8.659999966621e-01 -1.808180046082e+01 1.217000007629e+00
     vertex 3.160700082779e+00 -1.456970024109e+01 3.684000015259e+00
     vertex 2.743000030518e+00 -1.456389999390e+01 4.227499961853e+00
   endloop
 endfacet
 facet normal -3.728532685090e-01 -9.154081235790e-01 1.516852248828e-01
   outer loop
     vertex 6.434790039062e+01 -2.778549957275e+01 5.296369934082e+01
     vertex 6.930210113525e+01 -2.914819908142e+01 5.691770172119e+01
     vertex 6.002370071411e+01 -2.511070060730e+01 5.847669982910e+01
   endloop
 endfacet
 facet normal -4.598337145794e-01 -8.795374636365e-01 -1.223388940444e-01
   outer loop
     vertex 5.843790054321e+01 -2.285869979858e+01 4.824679946899e+01
     vertex 6.002370071411e+01 -2.511070060730e+01 5.847669982910e+01
     vertex 5.144169998169e+01 -2.044820022583e+01 5.721340179443e+01
   endloop
 endfacet
 facet normal -5.005098534175e-01 -8.647242767921e-01 -4.173501837044e-02
   outer loop
     vertex 5.256480026245e+01 -2.046910095215e+01 4.417760086060e+01
     vertex 5.144169998169e+01 -2.044820022583e+01 5.721340179443e+01
     vertex 4.464479827881e+01 -1.637649917603e+01 5.436249923706e+01
   endloop
 endfacet
 facet normal -1.852985773056e-01 -9.531930769669e-01 2.389296868764e-01
   outer loop
     vertex 5.256480026245e+01 -2.046910095215e+01 4.417760086060e+01
     vertex 4.464479827881e+01 -1.637649917603e+01 5.436249923706e+01
     vertex 3.526969909668e+01 -1.619009971619e+01 4.783539962769e+01
   endloop
 endfacet
 facet normal -4.615424187193e-01 -8.853446931674e-01 -5.606576498187e-02
   outer loop
     vertex 3.114710044861e+01 -1.272679996490e+01 2.708370018005e+01
     vertex 3.526969909668e+01 -1.619009971619e+01 4.783539962769e+01
     vertex 2.446279907227e+01 -9.787599563599e+00 3.569649887085e+01
   endloop
 endfacet
 facet normal -1.009814983979e-01 -9.629058018894e-01 2.502302013526e-01
   outer loop
     vertex 3.114710044861e+01 -1.272679996490e+01 2.708370018005e+01
     vertex 2.446279907227e+01 -9.787599563599e+00 3.569649887085e+01
     vertex 1.621559906006e+01 -1.150689983368e+01 2.575230026245e+01
   endloop
 endfacet
 facet normal -4.460061379177e-02 -9.964893393536e-01 7.085041851756e-02
   outer loop
     vertex 1.531429958344e+01 -1.231429958344e+01 1.382909965515e+01
     vertex 1.621559906006e+01 -1.150689983368e+01 2.575230026245e+01
     vertex 1.112769985199e+01 -1.174250030518e+01 1.923579978943e+01
   endloop
 endfacet
 facet normal -7.203340666334e-02 -9.961694468919e-01 4.957440270556e-02
   outer loop
     vertex 5.757599830627e+00 -1.198340034485e+01 6.592100143433e+00
     vertex 1.531429958344e+01 -1.231429958344e+01 1.382909965515e+01
     vertex 1.112769985199e+01 -1.174250030518e+01 1.923579978943e+01
   endloop
 endfacet
 facet normal 6.314779862435e-01 -6.703790644073e-01 3.896504367946e-01
   outer loop
     vertex 8.659999966621e-01 -1.808180046082e+01 1.217000007629e+00
     vertex 2.743000030518e+00 -1.456389999390e+01 4.227499961853e+00
     vertex 4.417999982834e-01 -1.807259941101e+01 1.920300006866e+00
   endloop
 endfacet
 facet normal 1.857705154952e-01 -7.729387992309e-01 6.066753070764e-01
   outer loop
     vertex 6.232100009918e+00 -1.234829998016e+01 5.981900215149e+00
     vertex 5.757599830627e+00 -1.198340034485e+01 6.592100143433e+00
     vertex 2.743000030518e+00 -1.456389999390e+01 4.227499961853e+00
   endloop
 endfacet
 facet normal 4.843366563030e-02 -9.974857107056e-01 -5.173429202868e-02
   outer loop
     vertex 1.837919998169e+01 -1.185879993439e+01 7.915999889374e+00
     vertex 1.531429958344e+01 -1.231429958344e+01 1.382909965515e+01
     vertex 6.232100009918e+00 -1.234829998016e+01 5.981900215149e+00
   endloop
 endfacet
 facet normal 4.996247933852e-02 -9.974512253908e-01 -5.093921500001e-02
   outer loop
     vertex 1.837919998169e+01 -1.185879993439e+01 7.915999889374e+00
     vertex 2.158370018005e+01 -1.225580024719e+01 1.883279991150e+01
     vertex 1.531429958344e+01 -1.231429958344e+01 1.382909965515e+01
   endloop
 endfacet
 facet normal -1.223356460300e-01 -9.888120970159e-01 8.535002346537e-02
   outer loop
     vertex 2.158370018005e+01 -1.225580024719e+01 1.883279991150e+01
     vertex 3.470510101318e+01 -1.414200019836e+01 1.578789997101e+01
     vertex 3.114710044861e+01 -1.272679996490e+01 2.708370018005e+01
   endloop
 endfacet
 facet normal 2.153819573513e-01 -9.501717624479e-01 -2.253535761736e-01
   outer loop
     vertex 5.269369888306e+01 -1.235089969635e+01 2.542860031128e+01
     vertex 4.364810180664e+01 -1.716020011902e+01 3.706100082397e+01
     vertex 3.470510101318e+01 -1.414200019836e+01 1.578789997101e+01
   endloop
 endfacet
 facet normal -8.220317394552e-02 -9.391072173411e-01 -3.336469279511e-01
   outer loop
     vertex 6.112390136719e+01 -1.730780029297e+01 3.317079925537e+01
     vertex 5.256480026245e+01 -2.046910095215e+01 4.417760086060e+01
     vertex 4.364810180664e+01 -1.716020011902e+01 3.706100082397e+01
   endloop
 endfacet
 facet normal -1.432884586090e-01 -9.297463417627e-01 -3.391757031517e-01
   outer loop
     vertex 6.549120330811e+01 -2.063680076599e+01 3.917639923096e+01
     vertex 5.843790054321e+01 -2.285869979858e+01 4.824679946899e+01
     vertex 5.256480026245e+01 -2.046910095215e+01 4.417760086060e+01
   endloop
 endfacet
 facet normal -1.813580711122e-01 -7.848538664206e-01 -5.925484439327e-01
   outer loop
     vertex 6.871710205078e+01 -2.455310058594e+01 4.734500122070e+01
     vertex 6.434790039062e+01 -2.778549957275e+01 5.296369934082e+01
     vertex 5.843790054321e+01 -2.285869979858e+01 4.824679946899e+01
   endloop
 endfacet
 facet normal 1.015974249737e-01 -8.944144218666e-01 -4.355465591595e-01
   outer loop
     vertex 6.871710205078e+01 -2.455310058594e+01 4.734500122070e+01
     vertex 6.930210113525e+01 -2.914819908142e+01 5.691770172119e+01
     vertex 6.434790039062e+01 -2.778549957275e+01 5.296369934082e+01
   endloop
 endfacet
 facet normal 3.929607116507e-01 -8.652814352873e-01 3.112393240676e-01
   outer loop
     vertex 3.160700082779e+00 -1.456970024109e+01 3.684000015259e+00
     vertex 6.232100009918e+00 -1.234829998016e+01 5.981900215149e+00
     vertex 2.743000030518e+00 -1.456389999390e+01 4.227499961853e+00
   endloop
 endfacet
 facet normal -4.741173140547e-02 -9.963451096903e-01 7.105314997529e-02
   outer loop
     vertex 2.158370018005e+01 -1.225580024719e+01 1.883279991150e+01
     vertex 1.621559906006e+01 -1.150689983368e+01 2.575230026245e+01
     vertex 1.531429958344e+01 -1.231429958344e+01 1.382909965515e+01
   endloop
 endfacet
 facet normal -2.529562581381e-01 -9.611855157325e-01 -1.101614080100e-01
   outer loop
     vertex 3.114710044861e+01 -1.272679996490e+01 2.708370018005e+01
     vertex 4.364810180664e+01 -1.716020011902e+01 3.706100082397e+01
     vertex 3.526969909668e+01 -1.619009971619e+01 4.783539962769e+01
   endloop
 endfacet
 facet normal -3.414490945400e-01 -9.398449446510e-01 1.019783563866e-02
   outer loop
     vertex 3.470510101318e+01 -1.414200019836e+01 1.578789997101e+01
     vertex 4.364810180664e+01 -1.716020011902e+01 3.706100082397e+01
     vertex 3.114710044861e+01 -1.272679996490e+01 2.708370018005e+01
   endloop
 endfacet
 facet normal -2.618273412786e-01 -9.579536771201e-01 -1.173507386051e-01
   outer loop
     vertex 4.364810180664e+01 -1.716020011902e+01 3.706100082397e+01
     vertex 5.256480026245e+01 -2.046910095215e+01 4.417760086060e+01
     vertex 3.526969909668e+01 -1.619009971619e+01 4.783539962769e+01
   endloop
 endfacet
 facet normal -5.983713046156e-01 -7.969414539908e-01 -8.268071554877e-02
   outer loop
     vertex 5.843790054321e+01 -2.285869979858e+01 4.824679946899e+01
     vertex 6.434790039062e+01 -2.778549957275e+01 5.296369934082e+01
     vertex 6.002370071411e+01 -2.511070060730e+01 5.847669982910e+01
   endloop
 endfacet
 facet normal -1.825200026213e-01 -9.127347648079e-01 -3.655156600670e-01
   outer loop
     vertex 6.549120330811e+01 -2.063680076599e+01 3.917639923096e+01
     vertex 6.871710205078e+01 -2.455310058594e+01 4.734500122070e+01
     vertex 5.843790054321e+01 -2.285869979858e+01 4.824679946899e+01
   endloop
 endfacet
 facet normal -6.101902997610e-01 0.000000000000e+00 -7.922548820156e-01
   outer loop
     vertex 4.065299987793e+00 -1.299129962921e+01 -3.253299951553e+00
     vertex 6.364200115204e+00 -1.155029964447e+01 -5.023900032043e+00
     vertex 6.364200115204e+00 -1.235519981384e+01 -5.023900032043e+00
   endloop
 endfacet
 facet normal -8.842395897806e-01 0.000000000000e+00 4.670335618182e-01
   outer loop
     vertex 9.365000128746e-01 -1.814520072937e+01 -7.993000149727e-01
     vertex 1.401399970055e+00 -1.726359939575e+01 8.089999854565e-02
     vertex 9.365000128746e-01 -1.734029960632e+01 -7.993000149727e-01
   endloop
 endfacet
 facet normal 5.883673217577e-01 0.000000000000e+00 8.085937760629e-01
   outer loop
     vertex 6.799600124359e+00 -1.154940032959e+01 -4.274300098419e+00
     vertex 4.268000125885e+00 -1.271100044250e+01 -2.432199954987e+00
     vertex 4.268000125885e+00 -1.351589965820e+01 -2.432199954987e+00
   endloop
 endfacet
 facet normal 1.292448492064e-01 0.000000000000e+00 9.916127111699e-01
   outer loop
     vertex 2.041880035400e+01 -1.196300029755e+01 -6.049399852753e+00
     vertex 6.799600124359e+00 -1.154940032959e+01 -4.274300098419e+00
     vertex 6.799600124359e+00 -1.235429954529e+01 -4.274300098419e+00
   endloop
 endfacet
 facet normal 6.592211186518e-01 0.000000000000e+00 7.519491450381e-01
   outer loop
     vertex 4.268000125885e+00 -1.271100044250e+01 -2.432199954987e+00
     vertex 1.401399970055e+00 -1.726359939575e+01 8.089999854565e-02
     vertex 1.401399970055e+00 -1.806850051880e+01 8.089999854565e-02
   endloop
 endfacet
 facet normal -6.171460344083e-01 -0.000000000000e+00 -7.868486336101e-01
   outer loop
     vertex 4.065299987793e+00 -1.299129962921e+01 -3.253299951553e+00
     vertex 4.065299987793e+00 -1.379619979858e+01 -3.253299951553e+00
     vertex 9.365000128746e-01 -1.734029960632e+01 -7.993000149727e-01
   endloop
 endfacet
 facet normal -9.059020981022e-01 0.000000000000e+00 -4.234871764931e-01
   outer loop
     vertex 1.228520011902e+01 -1.177149963379e+01 -1.768980026245e+01
     vertex 6.364200115204e+00 -1.235519981384e+01 -5.023900032043e+00
     vertex 6.364200115204e+00 -1.155029964447e+01 -5.023900032043e+00
   endloop
 endfacet
 facet normal -1.362656777554e-01 9.906397182606e-01 -8.038262898462e-03
   outer loop
     vertex 3.253160095215e+01 -1.271850013733e+01 -4.140110015869e+01
     vertex 2.719630050659e+01 -1.340299987793e+01 -3.531449890137e+01
     vertex 3.389429855347e+01 -1.238809967041e+01 -2.378300094604e+01
   endloop
 endfacet
 facet normal 4.768236260399e-01 8.789725937529e-01 -6.812421113135e-03
   outer loop
     vertex 5.396969985962e+01 -2.125189971924e+01 -3.996829986572e+01
     vertex 3.972529983521e+01 -1.358539962769e+01 -4.781029891968e+01
     vertex 4.724549865723e+01 -1.756459999084e+01 -3.486330032349e+01
   endloop
 endfacet
 facet normal 4.428522989759e-01 6.044509103493e-01 -6.622091348431e-01
   outer loop
     vertex 5.966730117798e+01 -3.016530036926e+01 -4.429399871826e+01
     vertex 5.396969985962e+01 -2.125189971924e+01 -3.996829986572e+01
     vertex 6.485099792480e+01 -2.604129981995e+01 -3.706309890747e+01
   endloop
 endfacet
 facet normal 1.920343207483e-01 9.681642153826e-01 -1.605642292270e-01
   outer loop
     vertex 4.724549865723e+01 -1.756459999084e+01 -3.486330032349e+01
     vertex 3.966979980469e+01 -1.510809993744e+01 -2.911170005798e+01
     vertex 5.423720169067e+01 -1.695509910583e+01 -2.282609939575e+01
   endloop
 endfacet
 facet normal 5.571848016668e-03 9.736261248135e-01 -2.280813968530e-01
   outer loop
     vertex 3.928829956055e+01 -1.024820041656e+01 -1.451650047302e+01
     vertex 3.389429855347e+01 -1.238809967041e+01 -2.378300094604e+01
     vertex 2.873320007324e+01 -1.166559982300e+01 -2.082489967346e+01
   endloop
 endfacet
 facet normal -2.346712586002e-01 9.708649551295e-01 -4.848339188181e-02
   outer loop
     vertex 2.873320007324e+01 -1.166559982300e+01 -2.082489967346e+01
     vertex 2.598539924622e+01 -1.175920009613e+01 -9.399200439453e+00
     vertex 3.383330154419e+01 -9.996000289917e+00 -1.207740020752e+01
   endloop
 endfacet
 facet normal -6.943536751515e-02 9.619179301458e-01 2.643721343147e-01
   outer loop
     vertex 2.222739982605e+01 -1.155420017242e+01 -1.586919975281e+01
     vertex 1.750639915466e+01 -9.655900001526e+00 -2.401609992981e+01
     vertex 1.228520011902e+01 -1.177149963379e+01 -1.768980026245e+01
   endloop
 endfacet
 facet normal -5.941012921185e-01 7.946786475525e-01 -1.246174218448e-01
   outer loop
     vertex 6.364200115204e+00 -1.155029964447e+01 -5.023900032043e+00
     vertex 4.065299987793e+00 -1.299129962921e+01 -3.253299951553e+00
     vertex 4.268000125885e+00 -1.271100044250e+01 -2.432199954987e+00
   endloop
 endfacet
 facet normal 7.503292780771e-01 6.606267714132e-01 2.404669109170e-02
   outer loop
     vertex 5.966730117798e+01 -3.016530036926e+01 -4.429399871826e+01
     vertex 6.601319885254e+01 -3.719749832153e+01 -4.911190032959e+01
     vertex 5.545719909668e+01 -2.504570007324e+01 -5.357519912720e+01
   endloop
 endfacet
 facet normal 8.259433336142e-01 5.598980851913e-01 -6.581598481692e-02
   outer loop
     vertex 5.396969985962e+01 -2.125189971924e+01 -3.996829986572e+01
     vertex 5.966730117798e+01 -3.016530036926e+01 -4.429399871826e+01
     vertex 5.545719909668e+01 -2.504570007324e+01 -5.357519912720e+01
   endloop
 endfacet
 facet normal 2.825361196477e-01 8.902874044910e-01 3.571577781585e-01
   outer loop
     vertex 5.396969985962e+01 -2.125189971924e+01 -3.996829986572e+01
     vertex 4.742300033569e+01 -1.429069995880e+01 -5.214160156250e+01
     vertex 3.972529983521e+01 -1.358539962769e+01 -4.781029891968e+01
   endloop
 endfacet
 facet normal 2.486728388752e-01 9.569531245456e-01 1.496747695107e-01
   outer loop
     vertex 3.972529983521e+01 -1.358539962769e+01 -4.781029891968e+01
     vertex 3.253160095215e+01 -1.271850013733e+01 -4.140110015869e+01
     vertex 4.724549865723e+01 -1.756459999084e+01 -3.486330032349e+01
   endloop
 endfacet
 facet normal 3.894815913061e-01 9.198150485838e-01 -4.737474466954e-02
   outer loop
     vertex 3.253160095215e+01 -1.271850013733e+01 -4.140110015869e+01
     vertex 3.389429855347e+01 -1.238809967041e+01 -2.378300094604e+01
     vertex 3.966979980469e+01 -1.510809993744e+01 -2.911170005798e+01
   endloop
 endfacet
 facet normal -1.917631140547e-01 9.811218932728e-01 2.503474842861e-02
   outer loop
     vertex 2.719630050659e+01 -1.340299987793e+01 -3.531449890137e+01
     vertex 2.314450073242e+01 -1.431830024719e+01 -3.047979927063e+01
     vertex 3.389429855347e+01 -1.238809967041e+01 -2.378300094604e+01
   endloop
 endfacet
 facet normal 5.451570911360e-01 8.293099468085e-01 -1.226733797882e-01
   outer loop
     vertex 2.314450073242e+01 -1.431830024719e+01 -3.047979927063e+01
     vertex 1.750639915466e+01 -9.655900001526e+00 -2.401609992981e+01
     vertex 2.222739982605e+01 -1.155420017242e+01 -1.586919975281e+01
   endloop
 endfacet
 facet normal -2.397003676681e-02 9.996455446640e-01 1.158543788030e-02
   outer loop
     vertex 2.222739982605e+01 -1.155420017242e+01 -1.586919975281e+01
     vertex 1.228520011902e+01 -1.177149963379e+01 -1.768980026245e+01
     vertex 1.675860023499e+01 -1.172640037537e+01 -1.232579994202e+01
   endloop
 endfacet
 facet normal 6.957904185777e-03 9.998748327537e-01 -1.420937701552e-02
   outer loop
     vertex 1.675860023499e+01 -1.172640037537e+01 -1.232579994202e+01
     vertex 1.228520011902e+01 -1.177149963379e+01 -1.768980026245e+01
     vertex 6.364200115204e+00 -1.155029964447e+01 -5.023900032043e+00
   endloop
 endfacet
 facet normal -3.027542904544e-01 9.369149977111e-01 1.747287230980e-01
   outer loop
     vertex 6.364200115204e+00 -1.155029964447e+01 -5.023900032043e+00
     vertex 4.268000125885e+00 -1.271100044250e+01 -2.432199954987e+00
     vertex 6.799600124359e+00 -1.154940032959e+01 -4.274300098419e+00
   endloop
 endfacet
 facet normal -7.113033232181e-01 6.251954673389e-01 3.212136516368e-01
   outer loop
     vertex 1.401399970055e+00 -1.726359939575e+01 8.089999854565e-02
     vertex 4.268000125885e+00 -1.271100044250e+01 -2.432199954987e+00
     vertex 9.365000128746e-01 -1.734029960632e+01 -7.993000149727e-01
   endloop
 endfacet
 facet normal 3.276662174042e-02 9.992906571418e-01 1.856154758526e-02
   outer loop
     vertex 1.675860023499e+01 -1.172640037537e+01 -1.232579994202e+01
     vertex 6.799600124359e+00 -1.154940032959e+01 -4.274300098419e+00
     vertex 2.041880035400e+01 -1.196300029755e+01 -6.049399852753e+00
   endloop
 endfacet
 facet normal -7.956408126226e-03 9.993098387749e-01 3.628417971358e-02
   outer loop
     vertex 2.598539924622e+01 -1.175920009613e+01 -9.399200439453e+00
     vertex 2.222739982605e+01 -1.155420017242e+01 -1.586919975281e+01
     vertex 1.675860023499e+01 -1.172640037537e+01 -1.232579994202e+01
   endloop
 endfacet
 facet normal 2.858827437274e-02 9.994777706608e-01 1.506308478486e-02
   outer loop
     vertex 2.873320007324e+01 -1.166559982300e+01 -2.082489967346e+01
     vertex 2.222739982605e+01 -1.155420017242e+01 -1.586919975281e+01
     vertex 2.598539924622e+01 -1.175920009613e+01 -9.399200439453e+00
   endloop
 endfacet
 facet normal -3.055483158696e-02 9.849397102725e-01 -1.701768767930e-01
   outer loop
     vertex 3.928829956055e+01 -1.024820041656e+01 -1.451650047302e+01
     vertex 2.873320007324e+01 -1.166559982300e+01 -2.082489967346e+01
     vertex 3.383330154419e+01 -9.996000289917e+00 -1.207740020752e+01
   endloop
 endfacet
 facet normal -2.733048316031e-01 9.104974253371e-01 -3.103206526755e-01
   outer loop
     vertex 4.625630187988e+01 -9.266200065613e+00 -1.777210044861e+01
     vertex 3.966979980469e+01 -1.510809993744e+01 -2.911170005798e+01
     vertex 3.928829956055e+01 -1.024820041656e+01 -1.451650047302e+01
   endloop
 endfacet
 facet normal 3.439369623432e-01 7.383348497638e-01 -5.801456847710e-01
   outer loop
     vertex 4.625630187988e+01 -9.266200065613e+00 -1.777210044861e+01
     vertex 5.423720169067e+01 -1.695509910583e+01 -2.282609939575e+01
     vertex 3.966979980469e+01 -1.510809993744e+01 -2.911170005798e+01
   endloop
 endfacet
 facet normal -1.965779538018e-01 9.517852969148e-01 -2.355034111342e-01
   outer loop
     vertex 6.068610000610e+01 -1.722290039062e+01 -2.929140090942e+01
     vertex 5.396969985962e+01 -2.125189971924e+01 -3.996829986572e+01
     vertex 5.423720169067e+01 -1.695509910583e+01 -2.282609939575e+01
   endloop
 endfacet
 facet normal 4.550522050341e-01 6.999903495442e-01 -5.504007642061e-01
   outer loop
     vertex 6.068610000610e+01 -1.722290039062e+01 -2.929140090942e+01
     vertex 6.485099792480e+01 -2.604129981995e+01 -3.706309890747e+01
     vertex 5.396969985962e+01 -2.125189971924e+01 -3.996829986572e+01
   endloop
 endfacet
 facet normal 3.113186380689e-01 7.120824516821e-01 -6.293006337176e-01
   outer loop
     vertex 6.485099792480e+01 -2.604129981995e+01 -3.706309890747e+01
     vertex 6.601319885254e+01 -3.719749832153e+01 -4.911190032959e+01
     vertex 5.966730117798e+01 -3.016530036926e+01 -4.429399871826e+01
   endloop
 endfacet
 facet normal -8.115218593220e-01 5.843214205524e-01 8.656363368789e-04
   outer loop
     vertex 9.365000128746e-01 -1.734029960632e+01 -7.993000149727e-01
     vertex 4.268000125885e+00 -1.271100044250e+01 -2.432199954987e+00
     vertex 4.065299987793e+00 -1.299129962921e+01 -3.253299951553e+00
   endloop
 endfacet
 facet normal 1.143265018865e-02 9.999039083635e-01 -7.840188074892e-03
   outer loop
     vertex 1.675860023499e+01 -1.172640037537e+01 -1.232579994202e+01
     vertex 6.364200115204e+00 -1.155029964447e+01 -5.023900032043e+00
     vertex 6.799600124359e+00 -1.154940032959e+01 -4.274300098419e+00
   endloop
 endfacet
 facet normal -1.297278034741e-01 9.727489889572e-01 -1.921720621957e-01
   outer loop
     vertex 2.873320007324e+01 -1.166559982300e+01 -2.082489967346e+01
     vertex 2.314450073242e+01 -1.431830024719e+01 -3.047979927063e+01
     vertex 2.222739982605e+01 -1.155420017242e+01 -1.586919975281e+01
   endloop
 endfacet
 facet normal -1.029847423227e-02 9.989931674175e-01 4.366454948418e-02
   outer loop
     vertex 2.598539924622e+01 -1.175920009613e+01 -9.399200439453e+00
     vertex 1.675860023499e+01 -1.172640037537e+01 -1.232579994202e+01
     vertex 2.041880035400e+01 -1.196300029755e+01 -6.049399852753e+00
   endloop
 endfacet
 facet normal 1.574097225979e-01 9.381818662516e-01 -3.082806595755e-01
   outer loop
     vertex 3.928829956055e+01 -1.024820041656e+01 -1.451650047302e+01
     vertex 3.966979980469e+01 -1.510809993744e+01 -2.911170005798e+01
     vertex 3.389429855347e+01 -1.238809967041e+01 -2.378300094604e+01
   endloop
 endfacet
 facet normal 3.242780510991e-01 9.163701117790e-01 -2.347542626098e-01
   outer loop
     vertex 5.396969985962e+01 -2.125189971924e+01 -3.996829986572e+01
     vertex 4.724549865723e+01 -1.756459999084e+01 -3.486330032349e+01
     vertex 5.423720169067e+01 -1.695509910583e+01 -2.282609939575e+01
   endloop
 endfacet
 facet normal 7.932364987183e-01 6.034309149900e-01 -8.152906190719e-02
   outer loop
     vertex 5.396969985962e+01 -2.125189971924e+01 -3.996829986572e+01
     vertex 5.545719909668e+01 -2.504570007324e+01 -5.357519912720e+01
     vertex 4.742300033569e+01 -1.429069995880e+01 -5.214160156250e+01
   endloop
 endfacet
 facet normal -1.268356116234e-02 9.660404341418e-01 -2.580794584607e-01
   outer loop
     vertex 3.389429855347e+01 -1.238809967041e+01 -2.378300094604e+01
     vertex 2.314450073242e+01 -1.431830024719e+01 -3.047979927063e+01
     vertex 2.873320007324e+01 -1.166559982300e+01 -2.082489967346e+01
   endloop
 endfacet
 facet normal 3.112096361135e-01 9.503327726941e-01 4.022876288333e-03
   outer loop
     vertex 4.724549865723e+01 -1.756459999084e+01 -3.486330032349e+01
     vertex 3.253160095215e+01 -1.271850013733e+01 -4.140110015869e+01
     vertex 3.966979980469e+01 -1.510809993744e+01 -2.911170005798e+01
   endloop
 endfacet
 facet normal 8.925090183306e-02 -9.954384545546e-01 -3.371290132786e-02
   outer loop
     vertex 3.253160095215e+01 -1.271850013733e+01 -4.140110015869e+01
     vertex 3.389429855347e+01 -1.319299983978e+01 -2.378300094604e+01
     vertex 2.719630050659e+01 -1.340299987793e+01 -3.531449890137e+01
   endloop
 endfacet
 facet normal -4.983884389472e-01 -8.664113513043e-01 -3.066487004402e-02
   outer loop
     vertex 3.972529983521e+01 -1.358539962769e+01 -4.781029891968e+01
     vertex 5.396969985962e+01 -2.205680084229e+01 -3.996829986572e+01
     vertex 4.724549865723e+01 -1.836949920654e+01 -3.486330032349e+01
   endloop
 endfacet
 facet normal -4.034875700719e-01 -5.951790921453e-01 6.949529689630e-01
   outer loop
     vertex 5.396969985962e+01 -2.205680084229e+01 -3.996829986572e+01
     vertex 5.966730117798e+01 -3.097019958496e+01 -4.429399871826e+01
     vertex 6.485099792480e+01 -2.604129981995e+01 -3.706309890747e+01
   endloop
 endfacet
 facet normal -1.575701982027e-01 -9.659889331080e-01 2.050292997385e-01
   outer loop
     vertex 4.724549865723e+01 -1.836949920654e+01 -3.486330032349e+01
     vertex 5.423720169067e+01 -1.695509910583e+01 -2.282609939575e+01
     vertex 3.966979980469e+01 -1.591300010681e+01 -2.911170005798e+01
   endloop
 endfacet
 facet normal 3.026571585048e-02 -9.575477991053e-01 2.866813542464e-01
   outer loop
     vertex 3.389429855347e+01 -1.319299983978e+01 -2.378300094604e+01
     vertex 3.928829956055e+01 -1.024820041656e+01 -1.451650047302e+01
     vertex 2.873320007324e+01 -1.247049999237e+01 -2.082489967346e+01
   endloop
 endfacet
 facet normal 2.568622032036e-01 -9.587850422320e-01 1.214621396054e-01
   outer loop
     vertex 2.873320007324e+01 -1.247049999237e+01 -2.082489967346e+01
     vertex 3.383330154419e+01 -9.996000289917e+00 -1.207740020752e+01
     vertex 2.598539924622e+01 -1.175920009613e+01 -9.399200439453e+00
   endloop
 endfacet
 facet normal 1.760251726364e-03 -9.488101347668e-01 -3.158420961140e-01
   outer loop
     vertex 1.750639915466e+01 -9.655900001526e+00 -2.401609992981e+01
     vertex 2.222739982605e+01 -1.235910034180e+01 -1.586919975281e+01
     vertex 1.228520011902e+01 -1.177149963379e+01 -1.768980026245e+01
   endloop
 endfacet
 facet normal 5.941016211874e-01 -7.946782887487e-01 1.246181411111e-01
   outer loop
     vertex 4.065299987793e+00 -1.379619979858e+01 -3.253299951553e+00
     vertex 6.364200115204e+00 -1.235519981384e+01 -5.023900032043e+00
     vertex 4.268000125885e+00 -1.351589965820e+01 -2.432199954987e+00
   endloop
 endfacet
 facet normal -7.335491267711e-01 -6.727257275058e-01 -9.667354428757e-02
   outer loop
     vertex 6.601319885254e+01 -3.719749832153e+01 -4.911190032959e+01
     vertex 5.966730117798e+01 -3.097019958496e+01 -4.429399871826e+01
     vertex 5.545719909668e+01 -2.504570007324e+01 -5.357519912720e+01
   endloop
 endfacet
 facet normal -8.357491146228e-01 -5.483406524447e-01 2.908515572975e-02
   outer loop
     vertex 5.966730117798e+01 -3.097019958496e+01 -4.429399871826e+01
     vertex 5.396969985962e+01 -2.205680084229e+01 -3.996829986572e+01
     vertex 5.545719909668e+01 -2.504570007324e+01 -5.357519912720e+01
   endloop
 endfacet
 facet normal -3.006368673130e-01 -8.691055235145e-01 -3.927760978075e-01
   outer loop
     vertex 4.742300033569e+01 -1.429069995880e+01 -5.214160156250e+01
     vertex 5.396969985962e+01 -2.205680084229e+01 -3.996829986572e+01
     vertex 3.972529983521e+01 -1.358539962769e+01 -4.781029891968e+01
   endloop
 endfacet
 facet normal -2.791885482346e-01 -9.420616319731e-01 -1.859398722676e-01
   outer loop
     vertex 3.253160095215e+01 -1.271850013733e+01 -4.140110015869e+01
     vertex 3.972529983521e+01 -1.358539962769e+01 -4.781029891968e+01
     vertex 4.724549865723e+01 -1.836949920654e+01 -3.486330032349e+01
   endloop
 endfacet
 facet normal -4.199722183864e-01 -9.075013282964e-01 8.042072113026e-03
   outer loop
     vertex 3.253160095215e+01 -1.271850013733e+01 -4.140110015869e+01
     vertex 3.966979980469e+01 -1.591300010681e+01 -2.911170005798e+01
     vertex 3.389429855347e+01 -1.319299983978e+01 -2.378300094604e+01
   endloop
 endfacet
 facet normal 1.444058127129e-01 -9.873218999603e-01 -6.589709487853e-02
   outer loop
     vertex 2.719630050659e+01 -1.340299987793e+01 -3.531449890137e+01
     vertex 3.389429855347e+01 -1.319299983978e+01 -2.378300094604e+01
     vertex 2.314450073242e+01 -1.431830024719e+01 -3.047979927063e+01
   endloop
 endfacet
 facet normal -5.856856978860e-01 -8.073783317311e-01 7.150169748279e-02
   outer loop
     vertex 1.750639915466e+01 -9.655900001526e+00 -2.401609992981e+01
     vertex 2.314450073242e+01 -1.431830024719e+01 -3.047979927063e+01
     vertex 2.222739982605e+01 -1.235910034180e+01 -1.586919975281e+01
   endloop
 endfacet
 facet normal -3.888076191357e-02 -9.933595860682e-01 -1.082821274242e-01
   outer loop
     vertex 2.222739982605e+01 -1.235910034180e+01 -1.586919975281e+01
     vertex 1.675860023499e+01 -1.253129959106e+01 -1.232579994202e+01
     vertex 1.228520011902e+01 -1.177149963379e+01 -1.768980026245e+01
   endloop
 endfacet
 facet normal -7.299747045933e-02 -9.941233672547e-01 -7.993810095706e-02
   outer loop
     vertex 1.228520011902e+01 -1.177149963379e+01 -1.768980026245e+01
     vertex 1.675860023499e+01 -1.253129959106e+01 -1.232579994202e+01
     vertex 6.364200115204e+00 -1.235519981384e+01 -5.023900032043e+00
   endloop
 endfacet
 facet normal 3.027548885610e-01 -9.369149619392e-01 -1.747278785623e-01
   outer loop
     vertex 6.364200115204e+00 -1.235519981384e+01 -5.023900032043e+00
     vertex 6.799600124359e+00 -1.235429954529e+01 -4.274300098419e+00
     vertex 4.268000125885e+00 -1.351589965820e+01 -2.432199954987e+00
   endloop
 endfacet
 facet normal 7.113034293781e-01 -6.251953107381e-01 -3.212137213540e-01
   outer loop
     vertex 4.268000125885e+00 -1.351589965820e+01 -2.432199954987e+00
     vertex 1.401399970055e+00 -1.806850051880e+01 8.089999854565e-02
     vertex 9.365000128746e-01 -1.814520072937e+01 -7.993000149727e-01
   endloop
 endfacet
 facet normal 3.755493516151e-02 -9.969530339004e-01 6.836867003147e-02
   outer loop
     vertex 1.675860023499e+01 -1.253129959106e+01 -1.232579994202e+01
     vertex 2.041880035400e+01 -1.196300029755e+01 -6.049399852753e+00
     vertex 6.799600124359e+00 -1.235429954529e+01 -4.274300098419e+00
   endloop
 endfacet
 facet normal 6.628388408173e-02 -9.963449396976e-01 5.388142397915e-02
   outer loop
     vertex 1.675860023499e+01 -1.253129959106e+01 -1.232579994202e+01
     vertex 2.222739982605e+01 -1.235910034180e+01 -1.586919975281e+01
     vertex 2.598539924622e+01 -1.175920009613e+01 -9.399200439453e+00
   endloop
 endfacet
 facet normal 3.697459082372e-02 -9.967945664977e-01 7.094696493972e-02
   outer loop
     vertex 2.873320007324e+01 -1.247049999237e+01 -2.082489967346e+01
     vertex 2.598539924622e+01 -1.175920009613e+01 -9.399200439453e+00
     vertex 2.222739982605e+01 -1.235910034180e+01 -1.586919975281e+01
   endloop
 endfacet
 facet normal 6.169970682578e-02 -9.692519308249e-01 2.382096571715e-01
   outer loop
     vertex 3.928829956055e+01 -1.024820041656e+01 -1.451650047302e+01
     vertex 3.383330154419e+01 -9.996000289917e+00 -1.207740020752e+01
     vertex 2.873320007324e+01 -1.247049999237e+01 -2.082489967346e+01
   endloop
 endfacet
 facet normal 2.902170481173e-01 -8.895380183310e-01 3.528401605909e-01
   outer loop
     vertex 3.966979980469e+01 -1.591300010681e+01 -2.911170005798e+01
     vertex 4.625630187988e+01 -9.266200065613e+00 -1.777210044861e+01
     vertex 3.928829956055e+01 -1.024820041656e+01 -1.451650047302e+01
   endloop
 endfacet
 facet normal -3.150108391666e-01 -7.275654504882e-01 6.094396495663e-01
   outer loop
     vertex 5.423720169067e+01 -1.695509910583e+01 -2.282609939575e+01
     vertex 4.625630187988e+01 -9.266200065613e+00 -1.777210044861e+01
     vertex 3.966979980469e+01 -1.591300010681e+01 -2.911170005798e+01
   endloop
 endfacet
 facet normal 2.357967903274e-01 -9.324279952838e-01 2.738209401825e-01
   outer loop
     vertex 5.396969985962e+01 -2.205680084229e+01 -3.996829986572e+01
     vertex 6.068610000610e+01 -1.722290039062e+01 -2.929140090942e+01
     vertex 5.423720169067e+01 -1.695509910583e+01 -2.282609939575e+01
   endloop
 endfacet
 facet normal -4.122065848307e-01 -7.041793633564e-01 5.781151750692e-01
   outer loop
     vertex 6.485099792480e+01 -2.604129981995e+01 -3.706309890747e+01
     vertex 6.068610000610e+01 -1.722290039062e+01 -2.929140090942e+01
     vertex 5.396969985962e+01 -2.205680084229e+01 -3.996829986572e+01
   endloop
 endfacet
 facet normal -2.181890043095e-01 -7.264870327908e-01 6.516211703016e-01
   outer loop
     vertex 6.601319885254e+01 -3.719749832153e+01 -4.911190032959e+01
     vertex 6.485099792480e+01 -2.604129981995e+01 -3.706309890747e+01
     vertex 5.966730117798e+01 -3.097019958496e+01 -4.429399871826e+01
   endloop
 endfacet
 facet normal 8.115220629030e-01 -5.843211386013e-01 -8.651041781792e-04
   outer loop
     vertex 4.268000125885e+00 -1.351589965820e+01 -2.432199954987e+00
     vertex 9.365000128746e-01 -1.814520072937e+01 -7.993000149727e-01
     vertex 4.065299987793e+00 -1.379619979858e+01 -3.253299951553e+00
   endloop
 endfacet
 facet normal -1.143195037129e-02 -9.999039095770e-01 7.841053714353e-03
   outer loop
     vertex 6.364200115204e+00 -1.235519981384e+01 -5.023900032043e+00
     vertex 1.675860023499e+01 -1.253129959106e+01 -1.232579994202e+01
     vertex 6.799600124359e+00 -1.235429954529e+01 -4.274300098419e+00
   endloop
 endfacet
 facet normal 8.808819510153e-02 -9.865326793410e-01 1.378177872268e-01
   outer loop
     vertex 2.314450073242e+01 -1.431830024719e+01 -3.047979927063e+01
     vertex 2.873320007324e+01 -1.247049999237e+01 -2.082489967346e+01
     vertex 2.222739982605e+01 -1.235910034180e+01 -1.586919975281e+01
   endloop
 endfacet
 facet normal 6.719338610426e-02 -9.964337555135e-01 5.103743466382e-02
   outer loop
     vertex 1.675860023499e+01 -1.253129959106e+01 -1.232579994202e+01
     vertex 2.598539924622e+01 -1.175920009613e+01 -9.399200439453e+00
     vertex 2.041880035400e+01 -1.196300029755e+01 -6.049399852753e+00
   endloop
 endfacet
 facet normal -1.072935894778e-01 -9.278055177240e-01 3.573024026478e-01
   outer loop
     vertex 3.966979980469e+01 -1.591300010681e+01 -2.911170005798e+01
     vertex 3.928829956055e+01 -1.024820041656e+01 -1.451650047302e+01
     vertex 3.389429855347e+01 -1.319299983978e+01 -2.378300094604e+01
   endloop
 endfacet
 facet normal -2.917205399746e-01 -9.155108530198e-01 2.770180581838e-01
   outer loop
     vertex 4.724549865723e+01 -1.836949920654e+01 -3.486330032349e+01
     vertex 5.396969985962e+01 -2.205680084229e+01 -3.996829986572e+01
     vertex 5.423720169067e+01 -1.695509910583e+01 -2.282609939575e+01
   endloop
 endfacet
 facet normal -7.974482847255e-01 -6.017073265728e-01 4.499473677031e-02
   outer loop
     vertex 5.396969985962e+01 -2.205680084229e+01 -3.996829986572e+01
     vertex 4.742300033569e+01 -1.429069995880e+01 -5.214160156250e+01
     vertex 5.545719909668e+01 -2.504570007324e+01 -5.357519912720e+01
   endloop
 endfacet
 facet normal -2.228223414006e-02 -9.794702295491e-01 2.003536160613e-01
   outer loop
     vertex 3.389429855347e+01 -1.319299983978e+01 -2.378300094604e+01
     vertex 2.873320007324e+01 -1.247049999237e+01 -2.082489967346e+01
     vertex 2.314450073242e+01 -1.431830024719e+01 -3.047979927063e+01
   endloop
 endfacet
 facet normal -3.399980612173e-01 -9.392675112025e-01 -4.666755583885e-02
   outer loop
     vertex 3.253160095215e+01 -1.271850013733e+01 -4.140110015869e+01
     vertex 4.724549865723e+01 -1.836949920654e+01 -3.486330032349e+01
     vertex 3.966979980469e+01 -1.591300010681e+01 -2.911170005798e+01
   endloop
 endfacet
 facet normal 6.965420514393e-01 3.563148960875e-01 6.227911892463e-01
   outer loop
     vertex -6.794999837875e-01 -9.472599983215e+00 -3.786000013351e-01
     vertex -2.686399936676e+00 -3.489900112152e+00 -1.556900024414e+00
     vertex -3.002700090408e+00 -3.532099962234e+00 -1.179000020027e+00
   endloop
 endfacet
 facet normal 2.410140087701e-01 -1.090858728156e-01 -9.643715673581e-01
   outer loop
     vertex -3.160700082779e+00 -3.690900087357e+00 -1.652699947357e+00
     vertex -2.686399936676e+00 -3.489900112152e+00 -1.556900024414e+00
     vertex -6.794999837875e-01 -9.472599983215e+00 -3.786000013351e-01
   endloop
 endfacet
 facet normal 8.629223836600e-01 3.563016827711e-01 3.583490904592e-01
   outer loop
     vertex -7.663999795914e-01 -9.472599983215e+00 -1.333000063896e-01
     vertex -3.049499988556e+00 -3.489900112152e+00 -5.839999914169e-01
     vertex -3.223599910736e+00 -3.532099962234e+00 -1.228000000119e-01
   endloop
 endfacet
 facet normal -9.070573017741e-02 -1.091859108785e-01 -9.898741876515e-01
   outer loop
     vertex -7.663999795914e-01 -9.472599983215e+00 -1.333000063896e-01
     vertex -3.528899908066e+00 -3.690900087357e+00 -5.178999900818e-01
     vertex -3.049499988556e+00 -3.489900112152e+00 -5.839999914169e-01
   endloop
 endfacet
 facet normal 9.314720908492e-01 3.563074646788e-01 -7.351689998277e-02
   outer loop
     vertex -2.926500082016e+00 -3.532099962234e+00 1.357100009918e+00
     vertex -7.430999875069e-01 -9.472599983215e+00 2.299000024796e-01
     vertex -2.981300115585e+00 -3.489900112152e+00 8.672999739647e-01
   endloop
 endfacet
 facet normal -5.309930233331e-01 -1.091226979471e-01 -8.403205614313e-01
   outer loop
     vertex -3.378200054169e+00 -3.690900087357e+00 1.144199967384e+00
     vertex -2.981300115585e+00 -3.489900112152e+00 8.672999739647e-01
     vertex -7.430999875069e-01 -9.472599983215e+00 2.299000024796e-01
   endloop
 endfacet
 facet normal 8.593284995298e-01 3.563288451896e-01 -3.668573073850e-01
   outer loop
     vertex -6.309999823570e-01 -9.472599983215e+00 4.548999965191e-01
     vertex -2.549200057983e+00 -3.489900112152e+00 1.772699952126e+00
     vertex -2.341000080109e+00 -3.532099962234e+00 2.219399929047e+00
   endloop
 endfacet
 facet normal -7.711413755663e-01 -1.090835721326e-01 -6.272493548665e-01
   outer loop
     vertex -6.309999823570e-01 -9.472599983215e+00 4.548999965191e-01
     vertex -2.837100028992e+00 -3.690900087357e+00 2.161600112915e+00
     vertex -2.549200057983e+00 -3.489900112152e+00 1.772699952126e+00
   endloop
 endfacet
 facet normal 6.521580328859e-01 3.563257906037e-01 -6.691201918138e-01
   outer loop
     vertex -1.671499967575e+00 -3.489900112152e+00 2.616699934006e+00
     vertex -1.307500004768e+00 -3.532099962234e+00 2.948999881744e+00
     vertex -4.075999855995e-01 -9.472599983215e+00 6.625999808311e-01
   endloop
 endfacet
 facet normal -9.530988123921e-01 -1.091466616320e-01 -2.822935707227e-01
   outer loop
     vertex -4.075999855995e-01 -9.472599983215e+00 6.625999808311e-01
     vertex -1.787600040436e+00 -3.690900087357e+00 3.086400032043e+00
     vertex -1.671499967575e+00 -3.489900112152e+00 2.616699934006e+00
   endloop
 endfacet
 facet normal 3.584153952536e-01 3.563176278845e-01 -8.628882618879e-01
   outer loop
     vertex -5.845999717712e-01 -3.489900112152e+00 3.049400091171e+00
     vertex -1.234999969602e-01 -3.532099962234e+00 3.223500013351e+00
     vertex -1.334999948740e-01 -9.472599983215e+00 7.663000226021e-01
   endloop
 endfacet
 facet normal -9.899167529932e-01 -1.091117766892e-01 9.032963152336e-02
   outer loop
     vertex -1.334999948740e-01 -9.472599983215e+00 7.663000226021e-01
     vertex -5.187000036240e-01 -3.690900087357e+00 3.528800010681e+00
     vertex -5.845999717712e-01 -3.489900112152e+00 3.049400091171e+00
   endloop
 endfacet
 facet normal -2.982663113625e-01 3.563097794893e-01 -8.854832288341e-01
   outer loop
     vertex 4.040000140667e-01 -9.472599983215e+00 6.647999882698e-01
     vertex 1.567399978638e+00 -3.489900112152e+00 2.680299997330e+00
     vertex 2.029099941254e+00 -3.532099962234e+00 2.507800102234e+00
   endloop
 endfacet
 facet normal -6.857061589984e-01 -1.091004596804e-01 7.196555795721e-01
   outer loop
     vertex 1.932600021362e+00 -3.690900087357e+00 2.997800111771e+00
     vertex 1.567399978638e+00 -3.489900112152e+00 2.680299997330e+00
     vertex 4.040000140667e-01 -9.472599983215e+00 6.647999882698e-01
   endloop
 endfacet
 facet normal -7.645498127510e-01 3.562887170034e-01 -5.371423777348e-01
   outer loop
     vertex 7.192000150681e-01 -9.472599983215e+00 2.964999973774e-01
     vertex 2.850100040436e+00 -3.489900112152e+00 1.231799960136e+00
     vertex 3.120100021362e+00 -3.532099962234e+00 8.195000290871e-01
   endloop
 endfacet
 facet normal -1.264251156022e-01 -1.091090328717e-01 9.859573566290e-01
   outer loop
     vertex 3.332400083542e+00 -3.690900087357e+00 1.271399974823e+00
     vertex 2.850100040436e+00 -3.489900112152e+00 1.231799960136e+00
     vertex 7.192000150681e-01 -9.472599983215e+00 2.964999973774e-01
   endloop
 endfacet
 facet normal -9.314428727777e-01 3.563107341402e-01 -7.387039656149e-02
   outer loop
     vertex 7.700999975204e-01 -9.472599983215e+00 -1.101000010967e-01
     vertex 3.080699920654e+00 -3.489900112152e+00 -3.874999880791e-01
     vertex 3.103600025177e+00 -3.532099962234e+00 -8.798000216484e-01
   endloop
 endfacet
 facet normal 3.922433003753e-01 -1.091397202717e-01 9.133639552609e-01
   outer loop
     vertex 3.516099929810e+00 -3.690900087357e+00 -5.985000133514e-01
     vertex 3.080699920654e+00 -3.489900112152e+00 -3.874999880791e-01
     vertex 7.700999975204e-01 -9.472599983215e+00 -1.101000010967e-01
   endloop
 endfacet
 facet normal -8.449855568524e-01 3.563033481453e-01 3.988073881103e-01
   outer loop
     vertex 6.134999990463e-01 -9.472599983215e+00 -4.783000051975e-01
     vertex 2.480600118637e+00 -3.489900112152e+00 -1.867400050163e+00
     vertex 2.255800008774e+00 -3.532099962234e+00 -2.305999994278e+00
   endloop
 endfacet
 facet normal 7.943423412739e-01 -1.091502027410e-01 5.975838670020e-01
   outer loop
     vertex 6.134999990463e-01 -9.472599983215e+00 -4.783000051975e-01
     vertex 2.753599882126e+00 -3.690900087357e+00 -2.266999959946e+00
     vertex 2.480600118637e+00 -3.489900112152e+00 -1.867400050163e+00
   endloop
 endfacet
 facet normal -4.585086336695e-01 3.563144279245e-01 8.141313538388e-01
   outer loop
     vertex 9.430000185966e-01 -3.489900112152e+00 -2.958300113678e+00
     vertex 5.059000253677e-01 -3.532099962234e+00 -3.186000108719e+00
     vertex 2.237000018358e-01 -9.472599983215e+00 -7.450000047684e-01
   endloop
 endfacet
 facet normal 9.936342929275e-01 -1.091471554870e-01 2.788889326367e-02
   outer loop
     vertex 9.430000185966e-01 -3.489900112152e+00 -2.958300113678e+00
     vertex 2.237000018358e-01 -9.472599983215e+00 -7.450000047684e-01
     vertex 9.344999790192e-01 -3.690900087357e+00 -3.442100048065e+00
   endloop
 endfacet
 facet normal -9.921002711897e-02 3.562927529360e-01 9.290924844838e-01
   outer loop
     vertex -7.954999804497e-01 -3.532099962234e+00 -3.126300096512e+00
     vertex -8.929999917746e-02 -9.472599983215e+00 -7.728000283241e-01
     vertex -3.039999902248e-01 -3.489900112152e+00 -3.089999914169e+00
   endloop
 endfacet
 facet normal 9.237115945141e-01 -1.090849980657e-01 -3.672292926187e-01
   outer loop
     vertex -8.929999917746e-02 -9.472599983215e+00 -7.728000283241e-01
     vertex -5.030999779701e-01 -3.690900087357e+00 -3.531100034714e+00
     vertex -3.039999902248e-01 -3.489900112152e+00 -3.089999914169e+00
   endloop
 endfacet
 facet normal 1.597928286062e-01 3.563113672625e-01 9.206022276128e-01
   outer loop
     vertex -1.623100042343e+00 -3.532099962234e+00 -2.787800073624e+00
     vertex -2.978999912739e-01 -9.472599983215e+00 -7.185999751091e-01
     vertex -1.140499949455e+00 -3.489900112152e+00 -2.887900114059e+00
   endloop
 endfacet
 facet normal 7.873824938890e-01 -1.091042168070e-01 -6.067331194126e-01
   outer loop
     vertex -2.978999912739e-01 -9.472599983215e+00 -7.185999751091e-01
     vertex -1.452999949455e+00 -3.690900087357e+00 -3.257299900055e+00
     vertex -1.140499949455e+00 -3.489900112152e+00 -2.887900114059e+00
   endloop
 endfacet
 facet normal -9.270851890955e-01 -2.896801539922e-01 -2.379043096348e-01
   outer loop
     vertex -2.978999912739e-01 -9.472599983215e+00 -7.185999751091e-01
     vertex -1.623100042343e+00 -3.532099962234e+00 -2.787800073624e+00
     vertex -1.452999949455e+00 -3.690900087357e+00 -3.257299900055e+00
   endloop
 endfacet
 facet normal -1.562736409768e-01 9.170787466186e-01 -3.668039280545e-01
   outer loop
     vertex -1.140499949455e+00 -3.489900112152e+00 -2.887900114059e+00
     vertex -1.452999949455e+00 -3.690900087357e+00 -3.257299900055e+00
     vertex -1.623100042343e+00 -3.532099962234e+00 -2.787800073624e+00
   endloop
 endfacet
 facet normal -8.262215139656e-01 -2.896460575482e-01 -4.831802678164e-01
   outer loop
     vertex -8.929999917746e-02 -9.472599983215e+00 -7.728000283241e-01
     vertex -7.954999804497e-01 -3.532099962234e+00 -3.126300096512e+00
     vertex -5.030999779701e-01 -3.690900087357e+00 -3.531100034714e+00
   endloop
 endfacet
 facet normal -4.952846607923e-02 9.171076808391e-01 -3.955507967300e-01
   outer loop
     vertex -3.039999902248e-01 -3.489900112152e+00 -3.089999914169e+00
     vertex -5.030999779701e-01 -3.690900087357e+00 -3.531100034714e+00
     vertex -7.954999804497e-01 -3.532099962234e+00 -3.126300096512e+00
   endloop
 endfacet
 facet normal -5.677495215805e-01 -2.896577721137e-01 -7.705574967510e-01
   outer loop
     vertex 5.059000253677e-01 -3.532099962234e+00 -3.186000108719e+00
     vertex 9.344999790192e-01 -3.690900087357e+00 -3.442100048065e+00
     vertex 2.237000018358e-01 -9.472599983215e+00 -7.450000047684e-01
   endloop
 endfacet
 facet normal 1.109569716187e-01 9.170772999526e-01 -3.829592358996e-01
   outer loop
     vertex 9.430000185966e-01 -3.489900112152e+00 -2.958300113678e+00
     vertex 9.344999790192e-01 -3.690900087357e+00 -3.442100048065e+00
     vertex 5.059000253677e-01 -3.532099962234e+00 -3.186000108719e+00
   endloop
 endfacet
 facet normal -1.741475124307e-02 -2.896185297535e-01 -9.569837165086e-01
   outer loop
     vertex 6.134999990463e-01 -9.472599983215e+00 -4.783000051975e-01
     vertex 2.255800008774e+00 -3.532099962234e+00 -2.305999994278e+00
     vertex 2.753599882126e+00 -3.690900087357e+00 -2.266999959946e+00
   endloop
 endfacet
 facet normal 3.120006038777e-01 9.171021388861e-01 -2.481517479899e-01
   outer loop
     vertex 2.753599882126e+00 -3.690900087357e+00 -2.266999959946e+00
     vertex 2.255800008774e+00 -3.532099962234e+00 -2.305999994278e+00
     vertex 2.480600118637e+00 -3.489900112152e+00 -1.867400050163e+00
   endloop
 endfacet
 facet normal 4.606377497665e-01 -2.896513334460e-01 -8.389964055483e-01
   outer loop
     vertex 3.103600025177e+00 -3.532099962234e+00 -8.798000216484e-01
     vertex 3.516099929810e+00 -3.690900087357e+00 -5.985000133514e-01
     vertex 7.700999975204e-01 -9.472599983215e+00 -1.101000010967e-01
   endloop
 endfacet
 facet normal 3.941486097745e-01 9.170679506422e-01 -6.027642422856e-02
   outer loop
     vertex 3.516099929810e+00 -3.690900087357e+00 -5.985000133514e-01
     vertex 3.103600025177e+00 -3.532099962234e+00 -8.798000216484e-01
     vertex 3.080699920654e+00 -3.489900112152e+00 -3.874999880791e-01
   endloop
 endfacet
 facet normal 8.230989291817e-01 -2.896567912198e-01 -4.884742532418e-01
   outer loop
     vertex 7.192000150681e-01 -9.472599983215e+00 2.964999973774e-01
     vertex 3.120100021362e+00 -3.532099962234e+00 8.195000290871e-01
     vertex 3.332400083542e+00 -3.690900087357e+00 1.271399974823e+00
   endloop
 endfacet
 facet normal 3.700124381367e-01 9.170910765313e-01 1.484410757532e-01
   outer loop
     vertex 3.120100021362e+00 -3.532099962234e+00 8.195000290871e-01
     vertex 2.850100040436e+00 -3.489900112152e+00 1.231799960136e+00
     vertex 3.332400083542e+00 -3.690900087357e+00 1.271399974823e+00
   endloop
 endfacet
 facet normal 9.525323108283e-01 -2.896531292775e-01 9.371905637513e-02
   outer loop
     vertex 1.932600021362e+00 -3.690900087357e+00 2.997800111771e+00
     vertex 4.040000140667e-01 -9.472599983215e+00 6.647999882698e-01
     vertex 2.029099941254e+00 -3.532099962234e+00 2.507800102234e+00
   endloop
 endfacet
 facet normal 2.103470002742e-01 9.171019690297e-01 3.386415773019e-01
   outer loop
     vertex 1.932600021362e+00 -3.690900087357e+00 2.997800111771e+00
     vertex 2.029099941254e+00 -3.532099962234e+00 2.507800102234e+00
     vertex 1.567399978638e+00 -3.489900112152e+00 2.680299997330e+00
   endloop
 endfacet
 facet normal 6.553117878582e-01 -2.896602753241e-01 6.976126329083e-01
   outer loop
     vertex -1.234999969602e-01 -3.532099962234e+00 3.223500013351e+00
     vertex -5.187000036240e-01 -3.690900087357e+00 3.528800010681e+00
     vertex -1.334999948740e-01 -9.472599983215e+00 7.663000226021e-01
   endloop
 endfacet
 facet normal -6.460375998538e-02 9.170966679330e-01 3.933955463169e-01
   outer loop
     vertex -1.234999969602e-01 -3.532099962234e+00 3.223500013351e+00
     vertex -5.845999717712e-01 -3.489900112152e+00 3.049400091171e+00
     vertex -5.187000036240e-01 -3.690900087357e+00 3.528800010681e+00
   endloop
 endfacet
 facet normal 3.506796835835e-01 -2.896457674562e-01 8.905779521842e-01
   outer loop
     vertex -1.307500004768e+00 -3.532099962234e+00 2.948999881744e+00
     vertex -1.787600040436e+00 -3.690900087357e+00 3.086400032043e+00
     vertex -4.075999855995e-01 -9.472599983215e+00 6.625999808311e-01
   endloop
 endfacet
 facet normal -2.055634122387e-01 9.170761579774e-01 3.416357768415e-01
   outer loop
     vertex -1.307500004768e+00 -3.532099962234e+00 2.948999881744e+00
     vertex -1.671499967575e+00 -3.489900112152e+00 2.616699934006e+00
     vertex -1.787600040436e+00 -3.690900087357e+00 3.086400032043e+00
   endloop
 endfacet
 facet normal -1.877757055019e-02 -2.896467937033e-01 9.569493914213e-01
   outer loop
     vertex -2.837100028992e+00 -3.690900087357e+00 2.161600112915e+00
     vertex -6.309999823570e-01 -9.472599983215e+00 4.548999965191e-01
     vertex -2.341000080109e+00 -3.532099962234e+00 2.219399929047e+00
   endloop
 endfacet
 facet normal -3.210901444654e-01 9.170967747371e-01 2.362935142867e-01
   outer loop
     vertex -2.549200057983e+00 -3.489900112152e+00 1.772699952126e+00
     vertex -2.837100028992e+00 -3.690900087357e+00 2.161600112915e+00
     vertex -2.341000080109e+00 -3.532099962234e+00 2.219399929047e+00
   endloop
 endfacet
 facet normal -3.228620689198e-01 -2.896368639583e-01 9.010386071025e-01
   outer loop
     vertex -2.926500082016e+00 -3.532099962234e+00 1.357100009918e+00
     vertex -3.378200054169e+00 -3.690900087357e+00 1.144199967384e+00
     vertex -7.430999875069e-01 -9.472599983215e+00 2.299000024796e-01
   endloop
 endfacet
 facet normal -3.796824792134e-01 9.171042311932e-01 1.214950373718e-01
   outer loop
     vertex -2.981300115585e+00 -3.489900112152e+00 8.672999739647e-01
     vertex -3.378200054169e+00 -3.690900087357e+00 1.144199967384e+00
     vertex -2.926500082016e+00 -3.532099962234e+00 1.357100009918e+00
   endloop
 endfacet
 facet normal -6.975153978993e-01 -2.896753768530e-01 6.554086097531e-01
   outer loop
     vertex -7.663999795914e-01 -9.472599983215e+00 -1.333000063896e-01
     vertex -3.223599910736e+00 -3.532099962234e+00 -1.228000000119e-01
     vertex -3.528899908066e+00 -3.690900087357e+00 -5.178999900818e-01
   endloop
 endfacet
 facet normal -3.934179620089e-01 9.170873832174e-01 -6.459906123381e-02
   outer loop
     vertex -3.049499988556e+00 -3.489900112152e+00 -5.839999914169e-01
     vertex -3.528899908066e+00 -3.690900087357e+00 -5.178999900818e-01
     vertex -3.223599910736e+00 -3.532099962234e+00 -1.228000000119e-01
   endloop
 endfacet
 facet normal -8.745994228367e-01 -2.896489591932e-01 3.888178622594e-01
   outer loop
     vertex -6.794999837875e-01 -9.472599983215e+00 -3.786000013351e-01
     vertex -3.002700090408e+00 -3.532099962234e+00 -1.179000020027e+00
     vertex -3.160700082779e+00 -3.690900087357e+00 -1.652699947357e+00
   endloop
 endfacet
 facet normal -3.501382303411e-01 9.170903569965e-01 -1.906528173348e-01
   outer loop
     vertex -2.686399936676e+00 -3.489900112152e+00 -1.556900024414e+00
     vertex -3.160700082779e+00 -3.690900087357e+00 -1.652699947357e+00
     vertex -3.002700090408e+00 -3.532099962234e+00 -1.179000020027e+00
   endloop
 endfacet
 facet normal -6.030314937556e-01 7.490303427527e-01 -2.744204131886e-01
   outer loop
     vertex -3.722300052643e+00 -2.894200086594e+00 -4.270699977875e+00
     vertex -4.446300029755e+00 -3.583400011063e+00 -4.560900211334e+00
     vertex -4.163799762726e+00 -3.046200037003e+00 -3.715399980545e+00
   endloop
 endfacet
 facet normal -8.589286205930e-01 -2.509169626860e-01 4.464104642172e-01
   outer loop
     vertex -4.566000103951e-01 -9.902099609375e+00 -4.359999895096e-01
     vertex -4.163799762726e+00 -3.046200037003e+00 -3.715399980545e+00
     vertex -4.446300029755e+00 -3.583400011063e+00 -4.560900211334e+00
   endloop
 endfacet
 facet normal -6.586967746224e-01 7.490243149460e-01 7.128207854543e-02
   outer loop
     vertex -5.379300117493e+00 -2.894200086594e+00 -1.776999950409e+00
     vertex -6.150100231171e+00 -3.583400011063e+00 -1.657699942589e+00
     vertex -5.476099967957e+00 -3.046200037003e+00 -1.074300050735e+00
   endloop
 endfacet
 facet normal -5.114249735636e-01 -2.509043760988e-01 8.218828934039e-01
   outer loop
     vertex -5.476099967957e+00 -3.046200037003e+00 -1.074300050735e+00
     vertex -6.150100231171e+00 -3.583400011063e+00 -1.657699942589e+00
     vertex -6.150000095367e-01 -9.902099609375e+00 -1.423999965191e-01
   endloop
 endfacet
 facet normal -5.359130748795e-01 7.490047419688e-01 3.896011713039e-01
   outer loop
     vertex -5.550199985504e+00 -2.894200086594e+00 1.135599970818e+00
     vertex -6.159399986267e+00 -3.583400011063e+00 1.622599959373e+00
     vertex -5.284500122070e+00 -3.046200037003e+00 1.793300032616e+00
   endloop
 endfacet
 facet normal -3.465901469290e-02 -2.509469543103e-01 9.673801625126e-01
   outer loop
     vertex -6.159399986267e+00 -3.583400011063e+00 1.622599959373e+00
     vertex -6.043000221252e-01 -9.902099609375e+00 1.825000047684e-01
     vertex -5.284500122070e+00 -3.046200037003e+00 1.793300032616e+00
   endloop
 endfacet
 facet normal -2.042237302334e-01 7.490255565431e-01 6.302804008176e-01
   outer loop
     vertex -3.219000101089e+00 -3.046200037003e+00 4.558499813080e+00
     vertex -3.820699930191e+00 -2.894200086594e+00 4.182899951935e+00
     vertex -4.026999950409e+00 -3.583400011063e+00 4.935100078583e+00
   endloop
 endfacet
 facet normal 5.409752628915e-01 -2.509275376487e-01 8.027335397185e-01
   outer loop
     vertex -3.219000101089e+00 -3.046200037003e+00 4.558499813080e+00
     vertex -4.026999950409e+00 -3.583400011063e+00 4.935100078583e+00
     vertex -3.813999891281e-01 -9.902099609375e+00 5.030999779701e-01
   endloop
 endfacet
 facet normal 2.503163345360e-01 7.490100082218e-01 6.134539430536e-01
   outer loop
     vertex 1.041999980807e-01 -3.583400011063e+00 6.368700027466e+00
     vertex 4.788999855518e-01 -3.046200037003e+00 5.559899806976e+00
     vertex -2.231999933720e-01 -2.894200086594e+00 5.660799980164e+00
   endloop
 endfacet
 facet normal 9.311135798188e-01 -2.509036669306e-01 2.647165491572e-01
   outer loop
     vertex 3.290000185370e-02 -9.902099609375e+00 6.305000185966e-01
     vertex 4.788999855518e-01 -3.046200037003e+00 5.559899806976e+00
     vertex 1.041999980807e-01 -3.583400011063e+00 6.368700027466e+00
   endloop
 endfacet
 facet normal 5.995445669909e-01 7.490370657070e-01 2.819393310425e-01
   outer loop
     vertex 4.116799831390e+00 -3.046200037003e+00 3.767400026321e+00
     vertex 3.668400049210e+00 -2.894200086594e+00 4.317100048065e+00
     vertex 4.388700008392e+00 -3.583400011063e+00 4.616399765015e+00
   endloop
 endfacet
 facet normal 8.644572176347e-01 -2.509096418747e-01 -4.356122937814e-01
   outer loop
     vertex 4.510000050068e-01 -9.902099609375e+00 4.417000114918e-01
     vertex 4.116799831390e+00 -3.046200037003e+00 3.767400026321e+00
     vertex 4.388700008392e+00 -3.583400011063e+00 4.616399765015e+00
   endloop
 endfacet
 facet normal 6.448288120417e-01 7.490124184936e-01 -1.522373150815e-01
   outer loop
     vertex 6.307899951935e+00 -3.583400011063e+00 8.841999769211e-01
     vertex 5.566899776459e+00 -3.046200037003e+00 3.885999917984e-01
     vertex 5.557799816132e+00 -2.894200086594e+00 1.097900032997e+00
   endloop
 endfacet
 facet normal 4.058595280947e-01 -2.509272117136e-01 -8.788137333226e-01
   outer loop
     vertex 5.566899776459e+00 -3.046200037003e+00 3.885999917984e-01
     vertex 6.307899951935e+00 -3.583400011063e+00 8.841999769211e-01
     vertex 6.279000043869e-01 -9.902099609375e+00 6.520000100136e-02
   endloop
 endfacet
 facet normal 5.048526468297e-01 7.490003408905e-01 -4.290947381814e-01
   outer loop
     vertex 6.018799781799e+00 -3.583400011063e+00 -2.084500074387e+00
     vertex 5.133500099182e+00 -3.046200037003e+00 -2.188400030136e+00
     vertex 5.448299884796e+00 -2.894200086594e+00 -1.552700042725e+00
   endloop
 endfacet
 facet normal -3.874259874628e-02 -2.509199602799e-01 -9.672322288755e-01
   outer loop
     vertex 5.888000130653e-01 -9.902099609375e+00 -2.277999967337e-01
     vertex 5.133500099182e+00 -3.046200037003e+00 -2.188400030136e+00
     vertex 6.018799781799e+00 -3.583400011063e+00 -2.084500074387e+00
   endloop
 endfacet
 facet normal 2.534917703247e-01 7.490062526630e-01 -6.121532127249e-01
   outer loop
     vertex 4.139999866486e+00 -2.894200086594e+00 -3.867199897766e+00
     vertex 4.405099868774e+00 -3.583400011063e+00 -4.600699901581e+00
     vertex 3.569799900055e+00 -3.046200037003e+00 -4.289299964905e+00
   endloop
 endfacet
 facet normal -4.756841778865e-01 -2.509502079171e-01 -8.430590466004e-01
   outer loop
     vertex 3.569799900055e+00 -3.046200037003e+00 -4.289299964905e+00
     vertex 4.405099868774e+00 -3.583400011063e+00 -4.600699901581e+00
     vertex 4.199999868870e-01 -9.902099609375e+00 -4.713000059128e-01
   endloop
 endfacet
 facet normal 6.032969081641e-02 7.490348746182e-01 -6.597780573888e-01
   outer loop
     vertex 2.805000066757e+00 -2.894200086594e+00 -4.921999931335e+00
     vertex 2.840399980545e+00 -3.583400011063e+00 -5.701200008392e+00
     vertex 2.135299921036e+00 -3.046200037003e+00 -5.155799865723e+00
   endloop
 endfacet
 facet normal -7.045951116092e-01 -2.509137747744e-01 -6.637680365345e-01
   outer loop
     vertex 2.612000107765e-01 -9.902099609375e+00 -5.748000144958e-01
     vertex 2.135299921036e+00 -3.046200037003e+00 -5.155799865723e+00
     vertex 2.840399980545e+00 -3.583400011063e+00 -5.701200008392e+00
   endloop
 endfacet
 facet normal -1.780997263245e-01 7.489852443078e-01 -6.382018421255e-01
   outer loop
     vertex 8.727999925613e-01 -2.894200086594e+00 -5.597599983215e+00
     vertex 6.290000081062e-01 -3.583400011063e+00 -6.338399887085e+00
     vertex 1.636999994516e-01 -3.046200037003e+00 -5.578100204468e+00
   endloop
 endfacet
 facet normal -8.944583293011e-01 -2.509495491832e-01 -3.700927193403e-01
   outer loop
     vertex 3.990000113845e-02 -9.902099609375e+00 -6.301000118256e-01
     vertex 1.636999994516e-01 -3.046200037003e+00 -5.578100204468e+00
     vertex 6.290000081062e-01 -3.583400011063e+00 -6.338399887085e+00
   endloop
 endfacet
 facet normal -4.156522533544e-01 7.490069330753e-01 -5.159668773154e-01
   outer loop
     vertex -1.408499956131e+00 -2.894200086594e+00 -5.487299919128e+00
     vertex -1.924999952316e+00 -3.583400011063e+00 -6.071700096130e+00
     vertex -2.052200078964e+00 -3.046200037003e+00 -5.189400196075e+00
   endloop
 endfacet
 facet normal -9.679203614999e-01 -2.509088801130e-01 1.322526651029e-02
   outer loop
     vertex -2.122000008821e-01 -9.902099609375e+00 -5.946000218391e-01
     vertex -2.052200078964e+00 -3.046200037003e+00 -5.189400196075e+00
     vertex -1.924999952316e+00 -3.583400011063e+00 -6.071700096130e+00
   endloop
 endfacet
 facet normal 8.409316629483e-01 -2.058517226837e-01 -5.004587960254e-01
   outer loop
     vertex -2.122000008821e-01 -9.902099609375e+00 -5.946000218391e-01
     vertex -1.924999952316e+00 -3.583400011063e+00 -6.071700096130e+00
     vertex -1.408499956131e+00 -2.894200086594e+00 -5.487299919128e+00
   endloop
 endfacet
 facet normal 2.236226287799e-01 5.833339697940e-01 7.808421092526e-01
   outer loop
     vertex -2.052200078964e+00 -3.046200037003e+00 -5.189400196075e+00
     vertex -2.122000008821e-01 -9.902099609375e+00 -5.946000218391e-01
     vertex -1.408499956131e+00 -2.894200086594e+00 -5.487299919128e+00
   endloop
 endfacet
 facet normal 9.702022745175e-01 -2.058740663057e-01 -1.277631220026e-01
   outer loop
     vertex 8.727999925613e-01 -2.894200086594e+00 -5.597599983215e+00
     vertex 3.990000113845e-02 -9.902099609375e+00 -6.301000118256e-01
     vertex 6.290000081062e-01 -3.583400011063e+00 -6.338399887085e+00
   endloop
 endfacet
 facet normal -1.028855498869e-01 5.833350590626e-01 8.056890048231e-01
   outer loop
     vertex 1.636999994516e-01 -3.046200037003e+00 -5.578100204468e+00
     vertex 3.990000113845e-02 -9.902099609375e+00 -6.301000118256e-01
     vertex 8.727999925613e-01 -2.894200086594e+00 -5.597599983215e+00
   endloop
 endfacet
 facet normal 9.522767934349e-01 -2.058723216753e-01 2.253563752225e-01
   outer loop
     vertex 2.612000107765e-01 -9.902099609375e+00 -5.748000144958e-01
     vertex 2.840399980545e+00 -3.583400011063e+00 -5.701200008392e+00
     vertex 2.805000066757e+00 -2.894200086594e+00 -4.921999931335e+00
   endloop
 endfacet
 facet normal -3.825392932385e-01 5.833307042615e-01 7.165116737321e-01
   outer loop
     vertex 2.135299921036e+00 -3.046200037003e+00 -5.155799865723e+00
     vertex 2.612000107765e-01 -9.902099609375e+00 -5.748000144958e-01
     vertex 2.805000066757e+00 -2.894200086594e+00 -4.921999931335e+00
   endloop
 endfacet
 facet normal 8.424222048786e-01 -2.058960924833e-01 4.979273318745e-01
   outer loop
     vertex 4.199999868870e-01 -9.902099609375e+00 -4.713000059128e-01
     vertex 4.405099868774e+00 -3.583400011063e+00 -4.600699901581e+00
     vertex 4.139999866486e+00 -2.894200086594e+00 -3.867199897766e+00
   endloop
 endfacet
 facet normal -5.779593731571e-01 5.833398123002e-01 5.706817207213e-01
   outer loop
     vertex 3.569799900055e+00 -3.046200037003e+00 -4.289299964905e+00
     vertex 4.199999868870e-01 -9.902099609375e+00 -4.713000059128e-01
     vertex 4.139999866486e+00 -2.894200086594e+00 -3.867199897766e+00
   endloop
 endfacet
 facet normal 5.225184912208e-01 -2.059057880041e-01 8.273918254363e-01
   outer loop
     vertex 6.018799781799e+00 -3.583400011063e+00 -2.084500074387e+00
     vertex 5.448299884796e+00 -2.894200086594e+00 -1.552700042725e+00
     vertex 5.888000130653e-01 -9.902099609375e+00 -2.277999967337e-01
   endloop
 endfacet
 facet normal -7.746702739203e-01 5.833372897171e-01 2.441384302600e-01
   outer loop
     vertex 5.888000130653e-01 -9.902099609375e+00 -2.277999967337e-01
     vertex 5.448299884796e+00 -2.894200086594e+00 -1.552700042725e+00
     vertex 5.133500099182e+00 -3.046200037003e+00 -2.188400030136e+00
   endloop
 endfacet
 facet normal 8.849545817270e-02 -2.058693947620e-01 9.745698262224e-01
   outer loop
     vertex 5.557799816132e+00 -2.894200086594e+00 1.097900032997e+00
     vertex 6.279000043869e-01 -9.902099609375e+00 6.520000100136e-02
     vertex 6.307899951935e+00 -3.583400011063e+00 8.841999769211e-01
   endloop
 endfacet
 facet normal -8.008835067947e-01 5.833390066106e-01 -1.352819718617e-01
   outer loop
     vertex 6.279000043869e-01 -9.902099609375e+00 6.520000100136e-02
     vertex 5.557799816132e+00 -2.894200086594e+00 1.097900032997e+00
     vertex 5.566899776459e+00 -3.046200037003e+00 3.885999917984e-01
   endloop
 endfacet
 facet normal -5.369468334440e-01 -2.058973621246e-01 8.181041341569e-01
   outer loop
     vertex 4.388700008392e+00 -3.583400011063e+00 4.616399765015e+00
     vertex 3.668400049210e+00 -2.894200086594e+00 4.317100048065e+00
     vertex 4.510000050068e-01 -9.902099609375e+00 4.417000114918e-01
   endloop
 endfacet
 facet normal -5.428866626336e-01 5.833391136581e-01 -6.041436501456e-01
   outer loop
     vertex 4.510000050068e-01 -9.902099609375e+00 4.417000114918e-01
     vertex 3.668400049210e+00 -2.894200086594e+00 4.317100048065e+00
     vertex 4.116799831390e+00 -3.046200037003e+00 3.767400026321e+00
   endloop
 endfacet
 facet normal -9.490690625946e-01 -2.058788699002e-01 2.384990678273e-01
   outer loop
     vertex 3.290000185370e-02 -9.902099609375e+00 6.305000185966e-01
     vertex 1.041999980807e-01 -3.583400011063e+00 6.368700027466e+00
     vertex -2.231999933720e-01 -2.894200086594e+00 5.660799980164e+00
   endloop
 endfacet
 facet normal 9.568292744389e-03 5.833333782431e-01 -8.121764694950e-01
   outer loop
     vertex 3.290000185370e-02 -9.902099609375e+00 6.305000185966e-01
     vertex -2.231999933720e-01 -2.894200086594e+00 5.660799980164e+00
     vertex 4.788999855518e-01 -3.046200037003e+00 5.559899806976e+00
   endloop
 endfacet
 facet normal -8.791859983023e-01 -2.058368643814e-01 -4.297245229805e-01
   outer loop
     vertex -3.813999891281e-01 -9.902099609375e+00 5.030999779701e-01
     vertex -4.026999950409e+00 -3.583400011063e+00 4.935100078583e+00
     vertex -3.820699930191e+00 -2.894200086594e+00 4.182899951935e+00
   endloop
 endfacet
 facet normal 5.310171455591e-01 5.833352771002e-01 -6.146061711476e-01
   outer loop
     vertex -3.813999891281e-01 -9.902099609375e+00 5.030999779701e-01
     vertex -3.820699930191e+00 -2.894200086594e+00 4.182899951935e+00
     vertex -3.219000101089e+00 -3.046200037003e+00 4.558499813080e+00
   endloop
 endfacet
 facet normal -4.583008058540e-01 -2.058580203153e-01 -8.646287335183e-01
   outer loop
     vertex -6.159399986267e+00 -3.583400011063e+00 1.622599959373e+00
     vertex -5.550199985504e+00 -2.894200086594e+00 1.135599970818e+00
     vertex -6.043000221252e-01 -9.902099609375e+00 1.825000047684e-01
   endloop
 endfacet
 facet normal 7.909456348932e-01 5.833401261835e-01 -1.847141029471e-01
   outer loop
     vertex -5.284500122070e+00 -3.046200037003e+00 1.793300032616e+00
     vertex -6.043000221252e-01 -9.902099609375e+00 1.825000047684e-01
     vertex -5.550199985504e+00 -2.894200086594e+00 1.135599970818e+00
   endloop
 endfacet
 facet normal 3.271533005344e-02 -2.058849192451e-01 -9.780291954778e-01
   outer loop
     vertex -6.150000095367e-01 -9.902099609375e+00 -1.423999965191e-01
     vertex -6.150100231171e+00 -3.583400011063e+00 -1.657699942589e+00
     vertex -5.379300117493e+00 -2.894200086594e+00 -1.776999950409e+00
   endloop
 endfacet
 facet normal 7.779849921238e-01 5.833404764852e-01 2.333521813141e-01
   outer loop
     vertex -5.476099967957e+00 -3.046200037003e+00 -1.074300050735e+00
     vertex -6.150000095367e-01 -9.902099609375e+00 -1.423999965191e-01
     vertex -5.379300117493e+00 -2.894200086594e+00 -1.776999950409e+00
   endloop
 endfacet
 facet normal 5.266167982067e-01 -2.059158729242e-01 -8.247868822456e-01
   outer loop
     vertex -4.446300029755e+00 -3.583400011063e+00 -4.560900211334e+00
     vertex -3.722300052643e+00 -2.894200086594e+00 -4.270699977875e+00
     vertex -4.566000103951e-01 -9.902099609375e+00 -4.359999895096e-01
   endloop
 endfacet
 facet normal 5.504198699929e-01 5.833341063967e-01 5.972933006751e-01
   outer loop
     vertex -4.163799762726e+00 -3.046200037003e+00 -3.715399980545e+00
     vertex -4.566000103951e-01 -9.902099609375e+00 -4.359999895096e-01
     vertex -3.722300052643e+00 -2.894200086594e+00 -4.270699977875e+00
   endloop
 endfacet
 facet normal 7.004125194872e-01 7.100089730733e-01 7.286673247075e-02
   outer loop
     vertex -1.267199993134e+00 -9.536000251770e+00 -5.579999834299e-02
     vertex -7.830500125885e+00 -2.943099975586e+00 -1.208600044250e+00
     vertex -7.915100097656e+00 -2.971199989319e+00 -1.216000020504e-01
   endloop
 endfacet
 facet normal -2.296964707126e-01 -3.849662469409e-01 -8.938906644878e-01
   outer loop
     vertex -8.494899749756e+00 -3.654500007629e+00 -7.315000295639e-01
     vertex -7.830500125885e+00 -2.943099975586e+00 -1.208600044250e+00
     vertex -1.267199993134e+00 -9.536000251770e+00 -5.579999834299e-02
   endloop
 endfacet
 facet normal 6.942237091565e-01 7.100146366612e-01 -1.180366780785e-01
   outer loop
     vertex -1.235499978065e+00 -9.536000251770e+00 2.869000136852e-01
     vertex -7.867199897766e+00 -2.943099975586e+00 9.406999945641e-01
     vertex -7.656599998474e+00 -2.971199989319e+00 2.010299921036e+00
   endloop
 endfacet
 facet normal -4.614632875824e-01 -3.849138489787e-01 -7.993078024629e-01
   outer loop
     vertex -7.867199897766e+00 -2.943099975586e+00 9.406999945641e-01
     vertex -1.235499978065e+00 -9.536000251770e+00 2.869000136852e-01
     vertex -8.378899574280e+00 -3.654500007629e+00 1.578699946404e+00
   endloop
 endfacet
 facet normal 6.059462154234e-01 7.100077882514e-01 -3.587730823743e-01
   outer loop
     vertex -1.050999999046e+00 -9.536000251770e+00 7.102000117302e-01
     vertex -7.009099960327e+00 -2.943099975586e+00 3.694600105286e+00
     vertex -6.429500102997e+00 -2.971199989319e+00 4.617899894714e+00
   endloop
 endfacet
 facet normal -7.170175373266e-01 -3.849139211279e-01 -5.811429466905e-01
   outer loop
     vertex -1.050999999046e+00 -9.536000251770e+00 7.102000117302e-01
     vertex -7.258500099182e+00 -3.654500007629e+00 4.473499774933e+00
     vertex -7.009099960327e+00 -2.943099975586e+00 3.694600105286e+00
   endloop
 endfacet
 facet normal 4.895200546168e-01 7.100111715996e-01 -5.062156184194e-01
   outer loop
     vertex -4.979700088501e+00 -2.971199989319e+00 6.153600215912e+00
     vertex -8.258000016212e-01 -9.536000251770e+00 9.628000259399e-01
     vertex -5.782800197601e+00 -2.943099975586e+00 5.416399955750e+00
   endloop
 endfacet
 facet normal -8.451613234059e-01 -3.849468228509e-01 -3.708345736252e-01
   outer loop
     vertex -8.258000016212e-01 -9.536000251770e+00 9.628000259399e-01
     vertex -5.817299842834e+00 -3.654500007629e+00 6.233500003815e+00
     vertex -5.782800197601e+00 -2.943099975586e+00 5.416399955750e+00
   endloop
 endfacet
 facet normal 2.715307636671e-01 7.100125673858e-01 -6.497331748776e-01
   outer loop
     vertex -2.396800041199e+00 -2.971199989319e+00 7.544499874115e+00
     vertex -4.185000061989e-01 -9.536000251770e+00 1.197399973869e+00
     vertex -3.413300037384e+00 -2.943099975586e+00 7.150400161743e+00
   endloop
 endfacet
 facet normal -9.221593928384e-01 -3.849833290707e-01 -3.754850912470e-02
   outer loop
     vertex -3.147799968719e+00 -3.654500007629e+00 7.923900127411e+00
     vertex -3.413300037384e+00 -2.943099975586e+00 7.150400161743e+00
     vertex -4.185000061989e-01 -9.536000251770e+00 1.197399973869e+00
   endloop
 endfacet
 facet normal -1.514794109079e-01 7.100138060095e-01 -6.877022490489e-01
   outer loop
     vertex 2.378299951553e+00 -2.971199989319e+00 7.550399780273e+00
     vertex 3.463000059128e-01 -9.536000251770e+00 1.220199942589e+00
     vertex 1.320099949837e+00 -2.943099975586e+00 7.812500000000e+00
   endloop
 endfacet
 facet normal -7.760412833735e-01 -3.849235093678e-01 4.995936533183e-01
   outer loop
     vertex 3.463000059128e-01 -9.536000251770e+00 1.220199942589e+00
     vertex 1.982100009918e+00 -3.654500007629e+00 8.292699813843e+00
     vertex 1.320099949837e+00 -2.943099975586e+00 7.812500000000e+00
   endloop
 endfacet
 facet normal -5.285012025745e-01 7.100132401718e-01 -4.653683247258e-01
   outer loop
     vertex 6.379199981689e+00 -2.971199989319e+00 4.687200069427e+00
     vertex 1.000200033188e+00 -9.536000251770e+00 7.799999713898e-01
     vertex 5.680200099945e+00 -2.943099975586e+00 5.523900032043e+00
   endloop
 endfacet
 facet normal -3.309588550407e-01 -3.849860245397e-01 8.615404791298e-01
   outer loop
     vertex 5.680200099945e+00 -2.943099975586e+00 5.523900032043e+00
     vertex 1.000200033188e+00 -9.536000251770e+00 7.799999713898e-01
     vertex 6.498099803925e+00 -3.654500007629e+00 5.520199775696e+00
   endloop
 endfacet
 facet normal -6.266700861845e-01 7.100099725710e-01 -3.212015596649e-01
   outer loop
     vertex 7.335700035095e+00 -2.971199989319e+00 2.975199937820e+00
     vertex 1.161299943924e+00 -9.536000251770e+00 5.102000236511e-01
     vertex 6.863800048828e+00 -2.943099975586e+00 3.957999944687e+00
   endloop
 endfacet
 facet normal -1.090416095063e-01 -3.849587098959e-01 9.164697043938e-01
   outer loop
     vertex 6.863800048828e+00 -2.943099975586e+00 3.957999944687e+00
     vertex 1.161299943924e+00 -9.536000251770e+00 5.102000236511e-01
     vertex 7.655700206757e+00 -3.654500007629e+00 3.753400087357e+00
   endloop
 endfacet
 facet normal -7.041267037966e-01 7.100096921299e-01 -9.582383947255e-03
   outer loop
     vertex 7.894000053406e+00 -2.971199989319e+00 -5.913000106812e-01
     vertex 1.267099976540e+00 -9.536000251770e+00 -5.849999934435e-02
     vertex 7.907499790192e+00 -2.943099975586e+00 4.988000094891e-01
   endloop
 endfacet
 facet normal 3.092047757318e-01 -3.849404995022e-01 8.696052084179e-01
   outer loop
     vertex 1.267099976540e+00 -9.536000251770e+00 -5.849999934435e-02
     vertex 8.526200294495e+00 -3.654500007629e+00 -3.610000014305e-02
     vertex 7.907499790192e+00 -2.943099975586e+00 4.988000094891e-01
   endloop
 endfacet
 facet normal -6.153977220447e-01 7.100095604538e-01 3.423040574788e-01
   outer loop
     vertex 6.551400184631e+00 -2.971199989319e+00 -4.443399906158e+00
     vertex 1.069700002670e+00 -9.536000251770e+00 -6.816999912262e-01
     vertex 7.105899810791e+00 -2.943099975586e+00 -3.504800081253e+00
   endloop
 endfacet
 facet normal 7.011396211991e-01 -3.849316059647e-01 6.001923777542e-01
   outer loop
     vertex 1.069700002670e+00 -9.536000251770e+00 -6.816999912262e-01
     vertex 7.376100063324e+00 -3.654500007629e+00 -4.276700019836e+00
     vertex 7.105899810791e+00 -2.943099975586e+00 -3.504800081253e+00
   endloop
 endfacet
 facet normal -4.429316837168e-01 7.100116479856e-01 5.474440458024e-01
   outer loop
     vertex 7.376000285149e-01 -9.536000251770e+00 -1.031900048256e+00
     vertex 5.282100200653e+00 -2.943099975586e+00 -5.905700206757e+00
     vertex 4.416999816895e+00 -2.971199989319e+00 -6.569200038910e+00
   endloop
 endfacet
 facet normal 8.745980804767e-01 -3.849707758788e-01 2.947468394161e-01
   outer loop
     vertex 5.282100200653e+00 -2.943099975586e+00 -5.905700206757e+00
     vertex 7.376000285149e-01 -9.536000251770e+00 -1.031900048256e+00
     vertex 5.244299888611e+00 -3.654500007629e+00 -6.722700119019e+00
   endloop
 endfacet
 facet normal -3.173646527828e-01 7.100096252567e-01 6.286223104591e-01
   outer loop
     vertex 5.030999779701e-01 -9.536000251770e+00 -1.164399981499e+00
     vertex 3.916100025177e+00 -2.943099975586e+00 -6.887800216675e+00
     vertex 2.930399894714e+00 -2.971199989319e+00 -7.353700160980e+00
   endloop
 endfacet
 facet normal 9.171202770322e-01 -3.849463459073e-01 1.034732246956e-01
   outer loop
     vertex 3.916100025177e+00 -2.943099975586e+00 -6.887800216675e+00
     vertex 5.030999779701e-01 -9.536000251770e+00 -1.164399981499e+00
     vertex 3.706700086594e+00 -3.654500007629e+00 -7.678400039673e+00
   endloop
 endfacet
 facet normal 1.788247947683e-02 7.100152157262e-01 7.039592391360e-01
   outer loop
     vertex -1.077999994159e-01 -9.536000251770e+00 -1.263800024986e+00
     vertex 1.906999945641e-01 -2.943099975586e+00 -7.921000003815e+00
     vertex -8.981000185013e-01 -2.971199989319e+00 -7.864999771118e+00
   endloop
 endfacet
 facet normal 8.568996765116e-01 -3.849624119024e-01 -3.428219447710e-01
   outer loop
     vertex -1.077999994159e-01 -9.536000251770e+00 -1.263800024986e+00
     vertex -3.679000139236e-01 -3.654500007629e+00 -8.518400192261e+00
     vertex 1.906999945641e-01 -2.943099975586e+00 -7.921000003815e+00
   endloop
 endfacet
 facet normal 2.593353332749e-01 7.100142631186e-01 6.546945326512e-01
   outer loop
     vertex -5.365999937057e-01 -9.536000251770e+00 -1.149299979210e+00
     vertex -2.550100088120e+00 -2.943099975586e+00 -7.501699924469e+00
     vertex -3.552900075912e+00 -2.971199989319e+00 -7.073999881744e+00
   endloop
 endfacet
 facet normal 6.863024052978e-01 -3.849697154092e-01 -6.170796761361e-01
   outer loop
     vertex -5.365999937057e-01 -9.536000251770e+00 -1.149299979210e+00
     vertex -3.280299901962e+00 -3.654500007629e+00 -7.869999885559e+00
     vertex -2.550100088120e+00 -2.943099975586e+00 -7.501699924469e+00
   endloop
 endfacet
 facet normal 4.190465086020e-01 7.100120872083e-01 5.659353846920e-01
   outer loop
     vertex -8.143000006676e-01 -9.536000251770e+00 -9.725000262260e-01
     vertex -4.394599914551e+00 -2.943099975586e+00 -6.592800140381e+00
     vertex -5.253600120544e+00 -2.971199989319e+00 -5.921500205994e+00
   endloop
 endfacet
 facet normal 5.044493968812e-01 -3.849290676074e-01 -7.728909489036e-01
   outer loop
     vertex -4.394599914551e+00 -2.943099975586e+00 -6.592800140381e+00
     vertex -8.143000006676e-01 -9.536000251770e+00 -9.725000262260e-01
     vertex -5.195000171661e+00 -3.654500007629e+00 -6.760900020599e+00
   endloop
 endfacet
 facet normal 5.949404297887e-01 7.100137462759e-01 3.767311575940e-01
   outer loop
     vertex -1.110200047493e+00 -9.536000251770e+00 -6.133999824524e-01
     vertex -6.476299762726e+00 -2.943099975586e+00 -4.564599990845e+00
     vertex -7.035399913788e+00 -2.971199989319e+00 -3.628700017929e+00
   endloop
 endfacet
 facet normal 1.917626163080e-01 -3.849709277574e-01 -9.027870644667e-01
   outer loop
     vertex -1.110200047493e+00 -9.536000251770e+00 -6.133999824524e-01
     vertex -7.283500194550e+00 -3.654500007629e+00 -4.432700157166e+00
     vertex -6.476299762726e+00 -2.943099975586e+00 -4.564599990845e+00
   endloop
 endfacet
 facet normal -7.258600901686e-01 -3.972066862099e-01 5.615638680779e-01
   outer loop
     vertex -7.283500194550e+00 -3.654500007629e+00 -4.432700157166e+00
     vertex -1.110200047493e+00 -9.536000251770e+00 -6.133999824524e-01
     vertex -7.035399913788e+00 -2.971199989319e+00 -3.628700017929e+00
   endloop
 endfacet
 facet normal -6.480614326345e-01 6.672663799951e-01 -3.671130039374e-01
   outer loop
     vertex -6.476299762726e+00 -2.943099975586e+00 -4.564599990845e+00
     vertex -7.283500194550e+00 -3.654500007629e+00 -4.432700157166e+00
     vertex -7.035399913788e+00 -2.971199989319e+00 -3.628700017929e+00
   endloop
 endfacet
 facet normal -8.795190190076e-01 -3.972567229795e-01 2.619797535143e-01
   outer loop
     vertex -8.143000006676e-01 -9.536000251770e+00 -9.725000262260e-01
     vertex -5.253600120544e+00 -2.971199989319e+00 -5.921500205994e+00
     vertex -5.195000171661e+00 -3.654500007629e+00 -6.760900020599e+00
   endloop
 endfacet
 facet normal -4.720646083680e-01 6.672580776078e-01 -5.761264300425e-01
   outer loop
     vertex -4.394599914551e+00 -2.943099975586e+00 -6.592800140381e+00
     vertex -5.195000171661e+00 -3.654500007629e+00 -6.760900020599e+00
     vertex -5.253600120544e+00 -2.971199989319e+00 -5.921500205994e+00
   endloop
 endfacet
 facet normal -9.173204849567e-01 -3.972430965818e-01 2.685237600298e-02
   outer loop
     vertex -5.365999937057e-01 -9.536000251770e+00 -1.149299979210e+00
     vertex -3.552900075912e+00 -2.971199989319e+00 -7.073999881744e+00
     vertex -3.280299901962e+00 -3.654500007629e+00 -7.869999885559e+00
   endloop
 endfacet
 facet normal -3.079601867177e-01 6.672193981488e-01 -6.782173679070e-01
   outer loop
     vertex -3.280299901962e+00 -3.654500007629e+00 -7.869999885559e+00
     vertex -3.552900075912e+00 -2.971199989319e+00 -7.073999881744e+00
     vertex -2.550100088120e+00 -2.943099975586e+00 -7.501699924469e+00
   endloop
 endfacet
 facet normal -8.703996661656e-01 -3.972502890512e-01 -2.908549964974e-01
   outer loop
     vertex -1.077999994159e-01 -9.536000251770e+00 -1.263800024986e+00
     vertex -8.981000185013e-01 -2.971199989319e+00 -7.864999771118e+00
     vertex -3.679000139236e-01 -3.654500007629e+00 -8.518400192261e+00
   endloop
 endfacet
 facet normal -5.542323998673e-02 6.672564557312e-01 -7.427631431045e-01
   outer loop
     vertex -3.679000139236e-01 -3.654500007629e+00 -8.518400192261e+00
     vertex -8.981000185013e-01 -2.971199989319e+00 -7.864999771118e+00
     vertex 1.906999945641e-01 -2.943099975586e+00 -7.921000003815e+00
   endloop
 endfacet
 facet normal -6.291292294027e-01 -3.972757611432e-01 -6.681080618577e-01
   outer loop
     vertex 2.930399894714e+00 -2.971199989319e+00 -7.353700160980e+00
     vertex 3.706700086594e+00 -3.654500007629e+00 -7.678400039673e+00
     vertex 5.030999779701e-01 -9.536000251770e+00 -1.164399981499e+00
   endloop
 endfacet
 facet normal 3.026556984369e-01 6.672510779243e-01 -6.805700016990e-01
   outer loop
     vertex 2.930399894714e+00 -2.971199989319e+00 -7.353700160980e+00
     vertex 3.916100025177e+00 -2.943099975586e+00 -6.887800216675e+00
     vertex 3.706700086594e+00 -3.654500007629e+00 -7.678400039673e+00
   endloop
 endfacet
 facet normal -4.739182067751e-01 -3.972504956917e-01 -7.858712216131e-01
   outer loop
     vertex 4.416999816895e+00 -2.971199989319e+00 -6.569200038910e+00
     vertex 5.244299888611e+00 -3.654500007629e+00 -6.722700119019e+00
     vertex 7.376000285149e-01 -9.536000251770e+00 -1.031900048256e+00
   endloop
 endfacet
 facet normal 4.395280237296e-01 6.672419940241e-01 -6.013345472922e-01
   outer loop
     vertex 5.282100200653e+00 -2.943099975586e+00 -5.905700206757e+00
     vertex 5.244299888611e+00 -3.654500007629e+00 -6.722700119019e+00
     vertex 4.416999816895e+00 -2.971199989319e+00 -6.569200038910e+00
   endloop
 endfacet
 facet normal -1.459999369333e-01 -3.972487001662e-01 -9.060228963066e-01
   outer loop
     vertex 1.069700002670e+00 -9.536000251770e+00 -6.816999912262e-01
     vertex 6.551400184631e+00 -2.971199989319e+00 -4.443399906158e+00
     vertex 7.376100063324e+00 -3.654500007629e+00 -4.276700019836e+00
   endloop
 endfacet
 facet normal 6.323825453268e-01 6.672291361043e-01 -3.935703193833e-01
   outer loop
     vertex 7.376100063324e+00 -3.654500007629e+00 -4.276700019836e+00
     vertex 6.551400184631e+00 -2.971199989319e+00 -4.443399906158e+00
     vertex 7.105899810791e+00 -2.943099975586e+00 -3.504800081253e+00
   endloop
 endfacet
 facet normal 3.245097265268e-01 -3.972489894532e-01 -8.584210375847e-01
   outer loop
     vertex 1.267099976540e+00 -9.536000251770e+00 -5.849999934435e-02
     vertex 7.894000053406e+00 -2.971199989319e+00 -5.913000106812e-01
     vertex 8.526200294495e+00 -3.654500007629e+00 -3.610000014305e-02
   endloop
 endfacet
 facet normal 7.443733527812e-01 6.672408845658e-01 -2.641805505878e-02
   outer loop
     vertex 7.907499790192e+00 -2.943099975586e+00 4.988000094891e-01
     vertex 8.526200294495e+00 -3.654500007629e+00 -3.610000014305e-02
     vertex 7.894000053406e+00 -2.971199989319e+00 -5.913000106812e-01
   endloop
 endfacet
 facet normal 6.719103556737e-01 -3.972393185330e-01 -6.250899117327e-01
   outer loop
     vertex 7.655700206757e+00 -3.654500007629e+00 3.753400087357e+00
     vertex 1.161299943924e+00 -9.536000251770e+00 5.102000236511e-01
     vertex 7.335700035095e+00 -2.971199989319e+00 2.975199937820e+00
   endloop
 endfacet
 facet normal 6.786993186363e-01 6.672614252219e-01 3.068051911122e-01
   outer loop
     vertex 6.863800048828e+00 -2.943099975586e+00 3.957999944687e+00
     vertex 7.655700206757e+00 -3.654500007629e+00 3.753400087357e+00
     vertex 7.335700035095e+00 -2.971199989319e+00 2.975199937820e+00
   endloop
 endfacet
 facet normal 8.049530021391e-01 -3.972349515259e-01 -4.407437550703e-01
   outer loop
     vertex 6.498099803925e+00 -3.654500007629e+00 5.520199775696e+00
     vertex 1.000200033188e+00 -9.536000251770e+00 7.799999713898e-01
     vertex 6.379199981689e+00 -2.971199989319e+00 4.687200069427e+00
   endloop
 endfacet
 facet normal 5.824754941834e-01 6.672601004900e-01 4.642049730129e-01
   outer loop
     vertex 6.379199981689e+00 -2.971199989319e+00 4.687200069427e+00
     vertex 5.680200099945e+00 -2.943099975586e+00 5.523900032043e+00
     vertex 6.498099803925e+00 -3.654500007629e+00 5.520199775696e+00
   endloop
 endfacet
 facet normal 9.098334585617e-01 -3.972652683519e-01 1.199307476962e-01
   outer loop
     vertex 2.378299951553e+00 -2.971199989319e+00 7.550399780273e+00
     vertex 1.982100009918e+00 -3.654500007629e+00 8.292699813843e+00
     vertex 3.463000059128e-01 -9.536000251770e+00 1.220199942589e+00
   endloop
 endfacet
 facet normal 1.957219243996e-01 6.672379378901e-01 7.186699260088e-01
   outer loop
     vertex 1.320099949837e+00 -2.943099975586e+00 7.812500000000e+00
     vertex 1.982100009918e+00 -3.654500007629e+00 8.292699813843e+00
     vertex 2.378299951553e+00 -2.971199989319e+00 7.550399780273e+00
   endloop
 endfacet
 facet normal 6.753483277525e-01 -3.972472264294e-01 6.213688737748e-01
   outer loop
     vertex -3.147799968719e+00 -3.654500007629e+00 7.923900127411e+00
     vertex -4.185000061989e-01 -9.536000251770e+00 1.197399973869e+00
     vertex -2.396800041199e+00 -2.971199989319e+00 7.544499874115e+00
   endloop
 endfacet
 facet normal -2.531548029138e-01 6.672063744952e-01 7.005342958019e-01
   outer loop
     vertex -3.413300037384e+00 -2.943099975586e+00 7.150400161743e+00
     vertex -3.147799968719e+00 -3.654500007629e+00 7.923900127411e+00
     vertex -2.396800041199e+00 -2.971199989319e+00 7.544499874115e+00
   endloop
 endfacet
 facet normal 4.027142407999e-01 -3.972262740700e-01 8.246408475485e-01
   outer loop
     vertex -4.979700088501e+00 -2.971199989319e+00 6.153600215912e+00
     vertex -5.817299842834e+00 -3.654500007629e+00 6.233500003815e+00
     vertex -8.258000016212e-01 -9.536000251770e+00 9.628000259399e-01
   endloop
 endfacet
 facet normal -4.908848576759e-01 6.672396242697e-01 5.601993754986e-01
   outer loop
     vertex -4.979700088501e+00 -2.971199989319e+00 6.153600215912e+00
     vertex -5.782800197601e+00 -2.943099975586e+00 5.416399955750e+00
     vertex -5.817299842834e+00 -3.654500007629e+00 6.233500003815e+00
   endloop
 endfacet
 facet normal 1.703358994815e-01 -3.972263584816e-01 9.017743073936e-01
   outer loop
     vertex -7.258500099182e+00 -3.654500007629e+00 4.473499774933e+00
     vertex -1.050999999046e+00 -9.536000251770e+00 7.102000117302e-01
     vertex -6.429500102997e+00 -2.971199989319e+00 4.617899894714e+00
   endloop
 endfacet
 facet normal -6.214999712827e-01 6.672821306460e-01 4.104538266554e-01
   outer loop
     vertex -7.009099960327e+00 -2.943099975586e+00 3.694600105286e+00
     vertex -7.258500099182e+00 -3.654500007629e+00 4.473499774933e+00
     vertex -6.429500102997e+00 -2.971199989319e+00 4.617899894714e+00
   endloop
 endfacet
 facet normal -1.637729673387e-01 -3.972403608730e-01 9.029831177063e-01
   outer loop
     vertex -7.656599998474e+00 -2.971199989319e+00 2.010299921036e+00
     vertex -8.378899574280e+00 -3.654500007629e+00 1.578699946404e+00
     vertex -1.235499978065e+00 -9.536000251770e+00 2.869000136852e-01
   endloop
 endfacet
 facet normal -7.272744835524e-01 6.672619665548e-01 1.607273889636e-01
   outer loop
     vertex -8.378899574280e+00 -3.654500007629e+00 1.578699946404e+00
     vertex -7.656599998474e+00 -2.971199989319e+00 2.010299921036e+00
     vertex -7.867199897766e+00 -2.943099975586e+00 9.406999945641e-01
   endloop
 endfacet
 facet normal -4.004495201653e-01 -3.972420960872e-01 8.257353685629e-01
   outer loop
     vertex -7.915100097656e+00 -2.971199989319e+00 -1.216000020504e-01
     vertex -8.494899749756e+00 -3.654500007629e+00 -7.315000295639e-01
     vertex -1.267199993134e+00 -9.536000251770e+00 -5.579999834299e-02
   endloop
 endfacet
 facet normal -7.436805882605e-01 6.672993547141e-01 -4.062947012664e-02
   outer loop
     vertex -8.494899749756e+00 -3.654500007629e+00 -7.315000295639e-01
     vertex -7.915100097656e+00 -2.971199989319e+00 -1.216000020504e-01
     vertex -7.830500125885e+00 -2.943099975586e+00 -1.208600044250e+00
   endloop
 endfacet
 facet normal -5.705076734809e-01 -7.865522663595e-01 2.363398544135e-01
   outer loop
     vertex -6.029000282288e-01 -9.551199913025e+00 0.000000000000e+00
     vertex 0.000000000000e+00 -9.988499641418e+00 0.000000000000e+00
     vertex -4.262999892235e-01 -9.551199913025e+00 4.262999892235e-01
   endloop
 endfacet
 facet normal -2.363398544135e-01 -7.865522663595e-01 -5.705076734809e-01
   outer loop
     vertex 0.000000000000e+00 -9.551199913025e+00 -6.029000282288e-01
     vertex 0.000000000000e+00 -9.988499641418e+00 0.000000000000e+00
     vertex -4.262999892235e-01 -9.551199913025e+00 -4.262999892235e-01
   endloop
 endfacet
 facet normal 5.705076734809e-01 -7.865522663595e-01 -2.363398544135e-01
   outer loop
     vertex 0.000000000000e+00 -9.988499641418e+00 0.000000000000e+00
     vertex 4.262999892235e-01 -9.551199913025e+00 -4.262999892235e-01
     vertex 6.029000282288e-01 -9.551199913025e+00 0.000000000000e+00
   endloop
 endfacet
 facet normal 5.705884843835e-01 7.864835851596e-01 2.363733313286e-01
   outer loop
     vertex 6.029000282288e-01 2.354000091553e+00 0.000000000000e+00
     vertex 0.000000000000e+00 2.791399955750e+00 0.000000000000e+00
     vertex 4.262999892235e-01 2.354000091553e+00 4.262999892235e-01
   endloop
 endfacet
 facet normal 2.363733313286e-01 7.864835851596e-01 -5.705884843835e-01
   outer loop
     vertex 0.000000000000e+00 2.791399955750e+00 0.000000000000e+00
     vertex 4.262999892235e-01 2.354000091553e+00 -4.262999892235e-01
     vertex 0.000000000000e+00 2.354000091553e+00 -6.029000282288e-01
   endloop
 endfacet
 facet normal -5.705884843835e-01 7.864835851596e-01 -2.363733313286e-01
   outer loop
     vertex 0.000000000000e+00 2.791399955750e+00 0.000000000000e+00
     vertex -4.262999892235e-01 2.354000091553e+00 -4.262999892235e-01
     vertex -6.029000282288e-01 2.354000091553e+00 0.000000000000e+00
   endloop
 endfacet
 facet normal -2.363733313286e-01 7.864835851596e-01 5.705884843835e-01
   outer loop
     vertex 0.000000000000e+00 2.354000091553e+00 6.029000282288e-01
     vertex 0.000000000000e+00 2.791399955750e+00 0.000000000000e+00
     vertex -4.262999892235e-01 2.354000091553e+00 4.262999892235e-01
   endloop
 endfacet
 facet normal 8.944134122956e-01 2.506007491906e-01 3.704374608633e-01
   outer loop
     vertex 1.324100017548e+00 -2.177299976349e+00 1.324100017548e+00
     vertex 1.872499942780e+00 -2.177299976349e+00 0.000000000000e+00
     vertex 6.029000282288e-01 2.354000091553e+00 0.000000000000e+00
   endloop
 endfacet
 facet normal 3.704374608633e-01 2.506007491906e-01 -8.944134122956e-01
   outer loop
     vertex 0.000000000000e+00 2.354000091553e+00 -6.029000282288e-01
     vertex 1.324100017548e+00 -2.177299976349e+00 -1.324100017548e+00
     vertex 0.000000000000e+00 -2.177299976349e+00 -1.872499942780e+00
   endloop
 endfacet
 facet normal -8.944134122956e-01 2.506007491906e-01 -3.704374608633e-01
   outer loop
     vertex -1.324100017548e+00 -2.177299976349e+00 -1.324100017548e+00
     vertex -1.872499942780e+00 -2.177299976349e+00 0.000000000000e+00
     vertex -6.029000282288e-01 2.354000091553e+00 0.000000000000e+00
   endloop
 endfacet
 facet normal -3.704374608633e-01 2.506007491906e-01 8.944134122956e-01
   outer loop
     vertex 0.000000000000e+00 2.354000091553e+00 6.029000282288e-01
     vertex -1.324100017548e+00 -2.177299976349e+00 1.324100017548e+00
     vertex 0.000000000000e+00 -2.177299976349e+00 1.872499942780e+00
   endloop
 endfacet
 facet normal 9.238943975187e-01 -0.000000000000e+00 3.826475430911e-01
   outer loop
     vertex 1.872499942780e+00 -5.019800186157e+00 0.000000000000e+00
     vertex 1.872499942780e+00 -2.177299976349e+00 0.000000000000e+00
     vertex 1.324100017548e+00 -2.177299976349e+00 1.324100017548e+00
   endloop
 endfacet
 facet normal 3.826475430911e-01 0.000000000000e+00 -9.238943975187e-01
   outer loop
     vertex 0.000000000000e+00 -2.177299976349e+00 -1.872499942780e+00
     vertex 1.324100017548e+00 -2.177299976349e+00 -1.324100017548e+00
     vertex 0.000000000000e+00 -5.019800186157e+00 -1.872499942780e+00
   endloop
 endfacet
 facet normal -9.238943975187e-01 0.000000000000e+00 -3.826475430911e-01
   outer loop
     vertex -1.872499942780e+00 -5.019800186157e+00 0.000000000000e+00
     vertex -1.872499942780e+00 -2.177299976349e+00 0.000000000000e+00
     vertex -1.324100017548e+00 -2.177299976349e+00 -1.324100017548e+00
   endloop
 endfacet
 facet normal -3.826475430911e-01 0.000000000000e+00 9.238943975187e-01
   outer loop
     vertex 0.000000000000e+00 -2.177299976349e+00 1.872499942780e+00
     vertex -1.324100017548e+00 -2.177299976349e+00 1.324100017548e+00
     vertex 0.000000000000e+00 -5.019800186157e+00 1.872499942780e+00
   endloop
 endfacet
 facet normal 2.363398544135e-01 -7.865522663595e-01 5.705076734809e-01
   outer loop
     vertex 0.000000000000e+00 -9.988499641418e+00 0.000000000000e+00
     vertex 4.262999892235e-01 -9.551199913025e+00 4.262999892235e-01
     vertex 0.000000000000e+00 -9.551199913025e+00 6.029000282288e-01
   endloop
 endfacet
 facet normal -8.943811747670e-01 -2.506108517965e-01 3.705084549431e-01
   outer loop
     vertex -6.029000282288e-01 -9.551199913025e+00 0.000000000000e+00
     vertex -4.262999892235e-01 -9.551199913025e+00 4.262999892235e-01
     vertex -1.324100017548e+00 -5.019800186157e+00 1.324100017548e+00
   endloop
 endfacet
 facet normal -3.705084549431e-01 -2.506108517965e-01 -8.943811747670e-01
   outer loop
     vertex -1.324100017548e+00 -5.019800186157e+00 -1.324100017548e+00
     vertex 0.000000000000e+00 -9.551199913025e+00 -6.029000282288e-01
     vertex -4.262999892235e-01 -9.551199913025e+00 -4.262999892235e-01
   endloop
 endfacet
 facet normal 8.943811747670e-01 -2.506108517965e-01 -3.705084549431e-01
   outer loop
     vertex 6.029000282288e-01 -9.551199913025e+00 0.000000000000e+00
     vertex 4.262999892235e-01 -9.551199913025e+00 -4.262999892235e-01
     vertex 1.324100017548e+00 -5.019800186157e+00 -1.324100017548e+00
   endloop
 endfacet
 facet normal 3.705084549431e-01 -2.506108517965e-01 8.943811747670e-01
   outer loop
     vertex 1.324100017548e+00 -5.019800186157e+00 1.324100017548e+00
     vertex 0.000000000000e+00 -9.551199913025e+00 6.029000282288e-01
     vertex 4.262999892235e-01 -9.551199913025e+00 4.262999892235e-01
   endloop
 endfacet
 facet normal 8.943866988124e-01 -2.505877531958e-01 3.705107433472e-01
   outer loop
     vertex 4.262999892235e-01 -9.551199913025e+00 4.262999892235e-01
     vertex 6.029000282288e-01 -9.551199913025e+00 0.000000000000e+00
     vertex 1.872499942780e+00 -5.019800186157e+00 0.000000000000e+00
   endloop
 endfacet
 facet normal 3.705107433472e-01 -2.505877531958e-01 -8.943866988124e-01
   outer loop
     vertex 0.000000000000e+00 -5.019800186157e+00 -1.872499942780e+00
     vertex 4.262999892235e-01 -9.551199913025e+00 -4.262999892235e-01
     vertex 0.000000000000e+00 -9.551199913025e+00 -6.029000282288e-01
   endloop
 endfacet
 facet normal -8.943866988124e-01 -2.505877531958e-01 -3.705107433472e-01
   outer loop
     vertex -4.262999892235e-01 -9.551199913025e+00 -4.262999892235e-01
     vertex -6.029000282288e-01 -9.551199913025e+00 0.000000000000e+00
     vertex -1.872499942780e+00 -5.019800186157e+00 0.000000000000e+00
   endloop
 endfacet
 facet normal -3.705107433472e-01 -2.505877531958e-01 8.943866988124e-01
   outer loop
     vertex 0.000000000000e+00 -5.019800186157e+00 1.872499942780e+00
     vertex -4.262999892235e-01 -9.551199913025e+00 4.262999892235e-01
     vertex 0.000000000000e+00 -9.551199913025e+00 6.029000282288e-01
   endloop
 endfacet
 facet normal 3.826475430911e-01 0.000000000000e+00 9.238943975187e-01
   outer loop
     vertex 1.324100017548e+00 -2.177299976349e+00 1.324100017548e+00
     vertex 0.000000000000e+00 -2.177299976349e+00 1.872499942780e+00
     vertex 1.324100017548e+00 -5.019800186157e+00 1.324100017548e+00
   endloop
 endfacet
 facet normal -9.238943975187e-01 0.000000000000e+00 3.826475430911e-01
   outer loop
     vertex -1.324100017548e+00 -5.019800186157e+00 1.324100017548e+00
     vertex -1.324100017548e+00 -2.177299976349e+00 1.324100017548e+00
     vertex -1.872499942780e+00 -2.177299976349e+00 0.000000000000e+00
   endloop
 endfacet
 facet normal -3.826475430911e-01 -0.000000000000e+00 -9.238943975187e-01
   outer loop
     vertex -1.324100017548e+00 -2.177299976349e+00 -1.324100017548e+00
     vertex 0.000000000000e+00 -2.177299976349e+00 -1.872499942780e+00
     vertex -1.324100017548e+00 -5.019800186157e+00 -1.324100017548e+00
   endloop
 endfacet
 facet normal 9.238943975187e-01 0.000000000000e+00 -3.826475430911e-01
   outer loop
     vertex 1.324100017548e+00 -5.019800186157e+00 -1.324100017548e+00
     vertex 1.324100017548e+00 -2.177299976349e+00 -1.324100017548e+00
     vertex 1.872499942780e+00 -2.177299976349e+00 0.000000000000e+00
   endloop
 endfacet
 facet normal 2.363733313286e-01 7.864835851596e-01 5.705884843835e-01
   outer loop
     vertex 4.262999892235e-01 2.354000091553e+00 4.262999892235e-01
     vertex 0.000000000000e+00 2.791399955750e+00 0.000000000000e+00
     vertex 0.000000000000e+00 2.354000091553e+00 6.029000282288e-01
   endloop
 endfacet
 facet normal -8.944116336147e-01 2.506081862703e-01 3.704367241905e-01
   outer loop
     vertex -1.872499942780e+00 -2.177299976349e+00 0.000000000000e+00
     vertex -1.324100017548e+00 -2.177299976349e+00 1.324100017548e+00
     vertex -4.262999892235e-01 2.354000091553e+00 4.262999892235e-01
   endloop
 endfacet
 facet normal -3.704367241905e-01 2.506081862703e-01 -8.944116336147e-01
   outer loop
     vertex -4.262999892235e-01 2.354000091553e+00 -4.262999892235e-01
     vertex 0.000000000000e+00 -2.177299976349e+00 -1.872499942780e+00
     vertex -1.324100017548e+00 -2.177299976349e+00 -1.324100017548e+00
   endloop
 endfacet
 facet normal 8.944116336147e-01 2.506081862703e-01 -3.704367241905e-01
   outer loop
     vertex 1.872499942780e+00 -2.177299976349e+00 0.000000000000e+00
     vertex 1.324100017548e+00 -2.177299976349e+00 -1.324100017548e+00
     vertex 4.262999892235e-01 2.354000091553e+00 -4.262999892235e-01
   endloop
 endfacet
 facet normal 3.704367241905e-01 2.506081862703e-01 8.944116336147e-01
   outer loop
     vertex 4.262999892235e-01 2.354000091553e+00 4.262999892235e-01
     vertex 0.000000000000e+00 -2.177299976349e+00 1.872499942780e+00
     vertex 1.324100017548e+00 -2.177299976349e+00 1.324100017548e+00
   endloop
 endfacet
 facet normal -5.705884843835e-01 7.864835851596e-01 2.363733313286e-01
   outer loop
     vertex 0.000000000000e+00 2.791399955750e+00 0.000000000000e+00
     vertex -6.029000282288e-01 2.354000091553e+00 0.000000000000e+00
     vertex -4.262999892235e-01 2.354000091553e+00 4.262999892235e-01
   endloop
 endfacet
 facet normal -2.363733313286e-01 7.864835851596e-01 -5.705884843835e-01
   outer loop
     vertex 0.000000000000e+00 2.791399955750e+00 0.000000000000e+00
     vertex 0.000000000000e+00 2.354000091553e+00 -6.029000282288e-01
     vertex -4.262999892235e-01 2.354000091553e+00 -4.262999892235e-01
   endloop
 endfacet
 facet normal 5.705884843835e-01 7.864835851596e-01 -2.363733313286e-01
   outer loop
     vertex 4.262999892235e-01 2.354000091553e+00 -4.262999892235e-01
     vertex 0.000000000000e+00 2.791399955750e+00 0.000000000000e+00
     vertex 6.029000282288e-01 2.354000091553e+00 0.000000000000e+00
   endloop
 endfacet
 facet normal 5.705076734809e-01 -7.865522663595e-01 2.363398544135e-01
   outer loop
     vertex 0.000000000000e+00 -9.988499641418e+00 0.000000000000e+00
     vertex 6.029000282288e-01 -9.551199913025e+00 0.000000000000e+00
     vertex 4.262999892235e-01 -9.551199913025e+00 4.262999892235e-01
   endloop
 endfacet
 facet normal 2.363398544135e-01 -7.865522663595e-01 -5.705076734809e-01
   outer loop
     vertex 4.262999892235e-01 -9.551199913025e+00 -4.262999892235e-01
     vertex 0.000000000000e+00 -9.988499641418e+00 0.000000000000e+00
     vertex 0.000000000000e+00 -9.551199913025e+00 -6.029000282288e-01
   endloop
 endfacet
 facet normal -5.705076734809e-01 -7.865522663595e-01 -2.363398544135e-01
   outer loop
     vertex -4.262999892235e-01 -9.551199913025e+00 -4.262999892235e-01
     vertex 0.000000000000e+00 -9.988499641418e+00 0.000000000000e+00
     vertex -6.029000282288e-01 -9.551199913025e+00 0.000000000000e+00
   endloop
 endfacet
 facet normal -2.363398544135e-01 -7.865522663595e-01 5.705076734809e-01
   outer loop
     vertex 0.000000000000e+00 -9.988499641418e+00 0.000000000000e+00
     vertex 0.000000000000e+00 -9.551199913025e+00 6.029000282288e-01
     vertex -4.262999892235e-01 -9.551199913025e+00 4.262999892235e-01
   endloop
 endfacet
endsolid
